Chave;TextoOriginal;Idioma;Traducao;Propriedade;Arquivo
"fCadAlugueis.aLista";"Lista";"en-US";"";"Caption";"c:\projetos\AtlasWeb\CadAlugueis.dfm"
"fCadAlugueis.UniTabSheet1";"Dados Gerais";"en-US";"";"Caption";"c:\projetos\AtlasWeb\CadAlugueis.dfm"
"fCadAlugueis.pFicha1";"DADOS GERAIS";"en-US";"";"Title";"c:\projetos\AtlasWeb\CadAlugueis.dfm"
"fCadAlugueis.cCodigo";"Código";"en-US";"";"FieldLabel";"c:\projetos\AtlasWeb\CadAlugueis.dfm"
"fCadAlugueis.cDescricao";"Descrição";"en-US";"";"FieldLabel";"c:\projetos\AtlasWeb\CadAlugueis.dfm"
"fCadAlugueis.cValor";"Valor";"en-US";"";"FieldLabel";"c:\projetos\AtlasWeb\CadAlugueis.dfm"
"fCadAlugueis.cDia_Vencimento";"Dia de Vencimento";"en-US";"";"FieldLabel";"c:\projetos\AtlasWeb\CadAlugueis.dfm"
"fCadAlugueis.cAliquota_COFINS";"Alíquota da COFINS";"en-US";"";"FieldLabel";"c:\projetos\AtlasWeb\CadAlugueis.dfm"
"fCadAlugueis.cAliquota_PIS";"Alíquota do PIS";"en-US";"";"FieldLabel";"c:\projetos\AtlasWeb\CadAlugueis.dfm"
"fCadAlugueis.cInicio";"Data de Inicio";"en-US";"";"FieldLabel";"c:\projetos\AtlasWeb\CadAlugueis.dfm"
"fCadAlugueis.cTermino";"Data de Término";"en-US";"";"FieldLabel";"c:\projetos\AtlasWeb\CadAlugueis.dfm"
"fCadAlugueis.bAdicionar";"Adicionar novo registro.";"en-US";"";"Hint";"c:\projetos\AtlasWeb\CadAlugueis.dfm"
"fCadAlugueis.bEditar";"Editar registro corrente.";"en-US";"";"Hint";"c:\projetos\AtlasWeb\CadAlugueis.dfm"
"fCadAlugueis.bExcluir";"Excluir registro corrente.";"en-US";"";"Hint";"c:\projetos\AtlasWeb\CadAlugueis.dfm"
"fCadAlugueis.bCancelar";"Cancelar modificações feitas no registro corrente.";"en-US";"";"Hint";"c:\projetos\AtlasWeb\CadAlugueis.dfm"
"fCadAlugueis.bSalvar";"Salva o registro corrente.";"en-US";"";"Hint";"c:\projetos\AtlasWeb\CadAlugueis.dfm"
"fCadAlugueis.bFechar";"Fecha a tela de cadastro atual.";"en-US";"";"Hint";"c:\projetos\AtlasWeb\CadAlugueis.dfm"
"fCadBancos.aLista";"Lista";"en-US";"";"Caption";"c:\projetos\AtlasWeb\CadBancos.dfm"
"fCadBancos.UniTabSheet1";"Dados Gerais";"en-US";"";"Caption";"c:\projetos\AtlasWeb\CadBancos.dfm"
"fCadBancos.pFicha1";"DADOS GERAIS";"en-US";"";"Title";"c:\projetos\AtlasWeb\CadBancos.dfm"
"fCadBancos.cCodigo";"Código";"en-US";"";"FieldLabel";"c:\projetos\AtlasWeb\CadBancos.dfm"
"fCadBancos.cNome";"Nome";"en-US";"";"FieldLabel";"c:\projetos\AtlasWeb\CadBancos.dfm"
"fCadBancos.cConta";"Conta Corrente";"en-US";"";"FieldLabel";"c:\projetos\AtlasWeb\CadBancos.dfm"
"fCadBancos.cAgencia";"Agência";"en-US";"";"FieldLabel";"c:\projetos\AtlasWeb\CadBancos.dfm"
"fCadBancos.cSaldo";"Saldo";"en-US";"";"FieldLabel";"c:\projetos\AtlasWeb\CadBancos.dfm"
"fCadBancos.cNumero_Banco";"Código do Banco";"en-US";"";"FieldLabel";"c:\projetos\AtlasWeb\CadBancos.dfm"
"fCadBancos.cCheque";"Nº Último Cheque";"en-US";"";"FieldLabel";"c:\projetos\AtlasWeb\CadBancos.dfm"
"fCadBancos.cCodigo_Destinatario";"Código de Destinatário";"en-US";"";"FieldLabel";"c:\projetos\AtlasWeb\CadBancos.dfm"
"fCadBancos.cData_Fechamento";"Data Fechamento";"en-US";"";"FieldLabel";"c:\projetos\AtlasWeb\CadBancos.dfm"
"fCadBancos.cDesativado";"Desativado";"en-US";"";"Caption";"c:\projetos\AtlasWeb\CadBancos.dfm"
"fCadBancos.cSwift_Code";"Swift Code";"en-US";"";"FieldLabel";"c:\projetos\AtlasWeb\CadBancos.dfm"
"fCadBancos.cIBAN";"Nº IBAN";"en-US";"";"FieldLabel";"c:\projetos\AtlasWeb\CadBancos.dfm"
"fCadBancos.cContaContabil";"Conta Contabil";"en-US";"";"FieldLabel";"c:\projetos\AtlasWeb\CadBancos.dfm"
"fCadBancos.cTipoConta";"Tipo de Conta";"en-US";"";"Caption";"c:\projetos\AtlasWeb\CadBancos.dfm"
"fCadBancos.cDigito_cc";"Digito CC";"en-US";"";"FieldLabel";"c:\projetos\AtlasWeb\CadBancos.dfm"
"fCadBancos.cDigito_ag";"Digito Ag";"en-US";"";"FieldLabel";"c:\projetos\AtlasWeb\CadBancos.dfm"
"fCadBancos.UniDBLookupComboBox1";"Empresa";"en-US";"";"FieldLabel";"c:\projetos\AtlasWeb\CadBancos.dfm"
"fCadBancos.UniTabSheet2";"Dados de Boleto";"en-US";"";"Caption";"c:\projetos\AtlasWeb\CadBancos.dfm"
"fCadBancos.pFicha2";"DADOS GERAIS";"en-US";"";"Title";"c:\projetos\AtlasWeb\CadBancos.dfm"
"fCadBancos.cCarteira";"Carteira Boleto";"en-US";"";"FieldLabel";"c:\projetos\AtlasWeb\CadBancos.dfm"
"fCadBancos.cCodigo_Cedente";"Código Cedente";"en-US";"";"FieldLabel";"c:\projetos\AtlasWeb\CadBancos.dfm"
"fCadBancos.cNome_Boleto";"Nome Impressão Boleto";"en-US";"";"FieldLabel";"c:\projetos\AtlasWeb\CadBancos.dfm"
"fCadBancos.cConvenio";"Convênio";"en-US";"";"FieldLabel";"c:\projetos\AtlasWeb\CadBancos.dfm"
"fCadBancos.cBoleto_LocalPagamento";"Local Pagto.Boleto";"en-US";"";"FieldLabel";"c:\projetos\AtlasWeb\CadBancos.dfm"
"fCadBancos.cBoletos_Remessa";"Nº Última Remessa";"en-US";"";"FieldLabel";"c:\projetos\AtlasWeb\CadBancos.dfm"
"fCadBancos.cNome_Remessa";"Nome arquivo remessa";"en-US";"";"FieldLabel";"c:\projetos\AtlasWeb\CadBancos.dfm"
"fCadBancos.cCarteira_Remessa";"Carteira Remessa";"en-US";"";"FieldLabel";"c:\projetos\AtlasWeb\CadBancos.dfm"
"fCadBancos.cCodigo_Transmissao";"Codigo de Transmissão";"en-US";"";"FieldLabel";"c:\projetos\AtlasWeb\CadBancos.dfm"
"fCadBancos.bAdicionar";"Adicionar novo registro.";"en-US";"";"Hint";"c:\projetos\AtlasWeb\CadBancos.dfm"
"fCadBancos.bEditar";"Editar registro corrente.";"en-US";"";"Hint";"c:\projetos\AtlasWeb\CadBancos.dfm"
"fCadBancos.bExcluir";"Excluir registro corrente.";"en-US";"";"Hint";"c:\projetos\AtlasWeb\CadBancos.dfm"
"fCadBancos.bCancelar";"Cancelar modificações feitas no registro corrente.";"en-US";"";"Hint";"c:\projetos\AtlasWeb\CadBancos.dfm"
"fCadBancos.bSalvar";"Salva o registro corrente.";"en-US";"";"Hint";"c:\projetos\AtlasWeb\CadBancos.dfm"
"fCadBancos.bFechar";"Fecha a tela de cadastro atual.";"en-US";"";"Hint";"c:\projetos\AtlasWeb\CadBancos.dfm"
"fCadBeneficiosFiscais.bAdicionar";"Adicionar novo registro.";"en-US";"";"Hint";"c:\projetos\AtlasWeb\CadBeneficiosFiscais.dfm"
"fCadBeneficiosFiscais.bEditar";"Editar registro corrente.";"en-US";"";"Hint";"c:\projetos\AtlasWeb\CadBeneficiosFiscais.dfm"
"fCadBeneficiosFiscais.bExcluir";"Excluir registro corrente.";"en-US";"";"Hint";"c:\projetos\AtlasWeb\CadBeneficiosFiscais.dfm"
"fCadBeneficiosFiscais.bCancelar";"Cancelar modificações feitas no registro corrente.";"en-US";"";"Hint";"c:\projetos\AtlasWeb\CadBeneficiosFiscais.dfm"
"fCadBeneficiosFiscais.bGravar";"Salva o registro corrente.";"en-US";"";"Hint";"c:\projetos\AtlasWeb\CadBeneficiosFiscais.dfm"
"fCadBeneficiosFiscais.bFechar";"Fecha a tela de cadastro atual.";"en-US";"";"Hint";"c:\projetos\AtlasWeb\CadBeneficiosFiscais.dfm"
"fCadBeneficiosFiscais.aLista";"Lista";"en-US";"";"Caption";"c:\projetos\AtlasWeb\CadBeneficiosFiscais.dfm"
"fCadBeneficiosFiscais.TabSheet1";"Benefícios";"en-US";"";"Caption";"c:\projetos\AtlasWeb\CadBeneficiosFiscais.dfm"
"fCadBeneficiosFiscais.pFicha";"DADOS GERAIS";"en-US";"";"Title";"c:\projetos\AtlasWeb\CadBeneficiosFiscais.dfm"
"fCadBeneficiosFiscais.cCodigo";"Código ";"en-US";"";"FieldLabel";"c:\projetos\AtlasWeb\CadBeneficiosFiscais.dfm"
"fCadBeneficiosFiscais.cNome";"Nome";"en-US";"";"FieldLabel";"c:\projetos\AtlasWeb\CadBeneficiosFiscais.dfm"
"fCadBeneficiosFiscais.GroupBox1";"BC ICMS(Entrada)";"en-US";"";"Caption";"c:\projetos\AtlasWeb\CadBeneficiosFiscais.dfm"
"fCadBeneficiosFiscais.cBCICMSEnt_FOB";"FOB";"en-US";"";"Caption";"c:\projetos\AtlasWeb\CadBeneficiosFiscais.dfm"
"fCadBeneficiosFiscais.cBCICMSEnt_Frete";"Frete";"en-US";"";"Caption";"c:\projetos\AtlasWeb\CadBeneficiosFiscais.dfm"
"fCadBeneficiosFiscais.cBCICMSEnt_Seguro";"Seguro";"en-US";"";"Caption";"c:\projetos\AtlasWeb\CadBeneficiosFiscais.dfm"
"fCadBeneficiosFiscais.cBCICMSEnt_II";"II";"en-US";"";"Caption";"c:\projetos\AtlasWeb\CadBeneficiosFiscais.dfm"
"fCadBeneficiosFiscais.cBCICMSEnt_IPI";"IPI";"en-US";"";"Caption";"c:\projetos\AtlasWeb\CadBeneficiosFiscais.dfm"
"fCadBeneficiosFiscais.cBCICMSEnt_PIS";"PIS";"en-US";"";"Caption";"c:\projetos\AtlasWeb\CadBeneficiosFiscais.dfm"
"fCadBeneficiosFiscais.cBCICMSEnt_COFINS";"COFINS";"en-US";"";"Caption";"c:\projetos\AtlasWeb\CadBeneficiosFiscais.dfm"
"fCadBeneficiosFiscais.cBCICMSEnt_Despesas";"Despesas";"en-US";"";"Caption";"c:\projetos\AtlasWeb\CadBeneficiosFiscais.dfm"
"fCadBeneficiosFiscais.cVencimento_ICMS";"Vencimento ICMS Operacional";"en-US";"";"FieldLabel";"c:\projetos\AtlasWeb\CadBeneficiosFiscais.dfm"
"fCadBeneficiosFiscais.cEstado";"Estado";"en-US";"";"FieldLabel";"c:\projetos\AtlasWeb\CadBeneficiosFiscais.dfm"
"fCadBeneficiosFiscais.cReducaoICMS_Entrada";"Redução BC ICMS Entrada (%)";"en-US";"";"FieldLabel";"c:\projetos\AtlasWeb\CadBeneficiosFiscais.dfm"
"fCadBeneficiosFiscais.cReducaoICMS_Saida";"Redução BC ICMS Saída (%)";"en-US";"";"FieldLabel";"c:\projetos\AtlasWeb\CadBeneficiosFiscais.dfm"
"fCadBeneficiosFiscais.cICMS_Diferido";"ICMS Diferido";"en-US";"";"Caption";"c:\projetos\AtlasWeb\CadBeneficiosFiscais.dfm"
"fCadBeneficiosFiscais.cVencimento_ICMSSub";"Vencimento ICMS Substitutivo";"en-US";"";"FieldLabel";"c:\projetos\AtlasWeb\CadBeneficiosFiscais.dfm"
"fCadBeneficiosFiscais.cReducao_AliquotaICMS";"Redução Aliquota ICMS (%)";"en-US";"";"FieldLabel";"c:\projetos\AtlasWeb\CadBeneficiosFiscais.dfm"
"fCadBeneficiosFiscais.cInativa";"Inativa";"en-US";"";"Caption";"c:\projetos\AtlasWeb\CadBeneficiosFiscais.dfm"
"fCadBeneficiosFiscais.cCodigo_Receita";"Código da Receita";"en-US";"";"FieldLabel";"c:\projetos\AtlasWeb\CadBeneficiosFiscais.dfm"
"fCadBeneficiosFiscais.cCaucao_RetBANDES";"Caução Retenção BANDES";"en-US";"";"FieldLabel";"c:\projetos\AtlasWeb\CadBeneficiosFiscais.dfm"
"fCadBeneficiosFiscais.cValor_TaxaCartorio";"Taxa Registro Contrato Cartório";"en-US";"";"FieldLabel";"c:\projetos\AtlasWeb\CadBeneficiosFiscais.dfm"
"fCadBeneficiosFiscais.cPercentual_TaxaCartorio";"Percentual Registro Contrato Cartório";"en-US";"";"FieldLabel";"c:\projetos\AtlasWeb\CadBeneficiosFiscais.dfm"
"fCadBeneficiosFiscais.cTaxa_LeilaoBANDES";"Taxa Leilão BANDES";"en-US";"";"FieldLabel";"c:\projetos\AtlasWeb\CadBeneficiosFiscais.dfm"
"fCadBeneficiosFiscais.cLimite_Contrato";"Limite Valor Taxa Contrato";"en-US";"";"FieldLabel";"c:\projetos\AtlasWeb\CadBeneficiosFiscais.dfm"
"fCadBeneficiosFiscais.UniGroupBox1";"BC ICMS(Saída)";"en-US";"";"Caption";"c:\projetos\AtlasWeb\CadBeneficiosFiscais.dfm"
"fCadBeneficiosFiscais.UniDBCheckBox1";"FOB";"en-US";"";"Caption";"c:\projetos\AtlasWeb\CadBeneficiosFiscais.dfm"
"fCadBeneficiosFiscais.UniDBCheckBox2";"Frete";"en-US";"";"Caption";"c:\projetos\AtlasWeb\CadBeneficiosFiscais.dfm"
"fCadBeneficiosFiscais.UniDBCheckBox3";"Seguro";"en-US";"";"Caption";"c:\projetos\AtlasWeb\CadBeneficiosFiscais.dfm"
"fCadBeneficiosFiscais.UniDBCheckBox4";"II";"en-US";"";"Caption";"c:\projetos\AtlasWeb\CadBeneficiosFiscais.dfm"
"fCadBeneficiosFiscais.UniDBCheckBox5";"IPI";"en-US";"";"Caption";"c:\projetos\AtlasWeb\CadBeneficiosFiscais.dfm"
"fCadBeneficiosFiscais.UniDBCheckBox6";"PIS";"en-US";"";"Caption";"c:\projetos\AtlasWeb\CadBeneficiosFiscais.dfm"
"fCadBeneficiosFiscais.UniDBCheckBox7";"COFINS";"en-US";"";"Caption";"c:\projetos\AtlasWeb\CadBeneficiosFiscais.dfm"
"fCadBeneficiosFiscais.UniDBCheckBox8";"Despesas";"en-US";"";"Caption";"c:\projetos\AtlasWeb\CadBeneficiosFiscais.dfm"
"fCadBeneficiosFiscais.TabSheet2";"Tabela ICMS Recuperar";"en-US";"";"Caption";"c:\projetos\AtlasWeb\CadBeneficiosFiscais.dfm"
"fCadBeneficiosFiscais.pFicha2";"DADOS GERAIS";"en-US";"";"Title";"c:\projetos\AtlasWeb\CadBeneficiosFiscais.dfm"
"fCadBeneficiosFiscais.cBase_Calculo";"Base de Cálculo ";"en-US";"";"Caption";"c:\projetos\AtlasWeb\CadBeneficiosFiscais.dfm"
"fCadBeneficiosFiscais.cAliquota_Recuperar";"Alíquota de ICMS a Recuperar";"en-US";"";"FieldLabel";"c:\projetos\AtlasWeb\CadBeneficiosFiscais.dfm"
"fCadBeneficiosFiscais.cAliquota_ICMS";"Alíquota de ICMS na Saída";"en-US";"";"FieldLabel";"c:\projetos\AtlasWeb\CadBeneficiosFiscais.dfm"
"fCadBeneficiosFiscais.bAddAliq";"Adicionar novo registro.";"en-US";"";"Hint";"c:\projetos\AtlasWeb\CadBeneficiosFiscais.dfm"
"fCadBeneficiosFiscais.bEdiAliq";"Editar registro corrente.";"en-US";"";"Hint";"c:\projetos\AtlasWeb\CadBeneficiosFiscais.dfm"
"fCadBeneficiosFiscais.bExcAliq";"Excluir registro corrente.";"en-US";"";"Hint";"c:\projetos\AtlasWeb\CadBeneficiosFiscais.dfm"
"fCadBeneficiosFiscais.bCanAliq";"Cancelar modificações feitas no registro corrente.";"en-US";"";"Hint";"c:\projetos\AtlasWeb\CadBeneficiosFiscais.dfm"
"fCadBeneficiosFiscais.bGraAliq";"Salva o registro corrente.";"en-US";"";"Hint";"c:\projetos\AtlasWeb\CadBeneficiosFiscais.dfm"
"fCadCentroCusto.aLista";"Lista";"en-US";"";"Caption";"c:\projetos\AtlasWeb\CadCentroCusto.dfm"
"fCadCentroCusto.UniTabSheet1";"Dados Gerais";"en-US";"";"Caption";"c:\projetos\AtlasWeb\CadCentroCusto.dfm"
"fCadCentroCusto.pFicha1";"DADOS GERAIS";"en-US";"";"Title";"c:\projetos\AtlasWeb\CadCentroCusto.dfm"
"fCadCentroCusto.cCodigo";"Codigo";"en-US";"";"FieldLabel";"c:\projetos\AtlasWeb\CadCentroCusto.dfm"
"fCadCentroCusto.cNome";"Descricao";"en-US";"";"FieldLabel";"c:\projetos\AtlasWeb\CadCentroCusto.dfm"
"fCadCentroCusto.cProcesso";"Referente a Processo";"en-US";"";"Caption";"c:\projetos\AtlasWeb\CadCentroCusto.dfm"
"fCadCentroCusto.bAdicionar";"Adicionar novo registro.";"en-US";"";"Hint";"c:\projetos\AtlasWeb\CadCentroCusto.dfm"
"fCadCentroCusto.bEditar";"Editar registro corrente.";"en-US";"";"Hint";"c:\projetos\AtlasWeb\CadCentroCusto.dfm"
"fCadCentroCusto.bExcluir";"Excluir registro corrente.";"en-US";"";"Hint";"c:\projetos\AtlasWeb\CadCentroCusto.dfm"
"fCadCentroCusto.bCancelar";"Cancelar modificações feitas no registro corrente.";"en-US";"";"Hint";"c:\projetos\AtlasWeb\CadCentroCusto.dfm"
"fCadCentroCusto.bSalvar";"Salva o registro corrente.";"en-US";"";"Hint";"c:\projetos\AtlasWeb\CadCentroCusto.dfm"
"fCadCentroCusto.bFechar";"Fecha a tela de cadastro atual.";"en-US";"";"Hint";"c:\projetos\AtlasWeb\CadCentroCusto.dfm"
"fCadCFOP.bAdicionar";"Adicionar novo registro.";"en-US";"";"Hint";"c:\projetos\AtlasWeb\CadCFOP.dfm"
"fCadCFOP.bEditar";"Editar registro corrente.";"en-US";"";"Hint";"c:\projetos\AtlasWeb\CadCFOP.dfm"
"fCadCFOP.bExcluir";"Excluir registro corrente.";"en-US";"";"Hint";"c:\projetos\AtlasWeb\CadCFOP.dfm"
"fCadCFOP.bCancelar";"Cancelar modificações feitas no registro corrente.";"en-US";"";"Hint";"c:\projetos\AtlasWeb\CadCFOP.dfm"
"fCadCFOP.bGravar";"Salva o registro corrente.";"en-US";"";"Hint";"c:\projetos\AtlasWeb\CadCFOP.dfm"
"fCadCFOP.bFechar";"Fecha a tela de cadastro atual.";"en-US";"";"Hint";"c:\projetos\AtlasWeb\CadCFOP.dfm"
"fCadCFOP.aLista";"Lista";"en-US";"";"Caption";"c:\projetos\AtlasWeb\CadCFOP.dfm"
"fCadCFOP.UniTabSheet1";"Dados Gerais";"en-US";"";"Caption";"c:\projetos\AtlasWeb\CadCFOP.dfm"
"fCadCFOP.pFicha";"DADOS GERAIS";"en-US";"";"Title";"c:\projetos\AtlasWeb\CadCFOP.dfm"
"fCadCFOP.GroupBox1";"Parâmetros";"en-US";"";"Caption";"c:\projetos\AtlasWeb\CadCFOP.dfm"
"fCadCFOP.cServico";"Referente a prestação de serviços";"en-US";"";"Caption";"c:\projetos\AtlasWeb\CadCFOP.dfm"
"fCadCFOP.cDiferencial_ICMS";"Calcular diferencial de aliíquota de ICMS";"en-US";"";"Caption";"c:\projetos\AtlasWeb\CadCFOP.dfm"
"fCadCFOP.cImobilizado";"Ativo Imobilizado";"en-US";"";"Caption";"c:\projetos\AtlasWeb\CadCFOP.dfm"
"fCadCFOP.cApuracao_PISCOFINS";"Apura PIS/COFINS";"en-US";"";"Caption";"c:\projetos\AtlasWeb\CadCFOP.dfm"
"fCadCFOP.cAtivo";"Desativada";"en-US";"";"Caption";"c:\projetos\AtlasWeb\CadCFOP.dfm"
"fCadCFOP.cSaida_Entrada";"Tipo";"en-US";"";"Caption";"c:\projetos\AtlasWeb\CadCFOP.dfm"
"fCadCFOP.UniDBRadioGroup1";"Origem";"en-US";"";"Caption";"c:\projetos\AtlasWeb\CadCFOP.dfm"
"fCadCFOP.UniGroupBox1";"CFOP";"en-US";"";"Caption";"c:\projetos\AtlasWeb\CadCFOP.dfm"
"fCadCFOP.cCodigo";"Código ";"en-US";"";"FieldLabel";"c:\projetos\AtlasWeb\CadCFOP.dfm"
"fCadCFOP.cDescricao";"Descrição";"en-US";"";"FieldLabel";"c:\projetos\AtlasWeb\CadCFOP.dfm"
"fCadCFOP.cPrazo_Retorno";"Prazo p/Retorno (Dias)";"en-US";"";"FieldLabel";"c:\projetos\AtlasWeb\CadCFOP.dfm"
"fCadCFOP.UniDBEdit1";"CFOP (Devolução)";"en-US";"";"FieldLabel";"c:\projetos\AtlasWeb\CadCFOP.dfm"
"fCadCFOP.UniDBEdit2";"CFOP (Estorno)";"en-US";"";"FieldLabel";"c:\projetos\AtlasWeb\CadCFOP.dfm"
"fCadCodigosRFB.bAdicionar";"Adicionar novo registro.";"en-US";"";"Hint";"c:\projetos\AtlasWeb\CadCodigosRFB.dfm"
"fCadCodigosRFB.bEditar";"Editar registro corrente.";"en-US";"";"Hint";"c:\projetos\AtlasWeb\CadCodigosRFB.dfm"
"fCadCodigosRFB.bExcluir";"Excluir registro corrente.";"en-US";"";"Hint";"c:\projetos\AtlasWeb\CadCodigosRFB.dfm"
"fCadCodigosRFB.bCancelar";"Cancelar modificações feitas no registro corrente.";"en-US";"";"Hint";"c:\projetos\AtlasWeb\CadCodigosRFB.dfm"
"fCadCodigosRFB.bGravar";"Salva o registro corrente.";"en-US";"";"Hint";"c:\projetos\AtlasWeb\CadCodigosRFB.dfm"
"fCadCodigosRFB.bFechar";"Fecha a tela de cadastro atual.";"en-US";"";"Hint";"c:\projetos\AtlasWeb\CadCodigosRFB.dfm"
"fCadCodigosRFB.aLista";"Lista";"en-US";"";"Caption";"c:\projetos\AtlasWeb\CadCodigosRFB.dfm"
"fCadCodigosRFB.UniTabSheet1";"Dados Gerais";"en-US";"";"Caption";"c:\projetos\AtlasWeb\CadCodigosRFB.dfm"
"fCadCodigosRFB.pFicha";"DADOS GERAIS";"en-US";"";"Title";"c:\projetos\AtlasWeb\CadCodigosRFB.dfm"
"fCadCodigosRFB.cCodigo";"Código";"en-US";"";"FieldLabel";"c:\projetos\AtlasWeb\CadCodigosRFB.dfm"
"fCadCodigosRFB.cDescricao";"Descrição";"en-US";"";"FieldLabel";"c:\projetos\AtlasWeb\CadCodigosRFB.dfm"
"fCadCodigosRFB.cComex";"Referente a COMEX";"en-US";"";"Caption";"c:\projetos\AtlasWeb\CadCodigosRFB.dfm"
"fCadCodigosRFB.cAtivo";"Inativo";"en-US";"";"Caption";"c:\projetos\AtlasWeb\CadCodigosRFB.dfm"
"fCadComissoes.bAdicionar";"Adicionar novo registro.";"en-US";"";"Hint";"c:\projetos\AtlasWeb\CadComissoes.dfm"
"fCadComissoes.bEditar";"Editar registro corrente.";"en-US";"";"Hint";"c:\projetos\AtlasWeb\CadComissoes.dfm"
"fCadComissoes.bExcluir";"Excluir registro corrente.";"en-US";"";"Hint";"c:\projetos\AtlasWeb\CadComissoes.dfm"
"fCadComissoes.bCancelar";"Cancelar modificações feitas no registro corrente.";"en-US";"";"Hint";"c:\projetos\AtlasWeb\CadComissoes.dfm"
"fCadComissoes.bGravar";"Salva o registro corrente.";"en-US";"";"Hint";"c:\projetos\AtlasWeb\CadComissoes.dfm"
"fCadComissoes.bFechar";"Fecha a tela de cadastro atual.";"en-US";"";"Hint";"c:\projetos\AtlasWeb\CadComissoes.dfm"
"fCadComissoes.aLista";"Lista";"en-US";"";"Caption";"c:\projetos\AtlasWeb\CadComissoes.dfm"
"fCadComissoes.UniTabSheet1";"Dados Gerais";"en-US";"";"Caption";"c:\projetos\AtlasWeb\CadComissoes.dfm"
"fCadComissoes.pFicha";"DADOS GERAIS";"en-US";"";"Title";"c:\projetos\AtlasWeb\CadComissoes.dfm"
"fCadComissoes.cValor";"Valor";"en-US";"";"FieldLabel";"c:\projetos\AtlasWeb\CadComissoes.dfm"
"fCadComissoes.cDescricao";"Descrição";"en-US";"";"FieldLabel";"c:\projetos\AtlasWeb\CadComissoes.dfm"
"fCadComissoes.cCodigo";"Código";"en-US";"";"FieldLabel";"c:\projetos\AtlasWeb\CadComissoes.dfm"
"fCadCondicaoCambial.bAdicionar";"Adicionar novo registro.";"en-US";"";"Hint";"c:\projetos\AtlasWeb\CadCondicaoCambial.dfm"
"fCadCondicaoCambial.bEditar";"Editar registro corrente.";"en-US";"";"Hint";"c:\projetos\AtlasWeb\CadCondicaoCambial.dfm"
"fCadCondicaoCambial.bExcluir";"Excluir registro corrente.";"en-US";"";"Hint";"c:\projetos\AtlasWeb\CadCondicaoCambial.dfm"
"fCadCondicaoCambial.bCancelar";"Cancelar modificações feitas no registro corrente.";"en-US";"";"Hint";"c:\projetos\AtlasWeb\CadCondicaoCambial.dfm"
"fCadCondicaoCambial.bGravar";"Salva o registro corrente.";"en-US";"";"Hint";"c:\projetos\AtlasWeb\CadCondicaoCambial.dfm"
"fCadCondicaoCambial.bFechar";"Fecha a tela de cadastro atual.";"en-US";"";"Hint";"c:\projetos\AtlasWeb\CadCondicaoCambial.dfm"
"fCadCondicaoCambial.aLista";"Lista";"en-US";"";"Caption";"c:\projetos\AtlasWeb\CadCondicaoCambial.dfm"
"fCadCondicaoCambial.UniTabSheet1";"Dados Gerais";"en-US";"";"Caption";"c:\projetos\AtlasWeb\CadCondicaoCambial.dfm"
"fCadCondicaoCambial.pFicha";"DADOS GERAIS";"en-US";"";"Title";"c:\projetos\AtlasWeb\CadCondicaoCambial.dfm"
"fCadCondicaoCambial.cDescricao";"Descrição";"en-US";"";"FieldLabel";"c:\projetos\AtlasWeb\CadCondicaoCambial.dfm"
"fCadCondicaoCambial.cCodigo";"Código";"en-US";"";"FieldLabel";"c:\projetos\AtlasWeb\CadCondicaoCambial.dfm"
"fCadCondicaoCambial.cPercentual1";"Percentual 1";"en-US";"";"FieldLabel";"c:\projetos\AtlasWeb\CadCondicaoCambial.dfm"
"fCadCondicaoCambial.cPercentual2";"Percentual 2";"en-US";"";"FieldLabel";"c:\projetos\AtlasWeb\CadCondicaoCambial.dfm"
"fCadCondicaoCambial.cPercentual3";"Percentual 3";"en-US";"";"FieldLabel";"c:\projetos\AtlasWeb\CadCondicaoCambial.dfm"
"fCadCondicaoCambial.cVencimento1";"Dias";"en-US";"";"FieldLabel";"c:\projetos\AtlasWeb\CadCondicaoCambial.dfm"
"fCadCondicaoCambial.cVencimento2";"Dias";"en-US";"";"FieldLabel";"c:\projetos\AtlasWeb\CadCondicaoCambial.dfm"
"fCadCondicaoCambial.cVencimento3";"Dias";"en-US";"";"FieldLabel";"c:\projetos\AtlasWeb\CadCondicaoCambial.dfm"
"fCadCondicaoCambial.cVencimento4";"Dias";"en-US";"";"FieldLabel";"c:\projetos\AtlasWeb\CadCondicaoCambial.dfm"
"fCadCondicaoCambial.RxDBLookupCombo1";"Classificação";"en-US";"";"FieldLabel";"c:\projetos\AtlasWeb\CadCondicaoCambial.dfm"
"fCadCondicaoCambial.RxDBLookupCombo2";"Classificação";"en-US";"";"FieldLabel";"c:\projetos\AtlasWeb\CadCondicaoCambial.dfm"
"fCadCondicaoCambial.RxDBLookupCombo3";"Classificação";"en-US";"";"FieldLabel";"c:\projetos\AtlasWeb\CadCondicaoCambial.dfm"
"fCadCondicaoCambial.RxDBLookupCombo4";"Classificação";"en-US";"";"FieldLabel";"c:\projetos\AtlasWeb\CadCondicaoCambial.dfm"
"fCadCondicaoCambial.cTermos_Comerciais";"Termos Cormerciais";"en-US";"";"FieldLabel";"c:\projetos\AtlasWeb\CadCondicaoCambial.dfm"
"fCadCondicaoCambial.cObservacao";"Observação";"en-US";"";"FieldLabel";"c:\projetos\AtlasWeb\CadCondicaoCambial.dfm"
"fCadCondicaoCambial.cTotalPercentual";"Total";"en-US";"";"FieldLabel";"c:\projetos\AtlasWeb\CadCondicaoCambial.dfm"
"fCadCondicaoCambial.cTotalDias";"Total";"en-US";"";"FieldLabel";"c:\projetos\AtlasWeb\CadCondicaoCambial.dfm"
"fCadConfigsis.RxLabel3";"CONFIGURAÇÃO";"en-US";"";"Caption";"c:\projetos\AtlasWeb\CadConfigsis.dfm"
"fCadConfigsis.RxLabel2";"Configuraões e Parâmetrizações do sistema.";"en-US";"";"Caption";"c:\projetos\AtlasWeb\CadConfigsis.dfm"
"fCadConfigsis.cVersaoDLL";"Versão DLL";"en-US";"";"Caption";"c:\projetos\AtlasWeb\CadConfigsis.dfm"
"fCadConfigsis.bSalvar";"Sal&var";"en-US";"";"Caption";"c:\projetos\AtlasWeb\CadConfigsis.dfm"
"fCadConfigsis.bSair";"&Sair";"en-US";"";"Caption";"c:\projetos\AtlasWeb\CadConfigsis.dfm"
"fCadConfigsis.TabSheet1";"&Sistema";"en-US";"";"Caption";"c:\projetos\AtlasWeb\CadConfigsis.dfm"
"fCadConfigsis.GroupBox3";"Rede / Internet";"en-US";"";"Caption";"c:\projetos\AtlasWeb\CadConfigsis.dfm"
"fCadConfigsis.cSite";"Site";"en-US";"";"FieldLabel";"c:\projetos\AtlasWeb\CadConfigsis.dfm"
"fCadConfigsis.cEmail_Suporte";"E-mail do Suporte";"en-US";"";"FieldLabel";"c:\projetos\AtlasWeb\CadConfigsis.dfm"
"fCadConfigsis.cIP_Suporte";"IP do Suporte";"en-US";"";"FieldLabel";"c:\projetos\AtlasWeb\CadConfigsis.dfm"
"fCadConfigsis.cServidor_Proxy";"Endereço do servidor Proxy ";"en-US";"";"FieldLabel";"c:\projetos\AtlasWeb\CadConfigsis.dfm"
"fCadConfigsis.cUsuario_Proxy";"Usuário Proxy";"en-US";"";"FieldLabel";"c:\projetos\AtlasWeb\CadConfigsis.dfm"
"fCadConfigsis.cSenha_FTP";"Senha";"en-US";"";"FieldLabel";"c:\projetos\AtlasWeb\CadConfigsis.dfm"
"fCadConfigsis.cUsuario_FTP";"Usuário FTP";"en-US";"";"FieldLabel";"c:\projetos\AtlasWeb\CadConfigsis.dfm"
"fCadConfigsis.cSenha_Proxy";"Senha";"en-US";"";"FieldLabel";"c:\projetos\AtlasWeb\CadConfigsis.dfm"
"fCadConfigsis.cPasta_BackupCybersoft";"Pasta Backup Servidor (Cybersoft)";"en-US";"";"FieldLabel";"c:\projetos\AtlasWeb\CadConfigsis.dfm"
"fCadConfigsis.cPassive_FTP";"FTP Passive mode";"en-US";"";"Caption";"c:\projetos\AtlasWeb\CadConfigsis.dfm"
"fCadConfigsis.cServidor_Local";"Tipo de Servidor";"en-US";"";"Caption";"c:\projetos\AtlasWeb\CadConfigsis.dfm"
"fCadConfigsis.cPasta_AtualizacaoCybersoft";"Pasta Atualiz.Servidor (Cybersoft)";"en-US";"";"FieldLabel";"c:\projetos\AtlasWeb\CadConfigsis.dfm"
"fCadConfigsis.cNome_Servidor";"Nome do Servidor";"en-US";"";"FieldLabel";"c:\projetos\AtlasWeb\CadConfigsis.dfm"
"fCadConfigsis.GroupBox9";"Ambiente";"en-US";"";"Caption";"c:\projetos\AtlasWeb\CadConfigsis.dfm"
"fCadConfigsis.cAtivar_Skin";"Ativar Skin";"en-US";"";"Caption";"c:\projetos\AtlasWeb\CadConfigsis.dfm"
"fCadConfigsis.cAtivar_Som";"Habilitar Sinais Sonoros no Sistema.";"en-US";"";"Caption";"c:\projetos\AtlasWeb\CadConfigsis.dfm"
"fCadConfigsis.cAtualizar_Moedas";"Atualização da cotação de moedas automatica.";"en-US";"";"Caption";"c:\projetos\AtlasWeb\CadConfigsis.dfm"
"fCadConfigsis.cBackup_Automatico";"Backup automático.";"en-US";"";"Caption";"c:\projetos\AtlasWeb\CadConfigsis.dfm"
"fCadConfigsis.GroupBox26";"Atualização";"en-US";"";"Caption";"c:\projetos\AtlasWeb\CadConfigsis.dfm"
"fCadConfigsis.cAtualizar_Sistema";"Avisar quando houver atualização do sistema disponível.";"en-US";"";"Caption";"c:\projetos\AtlasWeb\CadConfigsis.dfm"
"fCadConfigsis.TabSheet2";"&Pastas";"en-US";"";"Caption";"c:\projetos\AtlasWeb\CadConfigsis.dfm"
"fCadConfigsis.GroupBox35";"NF-e";"en-US";"";"Caption";"c:\projetos\AtlasWeb\CadConfigsis.dfm"
"fCadConfigsis.cSeparar_NFE";"Pastas separadas (Entrada/Saída)";"en-US";"";"Caption";"c:\projetos\AtlasWeb\CadConfigsis.dfm"
"fCadConfigsis.cSeparar_NFEMes";"Pastas separadas (Mês)";"en-US";"";"Caption";"c:\projetos\AtlasWeb\CadConfigsis.dfm"
"fCadConfigsis.GroupBox36";"Boletos";"en-US";"";"Caption";"c:\projetos\AtlasWeb\CadConfigsis.dfm"
"fCadConfigsis.cSeparar_BoletoBanco";"Pastas separadas (Bancos)";"en-US";"";"Caption";"c:\projetos\AtlasWeb\CadConfigsis.dfm"
"fCadConfigsis.cSeparar_BoletoData";"Pastas separadas (Data)";"en-US";"";"Caption";"c:\projetos\AtlasWeb\CadConfigsis.dfm"
"fCadConfigsis.TabSheet4";"&Impressão";"en-US";"";"Caption";"c:\projetos\AtlasWeb\CadConfigsis.dfm"
"fCadConfigsis.GroupBox5";"Memorando de Exportação";"en-US";"";"Caption";"c:\projetos\AtlasWeb\CadConfigsis.dfm"
"fCadConfigsis.cMemorando_LinhasItens";"Linhas de Itens";"en-US";"";"FieldLabel";"c:\projetos\AtlasWeb\CadConfigsis.dfm"
"fCadConfigsis.cMemorando_LinhasNotas";"Linhas de Notas de Entrada";"en-US";"";"FieldLabel";"c:\projetos\AtlasWeb\CadConfigsis.dfm"
"fCadConfigsis.cMemorando_Tamaho";"Tamanho em Linhas";"en-US";"";"FieldLabel";"c:\projetos\AtlasWeb\CadConfigsis.dfm"
"fCadConfigsis.GroupBox6";"Nota fiscal de serviço";"en-US";"";"Caption";"c:\projetos\AtlasWeb\CadConfigsis.dfm"
"fCadConfigsis.cNotaServico_Serie";"Série";"en-US";"";"FieldLabel";"c:\projetos\AtlasWeb\CadConfigsis.dfm"
"fCadConfigsis.cNotaServico_SubSerie";"Sub-Série";"en-US";"";"FieldLabel";"c:\projetos\AtlasWeb\CadConfigsis.dfm"
"fCadConfigsis.cNotaServico_Modelo";"Modelo";"en-US";"";"FieldLabel";"c:\projetos\AtlasWeb\CadConfigsis.dfm"
"fCadConfigsis.cNotaServico_Tamanho";"Tamanho em Linhas";"en-US";"";"FieldLabel";"c:\projetos\AtlasWeb\CadConfigsis.dfm"
"fCadConfigsis.cExtenso_Maiusculo";"Impressão de valores por extenso em maíusculo.";"en-US";"";"Caption";"c:\projetos\AtlasWeb\CadConfigsis.dfm"
"fCadConfigsis.cAbrir_PDFDANFE";"Abrir PDF do DANFE após envio de NF-e para SEFAZ.";"en-US";"";"Caption";"c:\projetos\AtlasWeb\CadConfigsis.dfm"
"fCadConfigsis.GroupBox24";"Impressão do DANFE";"en-US";"";"Caption";"c:\projetos\AtlasWeb\CadConfigsis.dfm"
"fCadConfigsis.cNFE_DANFE_Orientacao";"Orientação";"en-US";"";"Caption";"c:\projetos\AtlasWeb\CadConfigsis.dfm"
"fCadConfigsis.cNFE_DANFE_CodigoProduto";"Código da Mercadoria";"en-US";"";"Caption";"c:\projetos\AtlasWeb\CadConfigsis.dfm"
"fCadConfigsis.TabSheet11";"&Faturamento";"en-US";"";"Caption";"c:\projetos\AtlasWeb\CadConfigsis.dfm"
"fCadConfigsis.GroupBox2";"Rateios";"en-US";"";"Caption";"c:\projetos\AtlasWeb\CadConfigsis.dfm"
"fCadConfigsis.cRateio_Frete";"Frete";"en-US";"";"Caption";"c:\projetos\AtlasWeb\CadConfigsis.dfm"
"fCadConfigsis.cRateio_Seguro";"Seguro";"en-US";"";"Caption";"c:\projetos\AtlasWeb\CadConfigsis.dfm"
"fCadConfigsis.cRateio_Despesas";"Despesas";"en-US";"";"Caption";"c:\projetos\AtlasWeb\CadConfigsis.dfm"
"fCadConfigsis.cRateio_COFINS";"COFINS";"en-US";"";"Caption";"c:\projetos\AtlasWeb\CadConfigsis.dfm"
"fCadConfigsis.cRateio_PIS";"PIS";"en-US";"";"Caption";"c:\projetos\AtlasWeb\CadConfigsis.dfm"
"fCadConfigsis.cRateio_Valoracao";"Acréscimo";"en-US";"";"Caption";"c:\projetos\AtlasWeb\CadConfigsis.dfm"
"fCadConfigsis.cRateio_DespesasValor";"Ratear Despesas";"en-US";"";"Caption";"c:\projetos\AtlasWeb\CadConfigsis.dfm"
"fCadConfigsis.cValor_Despesas";"Valor das Despesas de Custo do processo";"en-US";"";"Caption";"c:\projetos\AtlasWeb\CadConfigsis.dfm"
"fCadConfigsis.GroupBox27";"Diversos";"en-US";"";"Caption";"c:\projetos\AtlasWeb\CadConfigsis.dfm"
"fCadConfigsis.cBotao_Duplicata";"Desabilitar botão ""Gerar Duplicatas"" das telas de Pedido.";"en-US";"";"Caption";"c:\projetos\AtlasWeb\CadConfigsis.dfm"
"fCadConfigsis.cCalculo_Reverso";"Habilitar cálculo reverso nos pedidos.";"en-US";"";"Caption";"c:\projetos\AtlasWeb\CadConfigsis.dfm"
"fCadConfigsis.cFaturamento_BloquearAtraso";"Bloquear pedidos para clientes com pagamentos em atraso.";"en-US";"";"Caption";"c:\projetos\AtlasWeb\CadConfigsis.dfm"
"fCadConfigsis.GroupBox30";"Estoque Minímo";"en-US";"";"Caption";"c:\projetos\AtlasWeb\CadConfigsis.dfm"
"fCadConfigsis.cEstoque_MinimoPerc";"Percentual";"en-US";"";"FieldLabel";"c:\projetos\AtlasWeb\CadConfigsis.dfm"
"fCadConfigsis.bMinimo";"Reprocessar Estoque Minímo de todos os produtos";"en-US";"";"Caption";"c:\projetos\AtlasWeb\CadConfigsis.dfm"
"fCadConfigsis.TabSheet12";"Fisc&ais";"en-US";"";"Caption";"c:\projetos\AtlasWeb\CadConfigsis.dfm"
"fCadConfigsis.TabSheet20";"&Diversos";"en-US";"";"Caption";"c:\projetos\AtlasWeb\CadConfigsis.dfm"
"fCadConfigsis.GroupBox1";"Natureza da Operação";"en-US";"";"Caption";"c:\projetos\AtlasWeb\CadConfigsis.dfm"
"fCadConfigsis.cNatureza_EntradaIni";"Entrada de";"en-US";"";"FieldLabel";"c:\projetos\AtlasWeb\CadConfigsis.dfm"
"fCadConfigsis.cNatureza_SaidaIni";"Saída de";"en-US";"";"FieldLabel";"c:\projetos\AtlasWeb\CadConfigsis.dfm"
"fCadConfigsis.GroupBox7";"Conhecimento de Transporte (CTR)";"en-US";"";"Caption";"c:\projetos\AtlasWeb\CadConfigsis.dfm"
"fCadConfigsis.cPIS_CTR";"PIS";"en-US";"";"FieldLabel";"c:\projetos\AtlasWeb\CadConfigsis.dfm"
"fCadConfigsis.cCOFINS_CTR";"COFINS";"en-US";"";"FieldLabel";"c:\projetos\AtlasWeb\CadConfigsis.dfm"
"fCadConfigsis.clRamo_CTR";"Ramo de Atividade";"en-US";"";"FieldLabel";"c:\projetos\AtlasWeb\CadConfigsis.dfm"
"fCadConfigsis.cItem_CTR";"Código Produto";"en-US";"";"FieldLabel";"c:\projetos\AtlasWeb\CadConfigsis.dfm"
"fCadConfigsis.GroupBox17";"Alíquotas básicas de PIS/COFINS";"en-US";"";"Caption";"c:\projetos\AtlasWeb\CadConfigsis.dfm"
"fCadConfigsis.cPIS_AliquotaBasica";"PIS (Entrada)";"en-US";"";"FieldLabel";"c:\projetos\AtlasWeb\CadConfigsis.dfm"
"fCadConfigsis.cCOFINS_AliquotaBasica";"COFINS (Entrada)";"en-US";"";"FieldLabel";"c:\projetos\AtlasWeb\CadConfigsis.dfm"
"fCadConfigsis.cPIS_AliquotaBasicaSaida";"PIS (Saída)";"en-US";"";"FieldLabel";"c:\projetos\AtlasWeb\CadConfigsis.dfm"
"fCadConfigsis.cCOFINS_AliquotaBasicaSaida";"COFINS (Saída)";"en-US";"";"FieldLabel";"c:\projetos\AtlasWeb\CadConfigsis.dfm"
"fCadConfigsis.GroupBox29";"CIAP";"en-US";"";"Caption";"c:\projetos\AtlasWeb\CadConfigsis.dfm"
"fCadConfigsis.cValor_CIAP";"Valor Mínimo para imobilizado (CIAP)";"en-US";"";"FieldLabel";"c:\projetos\AtlasWeb\CadConfigsis.dfm"
"fCadConfigsis.cParcelas_CIAP";"Quantidade de Parcelas (Meses)";"en-US";"";"FieldLabel";"c:\projetos\AtlasWeb\CadConfigsis.dfm"
"fCadConfigsis.GroupBox10";"Vencimentos dos  Impostos (Dia)";"en-US";"";"Caption";"c:\projetos\AtlasWeb\CadConfigsis.dfm"
"fCadConfigsis.cVencimento_ICMSFUNDAP";"ICMS FUNDAP";"en-US";"";"FieldLabel";"c:\projetos\AtlasWeb\CadConfigsis.dfm"
"fCadConfigsis.cVencimento_ICMSINVEST";"ICMS INVEST";"en-US";"";"FieldLabel";"c:\projetos\AtlasWeb\CadConfigsis.dfm"
"fCadConfigsis.cVencimento_ICMSComercio";"ICMS Comércio";"en-US";"";"FieldLabel";"c:\projetos\AtlasWeb\CadConfigsis.dfm"
"fCadConfigsis.cVencimento_PIS";"PIS";"en-US";"";"FieldLabel";"c:\projetos\AtlasWeb\CadConfigsis.dfm"
"fCadConfigsis.cVencimento_COFINS";"COFINS";"en-US";"";"FieldLabel";"c:\projetos\AtlasWeb\CadConfigsis.dfm"
"fCadConfigsis.cVencimento_IPI";"IPI";"en-US";"";"FieldLabel";"c:\projetos\AtlasWeb\CadConfigsis.dfm"
"fCadConfigsis.cVencimento_IRPJ";"IRPJ";"en-US";"";"FieldLabel";"c:\projetos\AtlasWeb\CadConfigsis.dfm"
"fCadConfigsis.cVencimento_CSLL";"CSLL";"en-US";"";"FieldLabel";"c:\projetos\AtlasWeb\CadConfigsis.dfm"
"fCadConfigsis.cClassICMS";"Orgão";"en-US";"";"FieldLabel";"c:\projetos\AtlasWeb\CadConfigsis.dfm"
"fCadConfigsis.RxDBLookupCombo3";"Tipo DOC";"en-US";"";"FieldLabel";"c:\projetos\AtlasWeb\CadConfigsis.dfm"
"fCadConfigsis.RxDBLookupCombo4";"Orgão";"en-US";"";"FieldLabel";"c:\projetos\AtlasWeb\CadConfigsis.dfm"
"fCadConfigsis.RxDBLookupCombo5";"Tipo DOC";"en-US";"";"FieldLabel";"c:\projetos\AtlasWeb\CadConfigsis.dfm"
"fCadConfigsis.RxDBLookupCombo6";"Orgão";"en-US";"";"FieldLabel";"c:\projetos\AtlasWeb\CadConfigsis.dfm"
"fCadConfigsis.RxDBLookupCombo7";"Tipo DOC";"en-US";"";"FieldLabel";"c:\projetos\AtlasWeb\CadConfigsis.dfm"
"fCadConfigsis.RxDBLookupCombo8";"Orgão";"en-US";"";"FieldLabel";"c:\projetos\AtlasWeb\CadConfigsis.dfm"
"fCadConfigsis.RxDBLookupCombo9";"Tipo DOC";"en-US";"";"FieldLabel";"c:\projetos\AtlasWeb\CadConfigsis.dfm"
"fCadConfigsis.RxDBLookupCombo10";"Orgão";"en-US";"";"FieldLabel";"c:\projetos\AtlasWeb\CadConfigsis.dfm"
"fCadConfigsis.RxDBLookupCombo11";"Tipo DOC";"en-US";"";"FieldLabel";"c:\projetos\AtlasWeb\CadConfigsis.dfm"
"fCadConfigsis.RxDBLookupCombo12";"Orgão";"en-US";"";"FieldLabel";"c:\projetos\AtlasWeb\CadConfigsis.dfm"
"fCadConfigsis.RxDBLookupCombo13";"Tipo DOC";"en-US";"";"FieldLabel";"c:\projetos\AtlasWeb\CadConfigsis.dfm"
"fCadConfigsis.GroupBox33";"Diferencial de Alíquota ICMS (DIFAL)";"en-US";"";"Caption";"c:\projetos\AtlasWeb\CadConfigsis.dfm"
"fCadConfigsis.cValor_ManifestoNFE";"Valor Mínimo para Manifestação de Nota Fiscal";"en-US";"";"FieldLabel";"c:\projetos\AtlasWeb\CadConfigsis.dfm"
"fCadConfigsis.TabSheet21";"SPED";"en-US";"";"Caption";"c:\projetos\AtlasWeb\CadConfigsis.dfm"
"fCadConfigsis.GroupBox11";"Inventario (SPED FISCAL)";"en-US";"";"Caption";"c:\projetos\AtlasWeb\CadConfigsis.dfm"
"fCadConfigsis.cConta_Inventario";"Código da conta analítica contábil ";"en-US";"";"FieldLabel";"c:\projetos\AtlasWeb\CadConfigsis.dfm"
"fCadConfigsis.GroupBox18";"Contas Contábeis para o PIS (SPED PIS/COFINS)";"en-US";"";"Caption";"c:\projetos\AtlasWeb\CadConfigsis.dfm"
"fCadConfigsis.cPIS_ContaCodigo";"Código";"en-US";"";"FieldLabel";"c:\projetos\AtlasWeb\CadConfigsis.dfm"
"fCadConfigsis.cPIS_ContaNivel";"Nivel";"en-US";"";"FieldLabel";"c:\projetos\AtlasWeb\CadConfigsis.dfm"
"fCadConfigsis.cPIS_ContaNome";"Nome";"en-US";"";"FieldLabel";"c:\projetos\AtlasWeb\CadConfigsis.dfm"
"fCadConfigsis.RxDBComboBox1";"Natureza";"en-US";"";"FieldLabel";"c:\projetos\AtlasWeb\CadConfigsis.dfm"
"fCadConfigsis.RxDBComboBox2";"Indicador (Sint/Anal)";"en-US";"";"FieldLabel";"c:\projetos\AtlasWeb\CadConfigsis.dfm"
"fCadConfigsis.GroupBox19";"Contas Contábeis para a COFINS (SPED PIS/COFINS)";"en-US";"";"Caption";"c:\projetos\AtlasWeb\CadConfigsis.dfm"
"fCadConfigsis.cCOFINS_ContaCodigo";"Código";"en-US";"";"FieldLabel";"c:\projetos\AtlasWeb\CadConfigsis.dfm"
"fCadConfigsis.cCOFINS_ContaNivel";"Nível";"en-US";"";"FieldLabel";"c:\projetos\AtlasWeb\CadConfigsis.dfm"
"fCadConfigsis.cCOFINS_ContaNome";"Nome";"en-US";"";"FieldLabel";"c:\projetos\AtlasWeb\CadConfigsis.dfm"
"fCadConfigsis.RxDBComboBox3";"Natureza";"en-US";"";"FieldLabel";"c:\projetos\AtlasWeb\CadConfigsis.dfm"
"fCadConfigsis.RxDBComboBox4";"Indicador (Sint/Anal)";"en-US";"";"FieldLabel";"c:\projetos\AtlasWeb\CadConfigsis.dfm"
"fCadConfigsis.TabSheet7";"&Contábeis";"en-US";"";"Caption";"c:\projetos\AtlasWeb\CadConfigsis.dfm"
"fCadConfigsis.GroupBox15";"Criação de Contas automático no Plano de Contas";"en-US";"";"Caption";"c:\projetos\AtlasWeb\CadConfigsis.dfm"
"fCadConfigsis.cContab_ContaNova";"Criar numeração sequencial das contas novas dentro do grupo";"en-US";"";"Caption";"c:\projetos\AtlasWeb\CadConfigsis.dfm"
"fCadConfigsis.cContab_FilialCliente";"Criar contas das filiais (Clientes)";"en-US";"";"Caption";"c:\projetos\AtlasWeb\CadConfigsis.dfm"
"fCadConfigsis.cContab_FilialFornecedor";"Criar contas das filiais (Fornecedores)";"en-US";"";"Caption";"c:\projetos\AtlasWeb\CadConfigsis.dfm"
"fCadConfigsis.cContab_GrupoBanco";"Grupo (Bancos)";"en-US";"";"FieldLabel";"c:\projetos\AtlasWeb\CadConfigsis.dfm"
"fCadConfigsis.cParametrizacao_Contabil";"Obrigar parametrização contabíl nos cadastros";"en-US";"";"Caption";"c:\projetos\AtlasWeb\CadConfigsis.dfm"
"fCadConfigsis.GroupBox34";"Lançamentos de Encerramento";"en-US";"";"Caption";"c:\projetos\AtlasWeb\CadConfigsis.dfm"
"fCadConfigsis.cContab_HistoricoEncPrejuizo";"Histórico";"en-US";"";"FieldLabel";"c:\projetos\AtlasWeb\CadConfigsis.dfm"
"fCadConfigsis.clContab_ContaEncLucro";"Conta (Lucro Acumulado)";"en-US";"";"FieldLabel";"c:\projetos\AtlasWeb\CadConfigsis.dfm"
"fCadConfigsis.clContab_ContaEncPrejuizo";"Conta (Prejuízo Acumulado)";"en-US";"";"FieldLabel";"c:\projetos\AtlasWeb\CadConfigsis.dfm"
"fCadConfigsis.clContab_ContaResultado";"Conta (Resultado)";"en-US";"";"FieldLabel";"c:\projetos\AtlasWeb\CadConfigsis.dfm"
"fCadConfigsis.cContab_HistoricoResultado";"Histórico (Resultado)";"en-US";"";"FieldLabel";"c:\projetos\AtlasWeb\CadConfigsis.dfm"
"fCadConfigsis.cContab_HistoricoEncLucro";"Histórico";"en-US";"";"FieldLabel";"c:\projetos\AtlasWeb\CadConfigsis.dfm"
"fCadConfigsis.TabSheet13";"Fi&nanceiros";"en-US";"";"Caption";"c:\projetos\AtlasWeb\CadConfigsis.dfm"
"fCadConfigsis.TabSheet6";"&Lançamentos";"en-US";"";"Caption";"c:\projetos\AtlasWeb\CadConfigsis.dfm"
"fCadConfigsis.clClassificacao_DescontosRC";"Descontos Recebidos";"en-US";"";"FieldLabel";"c:\projetos\AtlasWeb\CadConfigsis.dfm"
"fCadConfigsis.clClassificacao_DescontosPG";"Descontos Concedidos";"en-US";"";"FieldLabel";"c:\projetos\AtlasWeb\CadConfigsis.dfm"
"fCadConfigsis.clClassificacao_MultaRC";"Multas Recebidas";"en-US";"";"FieldLabel";"c:\projetos\AtlasWeb\CadConfigsis.dfm"
"fCadConfigsis.clClassificacao_JurosPG";"Juros Pagos";"en-US";"";"FieldLabel";"c:\projetos\AtlasWeb\CadConfigsis.dfm"
"fCadConfigsis.clClassificacao_JurosRC";"Juros Recebidos";"en-US";"";"FieldLabel";"c:\projetos\AtlasWeb\CadConfigsis.dfm"
"fCadConfigsis.clClassificacao_MultaPG";"Multas Pagas";"en-US";"";"FieldLabel";"c:\projetos\AtlasWeb\CadConfigsis.dfm"
"fCadConfigsis.GroupBox13";"Classificações Financeiras de Recebimento para Transferências";"en-US";"";"Caption";"c:\projetos\AtlasWeb\CadConfigsis.dfm"
"fCadConfigsis.clClassificacao_TransfBanco";"Transferência Bancária";"en-US";"";"FieldLabel";"c:\projetos\AtlasWeb\CadConfigsis.dfm"
"fCadConfigsis.clClassificacao_TransfProcesso";"Transferência Processo";"en-US";"";"FieldLabel";"c:\projetos\AtlasWeb\CadConfigsis.dfm"
"fCadConfigsis.GroupBox14";"Classificações Financeiras para Fechamento de Câmbio";"en-US";"";"Caption";"c:\projetos\AtlasWeb\CadConfigsis.dfm"
"fCadConfigsis.clClassificacao_CambioVarAtiva";"Variação (Ativa)";"en-US";"";"FieldLabel";"c:\projetos\AtlasWeb\CadConfigsis.dfm"
"fCadConfigsis.clDocumento_Cambio";"Documento";"en-US";"";"FieldLabel";"c:\projetos\AtlasWeb\CadConfigsis.dfm"
"fCadConfigsis.clClassificacao_CambioVarPassiva";"Variação (Passiva)";"en-US";"";"FieldLabel";"c:\projetos\AtlasWeb\CadConfigsis.dfm"
"fCadConfigsis.GroupBox16";"Classificação Financeira para o Lançamento do Contrato de Câmbio";"en-US";"";"Caption";"c:\projetos\AtlasWeb\CadConfigsis.dfm"
"fCadConfigsis.clContratoCambio_Classificacao";"Lançamento Financeiro";"en-US";"";"FieldLabel";"c:\projetos\AtlasWeb\CadConfigsis.dfm"
"fCadConfigsis.clContratoCambio_Documento";"Documento";"en-US";"";"FieldLabel";"c:\projetos\AtlasWeb\CadConfigsis.dfm"
"fCadConfigsis.TabSheet5";"&Duplicatas";"en-US";"";"Caption";"c:\projetos\AtlasWeb\CadConfigsis.dfm"
"fCadConfigsis.GroupBox4";"Geração das Duplicatas dos Impostos";"en-US";"";"Caption";"c:\projetos\AtlasWeb\CadConfigsis.dfm"
"fCadConfigsis.cDuplicata01_Dias";"Vencto.(Dias)";"en-US";"";"FieldLabel";"c:\projetos\AtlasWeb\CadConfigsis.dfm"
"fCadConfigsis.cDuplicata02_Dias";"Vencto.(Dias)";"en-US";"";"FieldLabel";"c:\projetos\AtlasWeb\CadConfigsis.dfm"
"fCadConfigsis.cDuplicata03_Dias";"Vencto.(Dias)";"en-US";"";"FieldLabel";"c:\projetos\AtlasWeb\CadConfigsis.dfm"
"fCadConfigsis.cDuplicata04_Dias";"Vencto.(Dias)";"en-US";"";"FieldLabel";"c:\projetos\AtlasWeb\CadConfigsis.dfm"
"fCadConfigsis.cDuplicata05_Dias";"Vencto.(Dias)";"en-US";"";"FieldLabel";"c:\projetos\AtlasWeb\CadConfigsis.dfm"
"fCadConfigsis.cDuplicata06_Dias";"Vencto.(Dias)";"en-US";"";"FieldLabel";"c:\projetos\AtlasWeb\CadConfigsis.dfm"
"fCadConfigsis.cDuplicata07_Dias";"Vencto.(Dias)";"en-US";"";"FieldLabel";"c:\projetos\AtlasWeb\CadConfigsis.dfm"
"fCadConfigsis.cDuplicata08_Dias";"Vencto.(Dias)";"en-US";"";"FieldLabel";"c:\projetos\AtlasWeb\CadConfigsis.dfm"
"fCadConfigsis.cDuplicata01_Sub";"Mês Subsequente";"en-US";"";"Caption";"c:\projetos\AtlasWeb\CadConfigsis.dfm"
"fCadConfigsis.cDuplicata02_Sub";"Mês Subsequente";"en-US";"";"Caption";"c:\projetos\AtlasWeb\CadConfigsis.dfm"
"fCadConfigsis.cDuplicata03_Sub";"Mês Subsequente";"en-US";"";"Caption";"c:\projetos\AtlasWeb\CadConfigsis.dfm"
"fCadConfigsis.cDuplicata04_Sub";"Mês Subsequente";"en-US";"";"Caption";"c:\projetos\AtlasWeb\CadConfigsis.dfm"
"fCadConfigsis.cDuplicata05_Sub";"Mês Subsequente";"en-US";"";"Caption";"c:\projetos\AtlasWeb\CadConfigsis.dfm"
"fCadConfigsis.cDuplicata06_Sub";"Mês Subsequente";"en-US";"";"Caption";"c:\projetos\AtlasWeb\CadConfigsis.dfm"
"fCadConfigsis.cDuplicata07_Sub";"Mês Subsequente";"en-US";"";"Caption";"c:\projetos\AtlasWeb\CadConfigsis.dfm"
"fCadConfigsis.cDuplicata08_Sub";"Mês Subsequente";"en-US";"";"Caption";"c:\projetos\AtlasWeb\CadConfigsis.dfm"
"fCadConfigsis.clDuplicata01";"Duplicata 1";"en-US";"";"FieldLabel";"c:\projetos\AtlasWeb\CadConfigsis.dfm"
"fCadConfigsis.clDuplicata02";"Duplicata 2";"en-US";"";"FieldLabel";"c:\projetos\AtlasWeb\CadConfigsis.dfm"
"fCadConfigsis.clDuplicata03";"Duplicata 3";"en-US";"";"FieldLabel";"c:\projetos\AtlasWeb\CadConfigsis.dfm"
"fCadConfigsis.clDuplicata06";"Duplicata 6";"en-US";"";"FieldLabel";"c:\projetos\AtlasWeb\CadConfigsis.dfm"
"fCadConfigsis.clDuplicata05";"Duplicata 5";"en-US";"";"FieldLabel";"c:\projetos\AtlasWeb\CadConfigsis.dfm"
"fCadConfigsis.clDuplicata04";"Duplicata 4";"en-US";"";"FieldLabel";"c:\projetos\AtlasWeb\CadConfigsis.dfm"
"fCadConfigsis.clDuplicata08";"Duplicata 8";"en-US";"";"FieldLabel";"c:\projetos\AtlasWeb\CadConfigsis.dfm"
"fCadConfigsis.clDuplicata07";"Duplicata 7";"en-US";"";"FieldLabel";"c:\projetos\AtlasWeb\CadConfigsis.dfm"
"fCadConfigsis.cGerar_DuplImpostos";"Gerar as duplicatas dos impostos na emissão da nota fiscal.";"en-US";"";"Caption";"c:\projetos\AtlasWeb\CadConfigsis.dfm"
"fCadConfigsis.clDuplicata01_Class";"Classificação";"en-US";"";"FieldLabel";"c:\projetos\AtlasWeb\CadConfigsis.dfm"
"fCadConfigsis.clDuplicata02_Class";"Classificação";"en-US";"";"FieldLabel";"c:\projetos\AtlasWeb\CadConfigsis.dfm"
"fCadConfigsis.clDuplicata03_Class";"Classificação";"en-US";"";"FieldLabel";"c:\projetos\AtlasWeb\CadConfigsis.dfm"
"fCadConfigsis.clDuplicata06_Class";"Classificação";"en-US";"";"FieldLabel";"c:\projetos\AtlasWeb\CadConfigsis.dfm"
"fCadConfigsis.clDuplicata05_Class";"Classificação";"en-US";"";"FieldLabel";"c:\projetos\AtlasWeb\CadConfigsis.dfm"
"fCadConfigsis.clDuplicata04_Class";"Classificação";"en-US";"";"FieldLabel";"c:\projetos\AtlasWeb\CadConfigsis.dfm"
"fCadConfigsis.clDuplicata08_Class";"Classificação";"en-US";"";"FieldLabel";"c:\projetos\AtlasWeb\CadConfigsis.dfm"
"fCadConfigsis.clDuplicata07_Class";"Classificação";"en-US";"";"FieldLabel";"c:\projetos\AtlasWeb\CadConfigsis.dfm"
"fCadConfigsis.cDia_Util";"Vencimentos em final de semana?";"en-US";"";"Caption";"c:\projetos\AtlasWeb\CadConfigsis.dfm"
"fCadConfigsis.cDiferenca_Duplicata";"Diferença de arredondamento";"en-US";"";"Caption";"c:\projetos\AtlasWeb\CadConfigsis.dfm"
"fCadConfigsis.cSequencial_Duplicata";"Numero da Duplicata";"en-US";"";"Caption";"c:\projetos\AtlasWeb\CadConfigsis.dfm"
"fCadConfigsis.TabSheet9";"&Diversos";"en-US";"";"Caption";"c:\projetos\AtlasWeb\CadConfigsis.dfm"
"fCadConfigsis.cHora_Solicitacao";"Hora limite para solicitação de numerários";"en-US";"";"FieldLabel";"c:\projetos\AtlasWeb\CadConfigsis.dfm"
"fCadConfigsis.GroupBox20";"Lançamento Financeiro (Pagamento Comissões a Representantes)";"en-US";"";"Caption";"c:\projetos\AtlasWeb\CadConfigsis.dfm"
"fCadConfigsis.clTipo_DocumentoPagamento";"Tipo de Documento";"en-US";"";"FieldLabel";"c:\projetos\AtlasWeb\CadConfigsis.dfm"
"fCadConfigsis.clCentro_CustoPagamento";"Centro de Custo";"en-US";"";"FieldLabel";"c:\projetos\AtlasWeb\CadConfigsis.dfm"
"fCadConfigsis.clClassificacao_Pagamento";"Classificação Financeira";"en-US";"";"FieldLabel";"c:\projetos\AtlasWeb\CadConfigsis.dfm"
"fCadConfigsis.GroupBox25";"Informações default para empréstimos bancários (Capital de Giro)";"en-US";"";"Caption";"c:\projetos\AtlasWeb\CadConfigsis.dfm"
"fCadConfigsis.clEmprestimoBancario_CentroCusto";"Centro de Custo";"en-US";"";"FieldLabel";"c:\projetos\AtlasWeb\CadConfigsis.dfm"
"fCadConfigsis.clEmprestimoBancario_ClassificacaoR";"Classificação Financeira (Recebimento)";"en-US";"";"FieldLabel";"c:\projetos\AtlasWeb\CadConfigsis.dfm"
"fCadConfigsis.clEmprestimoBancario_TipoDocumento";"Tipo de Documento";"en-US";"";"FieldLabel";"c:\projetos\AtlasWeb\CadConfigsis.dfm"
"fCadConfigsis.clEmprestimoBancario_ClassificacaoP";"Classificação Financeira (Pagamento)";"en-US";"";"FieldLabel";"c:\projetos\AtlasWeb\CadConfigsis.dfm"
"fCadConfigsis.cEmprestimoBancario_FormaRecebimento";"Forma de Recebimento";"en-US";"";"FieldLabel";"c:\projetos\AtlasWeb\CadConfigsis.dfm"
"fCadConfigsis.cCalculo_Comissao";"Calcular comissão de representantes";"en-US";"";"Caption";"c:\projetos\AtlasWeb\CadConfigsis.dfm"
"fCadConfigsis.clTipo_DocumentoPagamentoTelevendas";"Tipo de Documento";"en-US";"";"FieldLabel";"c:\projetos\AtlasWeb\CadConfigsis.dfm"
"fCadConfigsis.clCentro_CustoPagamentoTelevendas";"Centro de Custo";"en-US";"";"FieldLabel";"c:\projetos\AtlasWeb\CadConfigsis.dfm"
"fCadConfigsis.clClassificacao_PagamentoTelevendas";"Classificação Financeira";"en-US";"";"FieldLabel";"c:\projetos\AtlasWeb\CadConfigsis.dfm"
"fCadConfigsis.GroupBox32";"Lançamento Financeiro (Pagamento Comissões - Outras)";"en-US";"";"Caption";"c:\projetos\AtlasWeb\CadConfigsis.dfm"
"fCadConfigsis.clTipo_DocumentoPagamentoOutros";"Tipo de Documento";"en-US";"";"FieldLabel";"c:\projetos\AtlasWeb\CadConfigsis.dfm"
"fCadConfigsis.clCentro_CustoPagamentoOutros";"Centro de Custo";"en-US";"";"FieldLabel";"c:\projetos\AtlasWeb\CadConfigsis.dfm"
"fCadConfigsis.clClassificacao_PagamentoOutros";"Classificação Financeira";"en-US";"";"FieldLabel";"c:\projetos\AtlasWeb\CadConfigsis.dfm"
"fCadConfigsis.TabSheet15";"&Boleto Bancário";"en-US";"";"Caption";"c:\projetos\AtlasWeb\CadConfigsis.dfm"
"fCadConfigsis.cBoleto_Contato";"Imprimir dados de contato no boleto.";"en-US";"";"Caption";"c:\projetos\AtlasWeb\CadConfigsis.dfm"
"fCadConfigsis.cBoleto_PercentualMulta";"Percentual de multa após o vencimento";"en-US";"";"FieldLabel";"c:\projetos\AtlasWeb\CadConfigsis.dfm"
"fCadConfigsis.cBoleto_PercentualJuros";"Percentual de Juros por dia de atraso";"en-US";"";"FieldLabel";"c:\projetos\AtlasWeb\CadConfigsis.dfm"
"fCadConfigsis.cBoleto_ProtestoDias";"Protestar após quantos dias";"en-US";"";"FieldLabel";"c:\projetos\AtlasWeb\CadConfigsis.dfm"
"fCadConfigsis.cBoleto_EspecieDOC";"Espécie Documento";"en-US";"";"FieldLabel";"c:\projetos\AtlasWeb\CadConfigsis.dfm"
"fCadConfigsis.cBoleto_LocalPagamento";"Local de Pagamento";"en-US";"";"FieldLabel";"c:\projetos\AtlasWeb\CadConfigsis.dfm"
"fCadConfigsis.cBoleto_InstrucaoCod";"Instruções 1 (Código/Descrição)";"en-US";"";"FieldLabel";"c:\projetos\AtlasWeb\CadConfigsis.dfm"
"fCadConfigsis.cBoleto_InstrucaoCod2";"Instruções 2 (Código)";"en-US";"";"FieldLabel";"c:\projetos\AtlasWeb\CadConfigsis.dfm"
"fCadConfigsis.TabSheet3";"P&rocessos";"en-US";"";"Caption";"c:\projetos\AtlasWeb\CadConfigsis.dfm"
"fCadConfigsis.TabSheet19";"&Diversos";"en-US";"";"Caption";"c:\projetos\AtlasWeb\CadConfigsis.dfm"
"fCadConfigsis.cProcesso_Numero";"Geração do Número do Processo/PO Automático";"en-US";"";"Caption";"c:\projetos\AtlasWeb\CadConfigsis.dfm"
"fCadConfigsis.cProcesso_DigitosAno";"Digitos do Ano";"en-US";"";"Caption";"c:\projetos\AtlasWeb\CadConfigsis.dfm"
"fCadConfigsis.cBloquear_ProcessoFechado";"Bloquear a movimentação financeira para processos fechados.";"en-US";"";"Caption";"c:\projetos\AtlasWeb\CadConfigsis.dfm"
"fCadConfigsis.cProcesso_ObrigarFatura";"Obrigar campos da fatura no cadastro do processo.";"en-US";"";"Caption";"c:\projetos\AtlasWeb\CadConfigsis.dfm"
"fCadConfigsis.cValor_DI";"Valor da DI";"en-US";"";"FieldLabel";"c:\projetos\AtlasWeb\CadConfigsis.dfm"
"fCadConfigsis.TabSheet17";"&Importação de DI";"en-US";"";"Caption";"c:\projetos\AtlasWeb\CadConfigsis.dfm"
"fCadConfigsis.GroupBox8";"Importação de DI's do SISCOMEX";"en-US";"";"Caption";"c:\projetos\AtlasWeb\CadConfigsis.dfm"
"fCadConfigsis.clMoeda_Importacao";"Moeda padrão p/conversão p/DI's com mais de uma moeda";"en-US";"";"FieldLabel";"c:\projetos\AtlasWeb\CadConfigsis.dfm"
"fCadConfigsis.clRamo_Atividade";"Ramo de atividade padrão para fornecedores do exterior";"en-US";"";"FieldLabel";"c:\projetos\AtlasWeb\CadConfigsis.dfm"
"fCadConfigsis.cAdicao_PesoLiquido";"Peso Unitário Produto";"en-US";"";"Caption";"c:\projetos\AtlasWeb\CadConfigsis.dfm"
"fCadConfigsis.cSISCOMEX_MascaraReferencia";"Máscara p/importação cód.referência na descrição do prod.";"en-US";"";"FieldLabel";"c:\projetos\AtlasWeb\CadConfigsis.dfm"
"fCadConfigsis.cProcesso_ImportarFechado";"Importar processos com notas fiscais já emitidas.";"en-US";"";"Caption";"c:\projetos\AtlasWeb\CadConfigsis.dfm"
"fCadConfigsis.cAFRMM_Calcular";"Calcular valor de AFRMM e gerar lançamento no financeiro.";"en-US";"";"Caption";"c:\projetos\AtlasWeb\CadConfigsis.dfm"
"fCadConfigsis.cAFRMM_Tarifa";"Tarifa";"en-US";"";"FieldLabel";"c:\projetos\AtlasWeb\CadConfigsis.dfm"
"fCadConfigsis.cAFRMM_Taxa";"Taxa Utilização Mercante";"en-US";"";"FieldLabel";"c:\projetos\AtlasWeb\CadConfigsis.dfm"
"fCadConfigsis.cAFRMM_Percentual";"Percentual p/Cálculo";"en-US";"";"FieldLabel";"c:\projetos\AtlasWeb\CadConfigsis.dfm"
"fCadConfigsis.cSISCOMEX_MascaraPosicao";"Posição do código de referência na descrição";"en-US";"";"Caption";"c:\projetos\AtlasWeb\CadConfigsis.dfm"
"fCadConfigsis.cSISCOMEX_MascaraPO";"Máscara p/importação do nº do PO na descrição do prod.";"en-US";"";"FieldLabel";"c:\projetos\AtlasWeb\CadConfigsis.dfm"
"fCadConfigsis.cSISCOMEX_MascaraITEM";"Máscara p/importação do nº do ITEM na descrição do prod.";"en-US";"";"FieldLabel";"c:\projetos\AtlasWeb\CadConfigsis.dfm"
"fCadConfigsis.TabSheet18";"&Fechamento de Processos";"en-US";"";"Caption";"c:\projetos\AtlasWeb\CadConfigsis.dfm"
"fCadConfigsis.GroupBox21";"Parâmetros para Fechamento de Processo";"en-US";"";"Caption";"c:\projetos\AtlasWeb\CadConfigsis.dfm"
"fCadConfigsis.clProcesso_FechamentoCSLL";"CSLL";"en-US";"";"FieldLabel";"c:\projetos\AtlasWeb\CadConfigsis.dfm"
"fCadConfigsis.clProcesso_FechamentoIRPJ";"IRPJ";"en-US";"";"FieldLabel";"c:\projetos\AtlasWeb\CadConfigsis.dfm"
"fCadConfigsis.cProcesso_FechamentoICMSPagar";"Percentual ICMS (Pagar)";"en-US";"";"FieldLabel";"c:\projetos\AtlasWeb\CadConfigsis.dfm"
"fCadConfigsis.cProcesso_FechamentoFDE";"Percentual FDE";"en-US";"";"FieldLabel";"c:\projetos\AtlasWeb\CadConfigsis.dfm"
"fCadConfigsis.cProcesso_FechamentoAssAduaneira";"Assessoria Aduaneira";"en-US";"";"FieldLabel";"c:\projetos\AtlasWeb\CadConfigsis.dfm"
"fCadConfigsis.clProcesso_FechamentoClassPgtoCliente";"Classificação Pgto. Cliente";"en-US";"";"FieldLabel";"c:\projetos\AtlasWeb\CadConfigsis.dfm"
"fCadConfigsis.clProcesso_FechamentoClassCorrecao";"Classificação Corr.Financ.";"en-US";"";"FieldLabel";"c:\projetos\AtlasWeb\CadConfigsis.dfm"
"fCadConfigsis.cProcesso_FechamentoCorrecao";"Percentual Correção Dia";"en-US";"";"FieldLabel";"c:\projetos\AtlasWeb\CadConfigsis.dfm"
"fCadConfigsis.cProcesso_FechamentoObservacao";"Observação das Despesas";"en-US";"";"Caption";"c:\projetos\AtlasWeb\CadConfigsis.dfm"
"fCadConfigsis.cProcesso_FechamentoObsTexto";"Observação para o Fechamento";"en-US";"";"FieldLabel";"c:\projetos\AtlasWeb\CadConfigsis.dfm"
"fCadConfigsis.clProcesso_FechamentoDRE";"Código da DRE";"en-US";"";"FieldLabel";"c:\projetos\AtlasWeb\CadConfigsis.dfm"
"fCadConfigsis.TabSheet8";"&Checagens";"en-US";"";"Caption";"c:\projetos\AtlasWeb\CadConfigsis.dfm"
"fCadConfigsis.GroupBox22";"Entrega de Arquivos Fiscais";"en-US";"";"Caption";"c:\projetos\AtlasWeb\CadConfigsis.dfm"
"fCadConfigsis.cVencimento_FISCAL";"Dia Vencimento SPED FISCAL";"en-US";"";"FieldLabel";"c:\projetos\AtlasWeb\CadConfigsis.dfm"
"fCadConfigsis.cVencimento_PISCOFINS";"Dia Vencimento SPED PIS/COFINS";"en-US";"";"FieldLabel";"c:\projetos\AtlasWeb\CadConfigsis.dfm"
"fCadConfigsis.cVencimento_CONTABIL";"Dia Vencimento SPED CONTABIL";"en-US";"";"FieldLabel";"c:\projetos\AtlasWeb\CadConfigsis.dfm"
"fCadConfigsis.cVencimento_SINTEGRA";"Dia Vencimento SINTEGRA";"en-US";"";"FieldLabel";"c:\projetos\AtlasWeb\CadConfigsis.dfm"
"fCadConfigsis.cVencimento_CONTABILMes";"Mês Específico";"en-US";"";"FieldLabel";"c:\projetos\AtlasWeb\CadConfigsis.dfm"
"fCadConfigsis.TabSheet10";"&Banco de Dados";"en-US";"";"Caption";"c:\projetos\AtlasWeb\CadConfigsis.dfm"
"fCadConfigsis.GroupBox23";"Tabelas Compartilhadas";"en-US";"";"Caption";"c:\projetos\AtlasWeb\CadConfigsis.dfm"
"fCadConfigsis.cCompartilhar_Classificacao";"Cadastro de Classificação Financeira";"en-US";"";"Caption";"c:\projetos\AtlasWeb\CadConfigsis.dfm"
"fCadConfigsis.cCompartilhar_Bancos";"Cadastro de Bancos";"en-US";"";"Caption";"c:\projetos\AtlasWeb\CadConfigsis.dfm"
"fCadConfigsis.TabSheet14";"&Televendas";"en-US";"";"Caption";"c:\projetos\AtlasWeb\CadConfigsis.dfm"
"fCadConfigsis.GroupBox28";"Dados de Faturamento para pedidos de Televendas";"en-US";"";"Caption";"c:\projetos\AtlasWeb\CadConfigsis.dfm"
"fCadConfigsis.clTelevendas_Transportador";"Transportador";"en-US";"";"FieldLabel";"c:\projetos\AtlasWeb\CadConfigsis.dfm"
"fCadConfigsis.cTipoNota";"Tipo Nota";"en-US";"";"FieldLabel";"c:\projetos\AtlasWeb\CadConfigsis.dfm"
"fCadConfigsis.cModalidadeFrete";"Modalidade de Frete";"en-US";"";"FieldLabel";"c:\projetos\AtlasWeb\CadConfigsis.dfm"
"fCadConfigsis.RxDBLookupCombo1";"Natureza Operação (Dentro do Estado)";"en-US";"";"FieldLabel";"c:\projetos\AtlasWeb\CadConfigsis.dfm"
"fCadConfigsis.RxDBLookupCombo2";"Natureza Operação (Fora do Estado)";"en-US";"";"FieldLabel";"c:\projetos\AtlasWeb\CadConfigsis.dfm"
"fCadConfigsis.cModalidade";"Modalidade Pgto";"en-US";"";"FieldLabel";"c:\projetos\AtlasWeb\CadConfigsis.dfm"
"fCadConfigsis.TabSheet16";"&Arquivo de Inicialização";"en-US";"";"Caption";"c:\projetos\AtlasWeb\CadConfigsis.dfm"
"fCadConsultaCST.aLista";"CST IPI";"en-US";"";"Caption";"c:\projetos\AtlasWeb\CadConsultaCST.dfm"
"fCadConsultaCST.UniTabSheet1";"CST PIS";"en-US";"";"Caption";"c:\projetos\AtlasWeb\CadConsultaCST.dfm"
"fCadConsultaCST.UniTabSheet2";"CST COFINS";"en-US";"";"Caption";"c:\projetos\AtlasWeb\CadConsultaCST.dfm"
"fCadConsultaCST.UniTabSheet3";"CST ICMS Tabela A (Origem)";"en-US";"";"Caption";"c:\projetos\AtlasWeb\CadConsultaCST.dfm"
"fCadConsultaCST.UniTabSheet9";"CST ICMS Tabela B";"en-US";"";"Caption";"c:\projetos\AtlasWeb\CadConsultaCST.dfm"
"fCadConsultaCST.UniTabSheet4";"CST IBS";"en-US";"";"Caption";"c:\projetos\AtlasWeb\CadConsultaCST.dfm"
"fCadConsultaCST.UniTabSheet5";"CST CBS";"en-US";"";"Caption";"c:\projetos\AtlasWeb\CadConsultaCST.dfm"
"fCadCores.bAdicionar";"Adicionar novo registro.";"en-US";"";"Hint";"c:\projetos\AtlasWeb\CadCores.dfm"
"fCadCores.bEditar";"Editar registro corrente.";"en-US";"";"Hint";"c:\projetos\AtlasWeb\CadCores.dfm"
"fCadCores.bExcluir";"Excluir registro corrente.";"en-US";"";"Hint";"c:\projetos\AtlasWeb\CadCores.dfm"
"fCadCores.bCancelar";"Cancelar modificações feitas no registro corrente.";"en-US";"";"Hint";"c:\projetos\AtlasWeb\CadCores.dfm"
"fCadCores.bGravar";"Salva o registro corrente.";"en-US";"";"Hint";"c:\projetos\AtlasWeb\CadCores.dfm"
"fCadCores.bFechar";"Fecha a tela de cadastro atual.";"en-US";"";"Hint";"c:\projetos\AtlasWeb\CadCores.dfm"
"fCadCores.aLista";"Lista";"en-US";"";"Caption";"c:\projetos\AtlasWeb\CadCores.dfm"
"fCadCores.UniTabSheet1";"Dados Gerais";"en-US";"";"Caption";"c:\projetos\AtlasWeb\CadCores.dfm"
"fCadCores.pFicha";"DADOS GERAIS";"en-US";"";"Title";"c:\projetos\AtlasWeb\CadCores.dfm"
"fCadCores.cNome";"Nome";"en-US";"";"FieldLabel";"c:\projetos\AtlasWeb\CadCores.dfm"
"fCadCores.cCodigo";"Código";"en-US";"";"FieldLabel";"c:\projetos\AtlasWeb\CadCores.dfm"
"fCadCotacao.cData";"Data";"en-US";"";"FieldLabel";"c:\projetos\AtlasWeb\CadCotacao.dfm"
"fCadCotacao.cValor";"Valor";"en-US";"";"FieldLabel";"c:\projetos\AtlasWeb\CadCotacao.dfm"
"fCadCotacao.UniPanel1";"UniPanel1";"en-US";"";"Caption";"c:\projetos\AtlasWeb\CadCotacao.dfm"
"fCadCotacao.bAdicionar";"Adicionar novo registro.";"en-US";"";"Hint";"c:\projetos\AtlasWeb\CadCotacao.dfm"
"fCadCotacao.bEditar";"Editar registro corrente.";"en-US";"";"Hint";"c:\projetos\AtlasWeb\CadCotacao.dfm"
"fCadCotacao.bExcluir";"Excluir registro corrente.";"en-US";"";"Hint";"c:\projetos\AtlasWeb\CadCotacao.dfm"
"fCadCotacao.bCancelar";"Cancelar modificações feitas no registro corrente.";"en-US";"";"Hint";"c:\projetos\AtlasWeb\CadCotacao.dfm"
"fCadCotacao.bGravar";"Salva o registro corrente.";"en-US";"";"Hint";"c:\projetos\AtlasWeb\CadCotacao.dfm"
"fCadCotacao.bFechar";"Fecha a tela de cadastro atual.";"en-US";"";"Hint";"c:\projetos\AtlasWeb\CadCotacao.dfm"
"fCadCotacao.Alerta";"Title";"en-US";"";"Title";"c:\projetos\AtlasWeb\CadCotacao.dfm"
"fCadDestinatarios.bAdicionar";"Adicionar novo registro.";"en-US";"";"Hint";"c:\projetos\AtlasWeb\CadDestinatarios.dfm"
"fCadDestinatarios.bEditar";"Editar registro corrente.";"en-US";"";"Hint";"c:\projetos\AtlasWeb\CadDestinatarios.dfm"
"fCadDestinatarios.bExcluir";"Excluir registro corrente.";"en-US";"";"Hint";"c:\projetos\AtlasWeb\CadDestinatarios.dfm"
"fCadDestinatarios.bCancelar";"Cancelar modificações feitas no registro corrente.";"en-US";"";"Hint";"c:\projetos\AtlasWeb\CadDestinatarios.dfm"
"fCadDestinatarios.bSalvar";"Salva o registro corrente.";"en-US";"";"Hint";"c:\projetos\AtlasWeb\CadDestinatarios.dfm"
"fCadDestinatarios.bFechar";"Fecha a tela de cadastro atual.";"en-US";"";"Hint";"c:\projetos\AtlasWeb\CadDestinatarios.dfm"
"fCadDestinatarios.aLista";"Lista";"en-US";"";"Caption";"c:\projetos\AtlasWeb\CadDestinatarios.dfm"
"fCadDestinatarios.UniTabSheet1";"Dados Basicos";"en-US";"";"Caption";"c:\projetos\AtlasWeb\CadDestinatarios.dfm"
"fCadDestinatarios.pFicha1";"Dados Basicos";"en-US";"";"Title";"c:\projetos\AtlasWeb\CadDestinatarios.dfm"
"fCadDestinatarios.cCodigo";"Código";"en-US";"";"FieldLabel";"c:\projetos\AtlasWeb\CadDestinatarios.dfm"
"fCadDestinatarios.cNome";"Nome";"en-US";"";"FieldLabel";"c:\projetos\AtlasWeb\CadDestinatarios.dfm"
"fCadDestinatarios.cNome_Fantasia";"Nome Fantasia";"en-US";"";"FieldLabel";"c:\projetos\AtlasWeb\CadDestinatarios.dfm"
"fCadDestinatarios.cRua";"Rua";"en-US";"";"FieldLabel";"c:\projetos\AtlasWeb\CadDestinatarios.dfm"
"fCadDestinatarios.cRua_Numero";"Número";"en-US";"";"FieldLabel";"c:\projetos\AtlasWeb\CadDestinatarios.dfm"
"fCadDestinatarios.cComplemento";"Complemento";"en-US";"";"FieldLabel";"c:\projetos\AtlasWeb\CadDestinatarios.dfm"
"fCadDestinatarios.cBairro";"Bairro";"en-US";"";"FieldLabel";"c:\projetos\AtlasWeb\CadDestinatarios.dfm"
"fCadDestinatarios.cMunicipio";"Município";"en-US";"";"FieldLabel";"c:\projetos\AtlasWeb\CadDestinatarios.dfm"
"fCadDestinatarios.cEstado";"Estado";"en-US";"";"FieldLabel";"c:\projetos\AtlasWeb\CadDestinatarios.dfm"
"fCadDestinatarios.cCEP";"CEP";"en-US";"";"FieldLabel";"c:\projetos\AtlasWeb\CadDestinatarios.dfm"
"fCadDestinatarios.cTelefone1";"Telefone";"en-US";"";"FieldLabel";"c:\projetos\AtlasWeb\CadDestinatarios.dfm"
"fCadDestinatarios.cTelefone2";"Telefone";"en-US";"";"FieldLabel";"c:\projetos\AtlasWeb\CadDestinatarios.dfm"
"fCadDestinatarios.cContato";"Contato";"en-US";"";"FieldLabel";"c:\projetos\AtlasWeb\CadDestinatarios.dfm"
"fCadDestinatarios.cData_Cadastro";"Data do Cadastro";"en-US";"";"FieldLabel";"c:\projetos\AtlasWeb\CadDestinatarios.dfm"
"fCadDestinatarios.gPerfil";"Perfil / Características";"en-US";"";"Caption";"c:\projetos\AtlasWeb\CadDestinatarios.dfm"
"fCadDestinatarios.cIsento";"Isento de IE";"en-US";"";"Caption";"c:\projetos\AtlasWeb\CadDestinatarios.dfm"
"fCadDestinatarios.cAtivo";"Desativado";"en-US";"";"Caption";"c:\projetos\AtlasWeb\CadDestinatarios.dfm"
"fCadDestinatarios.cSimples_Nacional";"Simples_Nacional";"en-US";"";"Caption";"c:\projetos\AtlasWeb\CadDestinatarios.dfm"
"fCadDestinatarios.cZona_Franca";"Zona_Franca";"en-US";"";"Caption";"c:\projetos\AtlasWeb\CadDestinatarios.dfm"
"fCadDestinatarios.cConsumidor_Final";"Consumidor_Final";"en-US";"";"Caption";"c:\projetos\AtlasWeb\CadDestinatarios.dfm"
"fCadDestinatarios.cMEI";"MEI";"en-US";"";"Caption";"c:\projetos\AtlasWeb\CadDestinatarios.dfm"
"fCadDestinatarios.cInscricaoST";"Possui Inscrição de ST";"en-US";"";"Caption";"c:\projetos\AtlasWeb\CadDestinatarios.dfm"
"fCadDestinatarios.cCliente";"Cliente";"en-US";"";"Caption";"c:\projetos\AtlasWeb\CadDestinatarios.dfm"
"fCadDestinatarios.cFornecedor";"Fornecedor";"en-US";"";"Caption";"c:\projetos\AtlasWeb\CadDestinatarios.dfm"
"fCadDestinatarios.cOrgao_Publico";"Orgao_Publico";"en-US";"";"Caption";"c:\projetos\AtlasWeb\CadDestinatarios.dfm"
"fCadDestinatarios.cTransportador";"Transportador";"en-US";"";"Caption";"c:\projetos\AtlasWeb\CadDestinatarios.dfm"
"fCadDestinatarios.cFabricante";"Fabricante";"en-US";"";"Caption";"c:\projetos\AtlasWeb\CadDestinatarios.dfm"
"fCadDestinatarios.cRepresentante";"Representante";"en-US";"";"Caption";"c:\projetos\AtlasWeb\CadDestinatarios.dfm"
"fCadDestinatarios.cConsignacao";"Cliente de Consignação";"en-US";"";"Caption";"c:\projetos\AtlasWeb\CadDestinatarios.dfm"
"fCadDestinatarios.UniDBCheckBox2";"Micro Empresa";"en-US";"";"Caption";"c:\projetos\AtlasWeb\CadDestinatarios.dfm"
"fCadDestinatarios.UniDBCheckBox3";"Exportador";"en-US";"";"Caption";"c:\projetos\AtlasWeb\CadDestinatarios.dfm"
"fCadDestinatarios.UniDBCheckBox4";"Armazém";"en-US";"";"Caption";"c:\projetos\AtlasWeb\CadDestinatarios.dfm"
"fCadDestinatarios.UniDBCheckBox5";"Varejista";"en-US";"";"Caption";"c:\projetos\AtlasWeb\CadDestinatarios.dfm"
"fCadDestinatarios.UniDBCheckBox6";"Atacadista";"en-US";"";"Caption";"c:\projetos\AtlasWeb\CadDestinatarios.dfm"
"fCadDestinatarios.UniDBCheckBox7";"Prospecção";"en-US";"";"Caption";"c:\projetos\AtlasWeb\CadDestinatarios.dfm"
"fCadDestinatarios.UniDBCheckBox8";"Bloqueado";"en-US";"";"Caption";"c:\projetos\AtlasWeb\CadDestinatarios.dfm"
"fCadDestinatarios.UniDBCheckBox9";"Terminal";"en-US";"";"Caption";"c:\projetos\AtlasWeb\CadDestinatarios.dfm"
"fCadDestinatarios.UniDBCheckBox10";"Atendente de Call Center";"en-US";"";"Caption";"c:\projetos\AtlasWeb\CadDestinatarios.dfm"
"fCadDestinatarios.UniDBCheckBox11";"Importador";"en-US";"";"Caption";"c:\projetos\AtlasWeb\CadDestinatarios.dfm"
"fCadDestinatarios.gPJ";"Registros / Inscrições (Pessoa Juridica)";"en-US";"";"Caption";"c:\projetos\AtlasWeb\CadDestinatarios.dfm"
"fCadDestinatarios.cCNPJ";"CNPJ";"en-US";"";"FieldLabel";"c:\projetos\AtlasWeb\CadDestinatarios.dfm"
"fCadDestinatarios.cInscricao_Estadual";"Inscrição Estadual";"en-US";"";"FieldLabel";"c:\projetos\AtlasWeb\CadDestinatarios.dfm"
"fCadDestinatarios.cInscricao_Municipal";"Inscrição Municipal";"en-US";"";"FieldLabel";"c:\projetos\AtlasWeb\CadDestinatarios.dfm"
"fCadDestinatarios.cSUFRAMA";"SUFRAMA";"en-US";"";"FieldLabel";"c:\projetos\AtlasWeb\CadDestinatarios.dfm"
"fCadDestinatarios.cRegistro_Alfandega";"Registro Alfandega";"en-US";"";"FieldLabel";"c:\projetos\AtlasWeb\CadDestinatarios.dfm"
"fCadDestinatarios.cCNAE";"CNAE Principal";"en-US";"";"FieldLabel";"c:\projetos\AtlasWeb\CadDestinatarios.dfm"
"fCadDestinatarios.cDesoneracao";"Desoneracao";"en-US";"";"FieldLabel";"c:\projetos\AtlasWeb\CadDestinatarios.dfm"
"fCadDestinatarios.cIndicadorIE";"Indicador de IE";"en-US";"";"FieldLabel";"c:\projetos\AtlasWeb\CadDestinatarios.dfm"
"fCadDestinatarios.gOrgao";"Orgão Público";"en-US";"";"Caption";"c:\projetos\AtlasWeb\CadDestinatarios.dfm"
"fCadDestinatarios.cEstado_Municipio";"Estado/Municipio";"en-US";"";"FieldLabel";"c:\projetos\AtlasWeb\CadDestinatarios.dfm"
"fCadDestinatarios.cAbreviatura";"Abreviatura";"en-US";"";"FieldLabel";"c:\projetos\AtlasWeb\CadDestinatarios.dfm"
"fCadDestinatarios.cPais";"País";"en-US";"";"FieldLabel";"c:\projetos\AtlasWeb\CadDestinatarios.dfm"
"fCadDestinatarios.cRamo_Atividade";"Ramo de Atividade";"en-US";"";"FieldLabel";"c:\projetos\AtlasWeb\CadDestinatarios.dfm"
"fCadDestinatarios.UniDBLookupComboBox1";"Tipo de Produto";"en-US";"";"FieldLabel";"c:\projetos\AtlasWeb\CadDestinatarios.dfm"
"fCadDestinatarios.gPF";"Registros / Inscrições (Pessoa Física)";"en-US";"";"Caption";"c:\projetos\AtlasWeb\CadDestinatarios.dfm"
"fCadDestinatarios.cCPF";"CPF";"en-US";"";"FieldLabel";"c:\projetos\AtlasWeb\CadDestinatarios.dfm"
"fCadDestinatarios.cRG";"RG";"en-US";"";"FieldLabel";"c:\projetos\AtlasWeb\CadDestinatarios.dfm"
"fCadDestinatarios.cPassaporte";"Passaporte";"en-US";"";"FieldLabel";"c:\projetos\AtlasWeb\CadDestinatarios.dfm"
"fCadDestinatarios.UniTabSheet2";"Pessoais";"en-US";"";"Caption";"c:\projetos\AtlasWeb\CadDestinatarios.dfm"
"fCadDestinatarios.pFicha2";"DADOS GERAIS";"en-US";"";"Title";"c:\projetos\AtlasWeb\CadDestinatarios.dfm"
"fCadDestinatarios.cData_Nascimento";"Data de Nascimento";"en-US";"";"FieldLabel";"c:\projetos\AtlasWeb\CadDestinatarios.dfm"
"fCadDestinatarios.cNaturalidade";"Natural de";"en-US";"";"FieldLabel";"c:\projetos\AtlasWeb\CadDestinatarios.dfm"
"fCadDestinatarios.cNome_Mae";"Nome da Mãe";"en-US";"";"FieldLabel";"c:\projetos\AtlasWeb\CadDestinatarios.dfm"
"fCadDestinatarios.cNome_Pai";"Nome do Pai";"en-US";"";"FieldLabel";"c:\projetos\AtlasWeb\CadDestinatarios.dfm"
"fCadDestinatarios.cProfissao";"Profissão";"en-US";"";"FieldLabel";"c:\projetos\AtlasWeb\CadDestinatarios.dfm"
"fCadDestinatarios.cSexo";"Sexo";"en-US";"";"Caption";"c:\projetos\AtlasWeb\CadDestinatarios.dfm"
"fCadDestinatarios.cEstadoCivil";"Estado Civil";"en-US";"";"Caption";"c:\projetos\AtlasWeb\CadDestinatarios.dfm"
"fCadDestinatarios.UniDBFormattedNumberEdit1";"Renda Mensal";"en-US";"";"FieldLabel";"c:\projetos\AtlasWeb\CadDestinatarios.dfm"
"fCadDestinatarios.UniGroupBox1";"Local de trabalho";"en-US";"";"Caption";"c:\projetos\AtlasWeb\CadDestinatarios.dfm"
"fCadDestinatarios.cTempo_Servico";"Tempo de Serviço";"en-US";"";"FieldLabel";"c:\projetos\AtlasWeb\CadDestinatarios.dfm"
"fCadDestinatarios.cTrabalho_Local";"Local / Empresa";"en-US";"";"FieldLabel";"c:\projetos\AtlasWeb\CadDestinatarios.dfm"
"fCadDestinatarios.cTrabalho_Endereco";"Rua";"en-US";"";"FieldLabel";"c:\projetos\AtlasWeb\CadDestinatarios.dfm"
"fCadDestinatarios.cTrabalho_Bairro";"Bairro";"en-US";"";"FieldLabel";"c:\projetos\AtlasWeb\CadDestinatarios.dfm"
"fCadDestinatarios.cTrabalho_Cidade";"Município";"en-US";"";"FieldLabel";"c:\projetos\AtlasWeb\CadDestinatarios.dfm"
"fCadDestinatarios.cTrabalho_CEP";"CEP";"en-US";"";"FieldLabel";"c:\projetos\AtlasWeb\CadDestinatarios.dfm"
"fCadDestinatarios.cTrabalho_Estado";"Estado";"en-US";"";"FieldLabel";"c:\projetos\AtlasWeb\CadDestinatarios.dfm"
"fCadDestinatarios.cTrabalho_Telefone";"Telefone";"en-US";"";"FieldLabel";"c:\projetos\AtlasWeb\CadDestinatarios.dfm"
"fCadDestinatarios.UniTabSheet3";"Referências";"en-US";"";"Caption";"c:\projetos\AtlasWeb\CadDestinatarios.dfm"
"fCadDestinatarios.pFicha3";"DADOS GERAIS";"en-US";"";"Title";"c:\projetos\AtlasWeb\CadDestinatarios.dfm"
"fCadDestinatarios.UniGroupBox4";"Referências Bancárias";"en-US";"";"Caption";"c:\projetos\AtlasWeb\CadDestinatarios.dfm"
"fCadDestinatarios.cReferencias_Banco1";"Banco";"en-US";"";"FieldLabel";"c:\projetos\AtlasWeb\CadDestinatarios.dfm"
"fCadDestinatarios.cReferencias_Banco1Agencia";"Agência";"en-US";"";"FieldLabel";"c:\projetos\AtlasWeb\CadDestinatarios.dfm"
"fCadDestinatarios.cReferencias_Banco1Conta";"Conta";"en-US";"";"FieldLabel";"c:\projetos\AtlasWeb\CadDestinatarios.dfm"
"fCadDestinatarios.cReferencias_Banco1Data";"Data";"en-US";"";"FieldLabel";"c:\projetos\AtlasWeb\CadDestinatarios.dfm"
"fCadDestinatarios.cReferencias_Banco2";"Banco";"en-US";"";"FieldLabel";"c:\projetos\AtlasWeb\CadDestinatarios.dfm"
"fCadDestinatarios.cReferencias_Banco2Agencia";"Agência";"en-US";"";"FieldLabel";"c:\projetos\AtlasWeb\CadDestinatarios.dfm"
"fCadDestinatarios.cReferencias_Banco2Conta";"Conta";"en-US";"";"FieldLabel";"c:\projetos\AtlasWeb\CadDestinatarios.dfm"
"fCadDestinatarios.cReferencias_Banco2Data";"Data";"en-US";"";"FieldLabel";"c:\projetos\AtlasWeb\CadDestinatarios.dfm"
"fCadDestinatarios.cReferencias_Cartoes";"Cartões de Crédito";"en-US";"";"FieldLabel";"c:\projetos\AtlasWeb\CadDestinatarios.dfm"
"fCadDestinatarios.cSwift_Code";"Swift Code";"en-US";"";"FieldLabel";"c:\projetos\AtlasWeb\CadDestinatarios.dfm"
"fCadDestinatarios.cIBAN";"IBAN";"en-US";"";"FieldLabel";"c:\projetos\AtlasWeb\CadDestinatarios.dfm"
"fCadDestinatarios.UniGroupBox8";"Referências Comerciais";"en-US";"";"Caption";"c:\projetos\AtlasWeb\CadDestinatarios.dfm"
"fCadDestinatarios.cReferencias_Comercial1";"Nome";"en-US";"";"FieldLabel";"c:\projetos\AtlasWeb\CadDestinatarios.dfm"
"fCadDestinatarios.cReferencias_Comercial2";"Nome";"en-US";"";"FieldLabel";"c:\projetos\AtlasWeb\CadDestinatarios.dfm"
"fCadDestinatarios.cReferencias_Comercial3";"Nome";"en-US";"";"FieldLabel";"c:\projetos\AtlasWeb\CadDestinatarios.dfm"
"fCadDestinatarios.cReferencias_ComercialContato1";"Contato";"en-US";"";"FieldLabel";"c:\projetos\AtlasWeb\CadDestinatarios.dfm"
"fCadDestinatarios.cReferencias_ComercialContato2";"Contato";"en-US";"";"FieldLabel";"c:\projetos\AtlasWeb\CadDestinatarios.dfm"
"fCadDestinatarios.cReferencias_ComercialContato3";"Contato";"en-US";"";"FieldLabel";"c:\projetos\AtlasWeb\CadDestinatarios.dfm"
"fCadDestinatarios.cReferencias_ComercialData1";"Cliente desde";"en-US";"";"FieldLabel";"c:\projetos\AtlasWeb\CadDestinatarios.dfm"
"fCadDestinatarios.cReferencias_ComercialPontual1";"Pontualidade";"en-US";"";"FieldLabel";"c:\projetos\AtlasWeb\CadDestinatarios.dfm"
"fCadDestinatarios.UniDBEdit1";"Valor Última Compra";"en-US";"";"FieldLabel";"c:\projetos\AtlasWeb\CadDestinatarios.dfm"
"fCadDestinatarios.UniTabSheet4";"Avalista";"en-US";"";"Caption";"c:\projetos\AtlasWeb\CadDestinatarios.dfm"
"fCadDestinatarios.pFicha4";"DADOS GERAIS";"en-US";"";"Title";"c:\projetos\AtlasWeb\CadDestinatarios.dfm"
"fCadDestinatarios.cAvalista_Nome";"Nome";"en-US";"";"FieldLabel";"c:\projetos\AtlasWeb\CadDestinatarios.dfm"
"fCadDestinatarios.cAvalista_CNPJ";"CNPJ";"en-US";"";"FieldLabel";"c:\projetos\AtlasWeb\CadDestinatarios.dfm"
"fCadDestinatarios.cAvalista_CPF";"CPF";"en-US";"";"FieldLabel";"c:\projetos\AtlasWeb\CadDestinatarios.dfm"
"fCadDestinatarios.cAvalista_RG";"RG";"en-US";"";"FieldLabel";"c:\projetos\AtlasWeb\CadDestinatarios.dfm"
"fCadDestinatarios.cAvalista_Endereco";"Endereço";"en-US";"";"FieldLabel";"c:\projetos\AtlasWeb\CadDestinatarios.dfm"
"fCadDestinatarios.cAvalista_Bairro";"Bairro";"en-US";"";"FieldLabel";"c:\projetos\AtlasWeb\CadDestinatarios.dfm"
"fCadDestinatarios.cAvalista_Cidade";"Município";"en-US";"";"FieldLabel";"c:\projetos\AtlasWeb\CadDestinatarios.dfm"
"fCadDestinatarios.cAvalista_Estado";"Estado";"en-US";"";"FieldLabel";"c:\projetos\AtlasWeb\CadDestinatarios.dfm"
"fCadDestinatarios.cAvalista_CEP";"CEP";"en-US";"";"FieldLabel";"c:\projetos\AtlasWeb\CadDestinatarios.dfm"
"fCadDestinatarios.UniTabSheet5";"Entrega / Retirada";"en-US";"";"Caption";"c:\projetos\AtlasWeb\CadDestinatarios.dfm"
"fCadDestinatarios.pFicha5";"DADOS GERAIS";"en-US";"";"Title";"c:\projetos\AtlasWeb\CadDestinatarios.dfm"
"fCadDestinatarios.UniGroupBox5";"Endereço de Entrega";"en-US";"";"Caption";"c:\projetos\AtlasWeb\CadDestinatarios.dfm"
"fCadDestinatarios.cRua_Entrega";"Rua";"en-US";"";"FieldLabel";"c:\projetos\AtlasWeb\CadDestinatarios.dfm"
"fCadDestinatarios.cRua_EntregaNumero";"Rua Nº";"en-US";"";"FieldLabel";"c:\projetos\AtlasWeb\CadDestinatarios.dfm"
"fCadDestinatarios.cBairro_Entrega";"Bairro";"en-US";"";"FieldLabel";"c:\projetos\AtlasWeb\CadDestinatarios.dfm"
"fCadDestinatarios.cMunicipio_Entrega";"Município";"en-US";"";"FieldLabel";"c:\projetos\AtlasWeb\CadDestinatarios.dfm"
"fCadDestinatarios.cEstado_Entrega";"Estado";"en-US";"";"FieldLabel";"c:\projetos\AtlasWeb\CadDestinatarios.dfm"
"fCadDestinatarios.cCEP_Entrega";"CEP";"en-US";"";"FieldLabel";"c:\projetos\AtlasWeb\CadDestinatarios.dfm"
"fCadDestinatarios.cCNPJ_Entrega";"CNPJ";"en-US";"";"FieldLabel";"c:\projetos\AtlasWeb\CadDestinatarios.dfm"
"fCadDestinatarios.cIE_Entrega";"Inscrição Estadual";"en-US";"";"FieldLabel";"c:\projetos\AtlasWeb\CadDestinatarios.dfm"
"fCadDestinatarios.cCPF_Entrega";"CPF";"en-US";"";"FieldLabel";"c:\projetos\AtlasWeb\CadDestinatarios.dfm"
"fCadDestinatarios.cRecebedor_Entrega";"Recebedor";"en-US";"";"FieldLabel";"c:\projetos\AtlasWeb\CadDestinatarios.dfm"
"fCadDestinatarios.cRua_ComplEntrega";"Complemento";"en-US";"";"FieldLabel";"c:\projetos\AtlasWeb\CadDestinatarios.dfm"
"fCadDestinatarios.cEmail_Entrega";"E-Mail";"en-US";"";"FieldLabel";"c:\projetos\AtlasWeb\CadDestinatarios.dfm"
"fCadDestinatarios.cTelefone_Entrega";"Telefone";"en-US";"";"FieldLabel";"c:\projetos\AtlasWeb\CadDestinatarios.dfm"
"fCadDestinatarios.cPais_Entrega";"País";"en-US";"";"FieldLabel";"c:\projetos\AtlasWeb\CadDestinatarios.dfm"
"fCadDestinatarios.cEndereco_Entrega";"Habilitar Endereço de Entrega";"en-US";"";"Caption";"c:\projetos\AtlasWeb\CadDestinatarios.dfm"
"fCadDestinatarios.UniGroupBox9";"Endereço de Retirada";"en-US";"";"Caption";"c:\projetos\AtlasWeb\CadDestinatarios.dfm"
"fCadDestinatarios.UniDBEdit2";"Rua";"en-US";"";"FieldLabel";"c:\projetos\AtlasWeb\CadDestinatarios.dfm"
"fCadDestinatarios.UniDBEdit3";"Rua Nº";"en-US";"";"FieldLabel";"c:\projetos\AtlasWeb\CadDestinatarios.dfm"
"fCadDestinatarios.UniDBEdit4";"Bairro";"en-US";"";"FieldLabel";"c:\projetos\AtlasWeb\CadDestinatarios.dfm"
"fCadDestinatarios.UniDBLookupComboBox2";"Município";"en-US";"";"FieldLabel";"c:\projetos\AtlasWeb\CadDestinatarios.dfm"
"fCadDestinatarios.UniDBLookupComboBox3";"Estado";"en-US";"";"FieldLabel";"c:\projetos\AtlasWeb\CadDestinatarios.dfm"
"fCadDestinatarios.UniDBEdit5";"CEP";"en-US";"";"FieldLabel";"c:\projetos\AtlasWeb\CadDestinatarios.dfm"
"fCadDestinatarios.UniDBEdit6";"CNPJ";"en-US";"";"FieldLabel";"c:\projetos\AtlasWeb\CadDestinatarios.dfm"
"fCadDestinatarios.UniDBEdit7";"Inscrição Estadual";"en-US";"";"FieldLabel";"c:\projetos\AtlasWeb\CadDestinatarios.dfm"
"fCadDestinatarios.UniDBEdit8";"CPF";"en-US";"";"FieldLabel";"c:\projetos\AtlasWeb\CadDestinatarios.dfm"
"fCadDestinatarios.UniDBEdit9";"Recebedor";"en-US";"";"FieldLabel";"c:\projetos\AtlasWeb\CadDestinatarios.dfm"
"fCadDestinatarios.UniDBEdit10";"Complemento";"en-US";"";"FieldLabel";"c:\projetos\AtlasWeb\CadDestinatarios.dfm"
"fCadDestinatarios.UniDBEdit11";"E-Mail";"en-US";"";"FieldLabel";"c:\projetos\AtlasWeb\CadDestinatarios.dfm"
"fCadDestinatarios.UniDBEdit12";"Telefone";"en-US";"";"FieldLabel";"c:\projetos\AtlasWeb\CadDestinatarios.dfm"
"fCadDestinatarios.UniDBLookupComboBox4";"País";"en-US";"";"FieldLabel";"c:\projetos\AtlasWeb\CadDestinatarios.dfm"
"fCadDestinatarios.UniDBCheckBox1";"Habilitar Endereço de Retirada";"en-US";"";"Caption";"c:\projetos\AtlasWeb\CadDestinatarios.dfm"
"fCadDestinatarios.UniTabSheet7";"Premissas";"en-US";"";"Caption";"c:\projetos\AtlasWeb\CadDestinatarios.dfm"
"fCadDestinatarios.pFicha7";"DADOS GERAIS";"en-US";"";"Title";"c:\projetos\AtlasWeb\CadDestinatarios.dfm"
"fCadDestinatarios.cDesconto_Dupl_Tipo";"Desconto Duplicata";"en-US";"";"FieldLabel";"c:\projetos\AtlasWeb\CadDestinatarios.dfm"
"fCadDestinatarios.cDesconto_Dupl_Dias";"Limite (Dias)";"en-US";"";"FieldLabel";"c:\projetos\AtlasWeb\CadDestinatarios.dfm"
"fCadDestinatarios.cDesconto_Dupl_Campo";"Calculo Desconto";"en-US";"";"FieldLabel";"c:\projetos\AtlasWeb\CadDestinatarios.dfm"
"fCadDestinatarios.cVencimento_Contrato";"Vencimento Contrato";"en-US";"";"FieldLabel";"c:\projetos\AtlasWeb\CadDestinatarios.dfm"
"fCadDestinatarios.cVencimento_Radar";"Vencimento Radar";"en-US";"";"FieldLabel";"c:\projetos\AtlasWeb\CadDestinatarios.dfm"
"fCadDestinatarios.cVencimento_Vinculacao";"Vencimento Vinculação";"en-US";"";"FieldLabel";"c:\projetos\AtlasWeb\CadDestinatarios.dfm"
"fCadDestinatarios.cCondicao_Pagamento";"Condição Pgto (Duplicata)";"en-US";"";"FieldLabel";"c:\projetos\AtlasWeb\CadDestinatarios.dfm"
"fCadDestinatarios.cAtraso_Maximo";"Atraso Máximo Pgto em Dias:";"en-US";"";"FieldLabel";"c:\projetos\AtlasWeb\CadDestinatarios.dfm"
"fCadDestinatarios.cDesconto_Dupl_Valor";"Valor %";"en-US";"";"FieldLabel";"c:\projetos\AtlasWeb\CadDestinatarios.dfm"
"fCadDestinatarios.UniDBEdit13";"Margem Lucro (%)";"en-US";"";"FieldLabel";"c:\projetos\AtlasWeb\CadDestinatarios.dfm"
"fCadDestinatarios.UniDBEdit14";"Margem Lucro (Valor)";"en-US";"";"FieldLabel";"c:\projetos\AtlasWeb\CadDestinatarios.dfm"
"fCadDestinatarios.UniDBEdit15";"Desconto Operacional (%)";"en-US";"";"FieldLabel";"c:\projetos\AtlasWeb\CadDestinatarios.dfm"
"fCadDestinatarios.UniDBEdit16";"Desconto Operacional (Valor)";"en-US";"";"FieldLabel";"c:\projetos\AtlasWeb\CadDestinatarios.dfm"
"fCadDestinatarios.UniDBEdit17";"Desconto Adicional (%)";"en-US";"";"FieldLabel";"c:\projetos\AtlasWeb\CadDestinatarios.dfm"
"fCadDestinatarios.UniDBEdit18";"Desconto Adicional (Valor)";"en-US";"";"FieldLabel";"c:\projetos\AtlasWeb\CadDestinatarios.dfm"
"fCadDestinatarios.UniDBEdit19";"Desconto Comercial (%)";"en-US";"";"FieldLabel";"c:\projetos\AtlasWeb\CadDestinatarios.dfm"
"fCadDestinatarios.UniDBEdit20";"Desconto Comercial (Valor)";"en-US";"";"FieldLabel";"c:\projetos\AtlasWeb\CadDestinatarios.dfm"
"fCadDestinatarios.UniDBEdit21";"Fator Faturamento";"en-US";"";"FieldLabel";"c:\projetos\AtlasWeb\CadDestinatarios.dfm"
"fCadDestinatarios.UniDBEdit22";"Fator SISCOMEX";"en-US";"";"FieldLabel";"c:\projetos\AtlasWeb\CadDestinatarios.dfm"
"fCadDestinatarios.cLimiteSaldo";"Limite Saldo";"en-US";"";"FieldLabel";"c:\projetos\AtlasWeb\CadDestinatarios.dfm"
"fCadDestinatarios.UniDBFormattedNumberEdit2";"Limite Crédito";"en-US";"";"FieldLabel";"c:\projetos\AtlasWeb\CadDestinatarios.dfm"
"fCadDestinatarios.UniDBFormattedNumberEdit3";"Limite Utilizado";"en-US";"";"FieldLabel";"c:\projetos\AtlasWeb\CadDestinatarios.dfm"
"fCadDestinatarios.UniTabSheet13";"COMEX";"en-US";"";"Caption";"c:\projetos\AtlasWeb\CadDestinatarios.dfm"
"fCadDestinatarios.UniPanel2";"DADOS GERAIS";"en-US";"";"Title";"c:\projetos\AtlasWeb\CadDestinatarios.dfm"
"fCadDestinatarios.cPO";"Nº PO";"en-US";"";"FieldLabel";"c:\projetos\AtlasWeb\CadDestinatarios.dfm"
"fCadDestinatarios.cMascara_PO";"Mascara do PO";"en-US";"";"FieldLabel";"c:\projetos\AtlasWeb\CadDestinatarios.dfm"
"fCadDestinatarios.cMascara_Processo";"Mascara do Processo";"en-US";"";"FieldLabel";"c:\projetos\AtlasWeb\CadDestinatarios.dfm"
"fCadDestinatarios.cModalidade_Importacao";"Modalidade de Importação";"en-US";"";"FieldLabel";"c:\projetos\AtlasWeb\CadDestinatarios.dfm"
"fCadDestinatarios.UniTabSheet10";"Cobrança";"en-US";"";"Caption";"c:\projetos\AtlasWeb\CadDestinatarios.dfm"
"fCadDestinatarios.pFicha10";"DADOS GERAIS";"en-US";"";"Title";"c:\projetos\AtlasWeb\CadDestinatarios.dfm"
"fCadDestinatarios.cCobranca_Endereco";"Endereço";"en-US";"";"FieldLabel";"c:\projetos\AtlasWeb\CadDestinatarios.dfm"
"fCadDestinatarios.cCobranca_Bairro";"Bairro";"en-US";"";"FieldLabel";"c:\projetos\AtlasWeb\CadDestinatarios.dfm"
"fCadDestinatarios.cCobranca_Cidade";"Município";"en-US";"";"FieldLabel";"c:\projetos\AtlasWeb\CadDestinatarios.dfm"
"fCadDestinatarios.cCobranca_Estado";"Estado";"en-US";"";"FieldLabel";"c:\projetos\AtlasWeb\CadDestinatarios.dfm"
"fCadDestinatarios.cCobranca_CEP";"CEP";"en-US";"";"FieldLabel";"c:\projetos\AtlasWeb\CadDestinatarios.dfm"
"fCadDestinatarios.cCobranca_Boleto";"Cobranca_Boleto";"en-US";"";"Caption";"c:\projetos\AtlasWeb\CadDestinatarios.dfm"
"fCadDestinatarios.cMensalidade_Dia";"Mensalidade";"en-US";"";"FieldLabel";"c:\projetos\AtlasWeb\CadDestinatarios.dfm"
"fCadDestinatarios.cCliente_Diferenciado";"Cliente_Diferenciado";"en-US";"";"Caption";"c:\projetos\AtlasWeb\CadDestinatarios.dfm"
"fCadDestinatarios.UniDBRadioGroup1";"Tipo de Frete";"en-US";"";"Caption";"c:\projetos\AtlasWeb\CadDestinatarios.dfm"
"fCadDestinatarios.UniDBEdit25";"Dia de Vencto";"en-US";"";"FieldLabel";"c:\projetos\AtlasWeb\CadDestinatarios.dfm"
"fCadDestinatarios.UniTabSheet8";"Comerciais";"en-US";"";"Caption";"c:\projetos\AtlasWeb\CadDestinatarios.dfm"
"fCadDestinatarios.UniPanel1";"DADOS GERAIS";"en-US";"";"Title";"c:\projetos\AtlasWeb\CadDestinatarios.dfm"
"fCadDestinatarios.cPraca_Pagamento";"Praça de Pagamento";"en-US";"";"FieldLabel";"c:\projetos\AtlasWeb\CadDestinatarios.dfm"
"fCadDestinatarios.UniGroupBox6";"Representante";"en-US";"";"Caption";"c:\projetos\AtlasWeb\CadDestinatarios.dfm"
"fCadDestinatarios.cRepresentante_Codigo";"Código";"en-US";"";"FieldLabel";"c:\projetos\AtlasWeb\CadDestinatarios.dfm"
"fCadDestinatarios.cRepresentante_Senha";"Senha";"en-US";"";"FieldLabel";"c:\projetos\AtlasWeb\CadDestinatarios.dfm"
"fCadDestinatarios.UniDBLookupComboBox5";"Região";"en-US";"";"FieldLabel";"c:\projetos\AtlasWeb\CadDestinatarios.dfm"
"fCadDestinatarios.cRepresentante_Comissao";"Comissão";"en-US";"";"FieldLabel";"c:\projetos\AtlasWeb\CadDestinatarios.dfm"
"fCadDestinatarios.cComissao_Gerencia";"Comissão Gerência";"en-US";"";"FieldLabel";"c:\projetos\AtlasWeb\CadDestinatarios.dfm"
"fCadDestinatarios.UniGroupBox10";"Trader";"en-US";"";"Caption";"c:\projetos\AtlasWeb\CadDestinatarios.dfm"
"fCadDestinatarios.cTrader";"Trader";"en-US";"";"FieldLabel";"c:\projetos\AtlasWeb\CadDestinatarios.dfm"
"fCadDestinatarios.cTipo_Comissao";"Tipo_Comissao";"en-US";"";"FieldLabel";"c:\projetos\AtlasWeb\CadDestinatarios.dfm"
"fCadDestinatarios.UniDBEdit23";"Comissão";"en-US";"";"FieldLabel";"c:\projetos\AtlasWeb\CadDestinatarios.dfm"
"fCadDestinatarios.UniGroupBox11";"Atendente";"en-US";"";"Caption";"c:\projetos\AtlasWeb\CadDestinatarios.dfm"
"fCadDestinatarios.cAtendente";"Atendente";"en-US";"";"FieldLabel";"c:\projetos\AtlasWeb\CadDestinatarios.dfm"
"fCadDestinatarios.UniDBEdit24";"Comissão";"en-US";"";"FieldLabel";"c:\projetos\AtlasWeb\CadDestinatarios.dfm"
"fCadDestinatarios.UniTabSheet11";"E-Mail";"en-US";"";"Caption";"c:\projetos\AtlasWeb\CadDestinatarios.dfm"
"fCadDestinatarios.pFicha11";"DADOS GERAIS";"en-US";"";"Title";"c:\projetos\AtlasWeb\CadDestinatarios.dfm"
"fCadDestinatarios.cEmail";"E-Mail";"en-US";"";"FieldLabel";"c:\projetos\AtlasWeb\CadDestinatarios.dfm"
"fCadDestinatarios.cSite";"Site";"en-US";"";"FieldLabel";"c:\projetos\AtlasWeb\CadDestinatarios.dfm"
"fCadDestinatarios.cEnviar_Email";"Enviar E-mail";"en-US";"";"Caption";"c:\projetos\AtlasWeb\CadDestinatarios.dfm"
"fCadDestinatarios.cEmail_Copia";"CC";"en-US";"";"FieldLabel";"c:\projetos\AtlasWeb\CadDestinatarios.dfm"
"fCadDestinatarios.UniTabSheet12";"Outros Dados";"en-US";"";"Caption";"c:\projetos\AtlasWeb\CadDestinatarios.dfm"
"fCadDestinatarios.pFicha12";"DADOS GERAIS";"en-US";"";"Title";"c:\projetos\AtlasWeb\CadDestinatarios.dfm"
"fCadDestinatarios.UniGroupBox7";"Layout de captura dos dados do lote da NF-E";"en-US";"";"Caption";"c:\projetos\AtlasWeb\CadDestinatarios.dfm"
"fCadDestinatarios.cLayoutLote_Fabricacao";"Fabricação";"en-US";"";"FieldLabel";"c:\projetos\AtlasWeb\CadDestinatarios.dfm"
"fCadDestinatarios.cLayoutLote_Numero";"Número do Lote";"en-US";"";"FieldLabel";"c:\projetos\AtlasWeb\CadDestinatarios.dfm"
"fCadDestinatarios.cLayoutLote_Validade";"Valídade";"en-US";"";"FieldLabel";"c:\projetos\AtlasWeb\CadDestinatarios.dfm"
"fCadDestinatarios.UniGroupBox12";"Configurações de FTP";"en-US";"";"Caption";"c:\projetos\AtlasWeb\CadDestinatarios.dfm"
"fCadDestinatarios.cFTP_Usuario";"Usuário";"en-US";"";"FieldLabel";"c:\projetos\AtlasWeb\CadDestinatarios.dfm"
"fCadDestinatarios.cFTP_Senha";"Senha";"en-US";"";"FieldLabel";"c:\projetos\AtlasWeb\CadDestinatarios.dfm"
"fCadDestinatarios.cFTP_IP";"IP";"en-US";"";"FieldLabel";"c:\projetos\AtlasWeb\CadDestinatarios.dfm"
"fCadDestinatarios.cFTP_Passive";"Passive Mode";"en-US";"";"Caption";"c:\projetos\AtlasWeb\CadDestinatarios.dfm"
"fCadDestinatarios.UniTabSheet9";"Contabil";"en-US";"";"Caption";"c:\projetos\AtlasWeb\CadDestinatarios.dfm"
"fCadDestinatarios.pFicha9";"DADOS GERAIS";"en-US";"";"Title";"c:\projetos\AtlasWeb\CadDestinatarios.dfm"
"fCadDestinatarios.cModal";"Modalidade Importação";"en-US";"";"FieldLabel";"c:\projetos\AtlasWeb\CadDestinatarios.dfm"
"fCadDestinatarios.UniDBLookupComboBox6";"Conta Ativo (Cliente)";"en-US";"";"FieldLabel";"c:\projetos\AtlasWeb\CadDestinatarios.dfm"
"fCadDestinatarios.UniDBLookupComboBox7";"Conta Adiantamento (Cliente)";"en-US";"";"FieldLabel";"c:\projetos\AtlasWeb\CadDestinatarios.dfm"
"fCadDestinatarios.UniDBLookupComboBox8";"Conta Devolução (Cliente)";"en-US";"";"FieldLabel";"c:\projetos\AtlasWeb\CadDestinatarios.dfm"
"fCadDestinatarios.UniDBLookupComboBox9";"Conta Passivo (Fornecedor)";"en-US";"";"FieldLabel";"c:\projetos\AtlasWeb\CadDestinatarios.dfm"
"fCadDestinatarios.UniDBLookupComboBox10";"Conta Adiantamento (Fornecedor)";"en-US";"";"FieldLabel";"c:\projetos\AtlasWeb\CadDestinatarios.dfm"
"fCadDestinatarios.UniDBLookupComboBox11";"Conta Devolução (Fornecedor)";"en-US";"";"FieldLabel";"c:\projetos\AtlasWeb\CadDestinatarios.dfm"
"fCadDestinatarios.bAddTrib";"Adicionar novo registro.";"en-US";"";"Hint";"c:\projetos\AtlasWeb\CadDestinatarios.dfm"
"fCadDestinatarios.bEditTrib";"Editar registro corrente.";"en-US";"";"Hint";"c:\projetos\AtlasWeb\CadDestinatarios.dfm"
"fCadDestinatarios.bExcTrib";"Excluir registro corrente.";"en-US";"";"Hint";"c:\projetos\AtlasWeb\CadDestinatarios.dfm"
"fCadDestinatarios.bCancTrib";"Cancelar modificações feitas no registro corrente.";"en-US";"";"Hint";"c:\projetos\AtlasWeb\CadDestinatarios.dfm"
"fCadDestinatarios.bGravTrib";"Salva o registro corrente.";"en-US";"";"Hint";"c:\projetos\AtlasWeb\CadDestinatarios.dfm"
"fCadDestinatarios.UniTabSheet6";"Observações";"en-US";"";"Caption";"c:\projetos\AtlasWeb\CadDestinatarios.dfm"
"fCadDestinatarios.pFicha6";"DADOS GERAIS";"en-US";"";"Title";"c:\projetos\AtlasWeb\CadDestinatarios.dfm"
"fCadDestinatarios.cObservacao";"Observação";"en-US";"";"FieldLabel";"c:\projetos\AtlasWeb\CadDestinatarios.dfm"
"fCadDetalhes.bAdicionar";"Adicionar novo registro.";"en-US";"";"Hint";"c:\projetos\AtlasWeb\CadDetalhes.dfm"
"fCadDetalhes.bEditar";"Editar registro corrente.";"en-US";"";"Hint";"c:\projetos\AtlasWeb\CadDetalhes.dfm"
"fCadDetalhes.bExcluir";"Excluir registro corrente.";"en-US";"";"Hint";"c:\projetos\AtlasWeb\CadDetalhes.dfm"
"fCadDetalhes.bCancelar";"Cancelar modificações feitas no registro corrente.";"en-US";"";"Hint";"c:\projetos\AtlasWeb\CadDetalhes.dfm"
"fCadDetalhes.bGravar";"Salva o registro corrente.";"en-US";"";"Hint";"c:\projetos\AtlasWeb\CadDetalhes.dfm"
"fCadDetalhes.bFechar";"Fecha a tela de cadastro atual.";"en-US";"";"Hint";"c:\projetos\AtlasWeb\CadDetalhes.dfm"
"fCadDetalhes.aLista";"Lista";"en-US";"";"Caption";"c:\projetos\AtlasWeb\CadDetalhes.dfm"
"fCadDetalhes.UniTabSheet1";"Dados Gerais";"en-US";"";"Caption";"c:\projetos\AtlasWeb\CadDetalhes.dfm"
"fCadDetalhes.pFicha";"DADOS GERAIS";"en-US";"";"Title";"c:\projetos\AtlasWeb\CadDetalhes.dfm"
"fCadDetalhes.cDescricao";"Descrição";"en-US";"";"FieldLabel";"c:\projetos\AtlasWeb\CadDetalhes.dfm"
"fCadDetalhes.cCodigo";"Código";"en-US";"";"FieldLabel";"c:\projetos\AtlasWeb\CadDetalhes.dfm"
"fCadDRE.aLista";"Lista";"en-US";"";"Caption";"c:\projetos\AtlasWeb\CadDRE.dfm"
"fCadDRE.UniTabSheet1";"Dados Gerais";"en-US";"";"Caption";"c:\projetos\AtlasWeb\CadDRE.dfm"
"fCadDRE.pFicha1";"DADOS GERAIS";"en-US";"";"Title";"c:\projetos\AtlasWeb\CadDRE.dfm"
"fCadDRE.cCodigo";"Código";"en-US";"";"FieldLabel";"c:\projetos\AtlasWeb\CadDRE.dfm"
"fCadDRE.cNome";"Nome";"en-US";"";"FieldLabel";"c:\projetos\AtlasWeb\CadDRE.dfm"
"fCadDRE.cGrupo";"Grupo";"en-US";"";"FieldLabel";"c:\projetos\AtlasWeb\CadDRE.dfm"
"fCadDRE.bAdicionar";"Adicionar novo registro.";"en-US";"";"Hint";"c:\projetos\AtlasWeb\CadDRE.dfm"
"fCadDRE.bEditar";"Editar registro corrente.";"en-US";"";"Hint";"c:\projetos\AtlasWeb\CadDRE.dfm"
"fCadDRE.bExcluir";"Excluir registro corrente.";"en-US";"";"Hint";"c:\projetos\AtlasWeb\CadDRE.dfm"
"fCadDRE.bCancelar";"Cancelar modificações feitas no registro corrente.";"en-US";"";"Hint";"c:\projetos\AtlasWeb\CadDRE.dfm"
"fCadDRE.bSalvar";"Salva o registro corrente.";"en-US";"";"Hint";"c:\projetos\AtlasWeb\CadDRE.dfm"
"fCadDRE.bFechar";"Fecha a tela de cadastro atual.";"en-US";"";"Hint";"c:\projetos\AtlasWeb\CadDRE.dfm"
"fCadDREContabil.bAdicionar";"Adicionar novo registro.";"en-US";"";"Hint";"c:\projetos\AtlasWeb\CadDREContabil.dfm"
"fCadDREContabil.bEditar";"Editar registro corrente.";"en-US";"";"Hint";"c:\projetos\AtlasWeb\CadDREContabil.dfm"
"fCadDREContabil.bExcluir";"Excluir registro corrente.";"en-US";"";"Hint";"c:\projetos\AtlasWeb\CadDREContabil.dfm"
"fCadDREContabil.bCancelar";"Cancelar modificações feitas no registro corrente.";"en-US";"";"Hint";"c:\projetos\AtlasWeb\CadDREContabil.dfm"
"fCadDREContabil.bGravar";"Salva o registro corrente.";"en-US";"";"Hint";"c:\projetos\AtlasWeb\CadDREContabil.dfm"
"fCadDREContabil.bFechar";"Fecha a tela de cadastro atual.";"en-US";"";"Hint";"c:\projetos\AtlasWeb\CadDREContabil.dfm"
"fCadDREContabil.aLista";"Lista";"en-US";"";"Caption";"c:\projetos\AtlasWeb\CadDREContabil.dfm"
"fCadDREContabil.UniTabSheet1";"Dados Gerais";"en-US";"";"Caption";"c:\projetos\AtlasWeb\CadDREContabil.dfm"
"fCadDREContabil.pFicha";"DADOS GERAIS";"en-US";"";"Title";"c:\projetos\AtlasWeb\CadDREContabil.dfm"
"fCadDREContabil.cCodigo";"Código";"en-US";"";"FieldLabel";"c:\projetos\AtlasWeb\CadDREContabil.dfm"
"fCadDREContabil.RxDBLookupCombo1";"Conta";"en-US";"";"FieldLabel";"c:\projetos\AtlasWeb\CadDREContabil.dfm"
"fCadDREContabil.cCalculo";"Cálculo";"en-US";"";"Caption";"c:\projetos\AtlasWeb\CadDREContabil.dfm"
"fCadDREContabil.cNome";"Nome";"en-US";"";"FieldLabel";"c:\projetos\AtlasWeb\CadDREContabil.dfm"
"fCadDREContabil.bAdiciona";"  Remove os clientes selecionados do plano de terceiros  ";"en-US";"";"Hint";"c:\projetos\AtlasWeb\CadDREContabil.dfm"
"fCadDREContabil.bRemove";"  Seleciona todos os clientes no cadastro  ";"en-US";"";"Hint";"c:\projetos\AtlasWeb\CadDREContabil.dfm"
"fCadDREContabil.SpeedButton1";"  Seleciona todos os clientes no cadastro  ";"en-US";"";"Hint";"c:\projetos\AtlasWeb\CadDREContabil.dfm"
"fCadDREContabil.cIndicador_Valor";"Indicador da situação do valor informado";"en-US";"";"Caption";"c:\projetos\AtlasWeb\CadDREContabil.dfm"
"fCadDREContabil.UniDBLookupComboBox1";"Conta";"en-US";"";"FieldLabel";"c:\projetos\AtlasWeb\CadDREContabil.dfm"
"fCadDREGrupos.aLista";"Lista";"en-US";"";"Caption";"c:\projetos\AtlasWeb\CadDREGrupos.dfm"
"fCadDREGrupos.UniTabSheet1";"Dados Gerais";"en-US";"";"Caption";"c:\projetos\AtlasWeb\CadDREGrupos.dfm"
"fCadDREGrupos.pFicha1";"DADOS GERAIS";"en-US";"";"Title";"c:\projetos\AtlasWeb\CadDREGrupos.dfm"
"fCadDREGrupos.cCodigo";"Código";"en-US";"";"FieldLabel";"c:\projetos\AtlasWeb\CadDREGrupos.dfm"
"fCadDREGrupos.cNome";"Nome";"en-US";"";"FieldLabel";"c:\projetos\AtlasWeb\CadDREGrupos.dfm"
"fCadDREGrupos.bAdicionar";"Adicionar novo registro.";"en-US";"";"Hint";"c:\projetos\AtlasWeb\CadDREGrupos.dfm"
"fCadDREGrupos.bEditar";"Editar registro corrente.";"en-US";"";"Hint";"c:\projetos\AtlasWeb\CadDREGrupos.dfm"
"fCadDREGrupos.bExcluir";"Excluir registro corrente.";"en-US";"";"Hint";"c:\projetos\AtlasWeb\CadDREGrupos.dfm"
"fCadDREGrupos.bCancelar";"Cancelar modificações feitas no registro corrente.";"en-US";"";"Hint";"c:\projetos\AtlasWeb\CadDREGrupos.dfm"
"fCadDREGrupos.bSalvar";"Salva o registro corrente.";"en-US";"";"Hint";"c:\projetos\AtlasWeb\CadDREGrupos.dfm"
"fCadDREGrupos.bFechar";"Fecha a tela de cadastro atual.";"en-US";"";"Hint";"c:\projetos\AtlasWeb\CadDREGrupos.dfm"
"fCadEmpresas.aLista";"Lista";"en-US";"";"Caption";"c:\projetos\AtlasWeb\CadEmpresas.dfm"
"fCadEmpresas.aFicha";"Endereço";"en-US";"";"Caption";"c:\projetos\AtlasWeb\CadEmpresas.dfm"
"fCadEmpresas.pFicha";"DADOS GERAIS";"en-US";"";"Title";"c:\projetos\AtlasWeb\CadEmpresas.dfm"
"fCadEmpresas.UniPanel4";"Endereço";"en-US";"";"Title";"c:\projetos\AtlasWeb\CadEmpresas.dfm"
"fCadEmpresas.UniDBEdit3";"Razão Social";"en-US";"";"FieldLabel";"c:\projetos\AtlasWeb\CadEmpresas.dfm"
"fCadEmpresas.UniDBEdit6";"CEP";"en-US";"";"FieldLabel";"c:\projetos\AtlasWeb\CadEmpresas.dfm"
"fCadEmpresas.UniDBEdit7";"Rua";"en-US";"";"FieldLabel";"c:\projetos\AtlasWeb\CadEmpresas.dfm"
"fCadEmpresas.UniDBEdit8";"Nº";"en-US";"";"FieldLabel";"c:\projetos\AtlasWeb\CadEmpresas.dfm"
"fCadEmpresas.UniDBEdit11";"Complemento";"en-US";"";"FieldLabel";"c:\projetos\AtlasWeb\CadEmpresas.dfm"
"fCadEmpresas.cFilial";"Nº Filial";"en-US";"";"FieldLabel";"c:\projetos\AtlasWeb\CadEmpresas.dfm"
"fCadEmpresas.UniDBEdit16";"Nome Fantasia";"en-US";"";"FieldLabel";"c:\projetos\AtlasWeb\CadEmpresas.dfm"
"fCadEmpresas.UniDBLookupComboBox2";"Estado";"en-US";"";"FieldLabel";"c:\projetos\AtlasWeb\CadEmpresas.dfm"
"fCadEmpresas.UniDBEdit1";"Bairro";"en-US";"";"FieldLabel";"c:\projetos\AtlasWeb\CadEmpresas.dfm"
"fCadEmpresas.UniDBLookupComboBox1";"Município";"en-US";"";"FieldLabel";"c:\projetos\AtlasWeb\CadEmpresas.dfm"
"fCadEmpresas.UniDBEdit2";"Telefone 1";"en-US";"";"FieldLabel";"c:\projetos\AtlasWeb\CadEmpresas.dfm"
"fCadEmpresas.UniDBEdit4";"Telefone 2";"en-US";"";"FieldLabel";"c:\projetos\AtlasWeb\CadEmpresas.dfm"
"fCadEmpresas.UniPanel5";"Diretor / Responsavel";"en-US";"";"Title";"c:\projetos\AtlasWeb\CadEmpresas.dfm"
"fCadEmpresas.UniDBEdit24";"CPF";"en-US";"";"FieldLabel";"c:\projetos\AtlasWeb\CadEmpresas.dfm"
"fCadEmpresas.UniDBEdit25";"Diretor (Nome)";"en-US";"";"FieldLabel";"c:\projetos\AtlasWeb\CadEmpresas.dfm"
"fCadEmpresas.UniDBEdit19";"Responsável (Nome)";"en-US";"";"FieldLabel";"c:\projetos\AtlasWeb\CadEmpresas.dfm"
"fCadEmpresas.UniDBEdit20";"CPF";"en-US";"";"FieldLabel";"c:\projetos\AtlasWeb\CadEmpresas.dfm"
"fCadEmpresas.UniDBEdit22";"Responsável (Função)";"en-US";"";"FieldLabel";"c:\projetos\AtlasWeb\CadEmpresas.dfm"
"fCadEmpresas.UniPanel7";"Registros / Características";"en-US";"";"Title";"c:\projetos\AtlasWeb\CadEmpresas.dfm"
"fCadEmpresas.UniDBEdit12";"Incrição Municipal";"en-US";"";"FieldLabel";"c:\projetos\AtlasWeb\CadEmpresas.dfm"
"fCadEmpresas.cIE";"Inscrição Estadual";"en-US";"";"FieldLabel";"c:\projetos\AtlasWeb\CadEmpresas.dfm"
"fCadEmpresas.cCNPJ";"CNPJ";"en-US";"";"FieldLabel";"c:\projetos\AtlasWeb\CadEmpresas.dfm"
"fCadEmpresas.UniDBEdit10";"Inscrição SUFRAMA";"en-US";"";"FieldLabel";"c:\projetos\AtlasWeb\CadEmpresas.dfm"
"fCadEmpresas.UniDBEdit14";"Cod.Junta";"en-US";"";"FieldLabel";"c:\projetos\AtlasWeb\CadEmpresas.dfm"
"fCadEmpresas.UniDBDateTimePicker1";"Data";"en-US";"";"FieldLabel";"c:\projetos\AtlasWeb\CadEmpresas.dfm"
"fCadEmpresas.UniDBEdit9";"Cód.Ramo Atividade";"en-US";"";"FieldLabel";"c:\projetos\AtlasWeb\CadEmpresas.dfm"
"fCadEmpresas.UniDBEdit13";"Desc.Ramo Atividade";"en-US";"";"FieldLabel";"c:\projetos\AtlasWeb\CadEmpresas.dfm"
"fCadEmpresas.UniDBEdit15";"CNAE Principal";"en-US";"";"FieldLabel";"c:\projetos\AtlasWeb\CadEmpresas.dfm"
"fCadEmpresas.UniDBEdit17";"NIRE";"en-US";"";"FieldLabel";"c:\projetos\AtlasWeb\CadEmpresas.dfm"
"fCadEmpresas.UniDBDateTimePicker2";"Data";"en-US";"";"FieldLabel";"c:\projetos\AtlasWeb\CadEmpresas.dfm"
"fCadEmpresas.cBeneficio_Fiscal";"Beneficio Fiscal";"en-US";"";"FieldLabel";"c:\projetos\AtlasWeb\CadEmpresas.dfm"
"fCadEmpresas.UniDBEdit18";"(RNTRC";"en-US";"";"FieldLabel";"c:\projetos\AtlasWeb\CadEmpresas.dfm"
"fCadEmpresas.UniDBCheckBox2";"Transportadora";"en-US";"";"Caption";"c:\projetos\AtlasWeb\CadEmpresas.dfm"
"fCadEmpresas.UniDBCheckBox1";"Distribuidora";"en-US";"";"Caption";"c:\projetos\AtlasWeb\CadEmpresas.dfm"
"fCadEmpresas.UniDBCheckBox3";"Desativada";"en-US";"";"Caption";"c:\projetos\AtlasWeb\CadEmpresas.dfm"
"fCadEmpresas.cRegime_Tributario";"Regime Tributário";"en-US";"";"Caption";"c:\projetos\AtlasWeb\CadEmpresas.dfm"
"fCadEmpresas.cRegime_Apuracao";"Regime de Apuração";"en-US";"";"Caption";"c:\projetos\AtlasWeb\CadEmpresas.dfm"
"fCadEmpresas.cApuracao_IPI";"Apuração do IPI";"en-US";"";"Caption";"c:\projetos\AtlasWeb\CadEmpresas.dfm"
"fCadEmpresas.UniPanel1";"Logo";"en-US";"";"Title";"c:\projetos\AtlasWeb\CadEmpresas.dfm"
"fCadEmpresas.aContador";"Representante Legal / Contabilista";"en-US";"";"Caption";"c:\projetos\AtlasWeb\CadEmpresas.dfm"
"fCadEmpresas.pContab";"DIRETOR/RESPOSÁVEL";"en-US";"";"Title";"c:\projetos\AtlasWeb\CadEmpresas.dfm"
"fCadEmpresas.UniPanel8";"Representante Legal";"en-US";"";"Title";"c:\projetos\AtlasWeb\CadEmpresas.dfm"
"fCadEmpresas.UniDBEdit39";"Nome";"en-US";"";"FieldLabel";"c:\projetos\AtlasWeb\CadEmpresas.dfm"
"fCadEmpresas.UniDBEdit40";"Sequencial (CRC)";"en-US";"";"FieldLabel";"c:\projetos\AtlasWeb\CadEmpresas.dfm"
"fCadEmpresas.UniDBEdit41";"CRC";"en-US";"";"FieldLabel";"c:\projetos\AtlasWeb\CadEmpresas.dfm"
"fCadEmpresas.UniDBEdit42";"CPF";"en-US";"";"FieldLabel";"c:\projetos\AtlasWeb\CadEmpresas.dfm"
"fCadEmpresas.UniDBEdit43";"CEP";"en-US";"";"FieldLabel";"c:\projetos\AtlasWeb\CadEmpresas.dfm"
"fCadEmpresas.UniDBDateTimePicker4";"CRC Validade";"en-US";"";"FieldLabel";"c:\projetos\AtlasWeb\CadEmpresas.dfm"
"fCadEmpresas.UniDBEdit44";"UF (CRC)";"en-US";"";"FieldLabel";"c:\projetos\AtlasWeb\CadEmpresas.dfm"
"fCadEmpresas.UniDBEdit45";"CNPJ";"en-US";"";"FieldLabel";"c:\projetos\AtlasWeb\CadEmpresas.dfm"
"fCadEmpresas.UniDBEdit46";"Rua";"en-US";"";"FieldLabel";"c:\projetos\AtlasWeb\CadEmpresas.dfm"
"fCadEmpresas.UniDBEdit47";"Nº";"en-US";"";"FieldLabel";"c:\projetos\AtlasWeb\CadEmpresas.dfm"
"fCadEmpresas.UniDBLookupComboBox9";"Estado";"en-US";"";"FieldLabel";"c:\projetos\AtlasWeb\CadEmpresas.dfm"
"fCadEmpresas.UniDBLookupComboBox10";"Município";"en-US";"";"FieldLabel";"c:\projetos\AtlasWeb\CadEmpresas.dfm"
"fCadEmpresas.UniDBEdit48";"Bairro";"en-US";"";"FieldLabel";"c:\projetos\AtlasWeb\CadEmpresas.dfm"
"fCadEmpresas.UniDBEdit49";"Telefone";"en-US";"";"FieldLabel";"c:\projetos\AtlasWeb\CadEmpresas.dfm"
"fCadEmpresas.UniDBLookupComboBox11";"Qualificação";"en-US";"";"FieldLabel";"c:\projetos\AtlasWeb\CadEmpresas.dfm"
"fCadEmpresas.UniDBEdit50";"E-Mail";"en-US";"";"FieldLabel";"c:\projetos\AtlasWeb\CadEmpresas.dfm"
"fCadEmpresas.UniDBEdit51";"Complemento";"en-US";"";"FieldLabel";"c:\projetos\AtlasWeb\CadEmpresas.dfm"
"fCadEmpresas.UniDBCheckBox5";"Signatario é Responsável pela assinatura da ECD.";"en-US";"";"Caption";"c:\projetos\AtlasWeb\CadEmpresas.dfm"
"fCadEmpresas.UniPanel6";"Representante Legal";"en-US";"";"Title";"c:\projetos\AtlasWeb\CadEmpresas.dfm"
"fCadEmpresas.UniDBEdit5";"Nome";"en-US";"";"FieldLabel";"c:\projetos\AtlasWeb\CadEmpresas.dfm"
"fCadEmpresas.UniDBEdit23";"Sequencial (CRC)";"en-US";"";"FieldLabel";"c:\projetos\AtlasWeb\CadEmpresas.dfm"
"fCadEmpresas.UniDBEdit26";"CRC";"en-US";"";"FieldLabel";"c:\projetos\AtlasWeb\CadEmpresas.dfm"
"fCadEmpresas.UniDBEdit27";"CPF";"en-US";"";"FieldLabel";"c:\projetos\AtlasWeb\CadEmpresas.dfm"
"fCadEmpresas.UniDBEdit28";"CEP";"en-US";"";"FieldLabel";"c:\projetos\AtlasWeb\CadEmpresas.dfm"
"fCadEmpresas.UniDBDateTimePicker3";"CRC Validade";"en-US";"";"FieldLabel";"c:\projetos\AtlasWeb\CadEmpresas.dfm"
"fCadEmpresas.UniDBEdit29";"UF (CRC)";"en-US";"";"FieldLabel";"c:\projetos\AtlasWeb\CadEmpresas.dfm"
"fCadEmpresas.UniDBEdit30";"CNPJ";"en-US";"";"FieldLabel";"c:\projetos\AtlasWeb\CadEmpresas.dfm"
"fCadEmpresas.UniDBEdit31";"Rua";"en-US";"";"FieldLabel";"c:\projetos\AtlasWeb\CadEmpresas.dfm"
"fCadEmpresas.UniDBEdit32";"Nº";"en-US";"";"FieldLabel";"c:\projetos\AtlasWeb\CadEmpresas.dfm"
"fCadEmpresas.UniDBLookupComboBox3";"Estado";"en-US";"";"FieldLabel";"c:\projetos\AtlasWeb\CadEmpresas.dfm"
"fCadEmpresas.UniDBLookupComboBox4";"Município";"en-US";"";"FieldLabel";"c:\projetos\AtlasWeb\CadEmpresas.dfm"
"fCadEmpresas.UniDBEdit33";"Bairro";"en-US";"";"FieldLabel";"c:\projetos\AtlasWeb\CadEmpresas.dfm"
"fCadEmpresas.UniDBEdit34";"Telefone";"en-US";"";"FieldLabel";"c:\projetos\AtlasWeb\CadEmpresas.dfm"
"fCadEmpresas.UniDBLookupComboBox5";"Qualificação";"en-US";"";"FieldLabel";"c:\projetos\AtlasWeb\CadEmpresas.dfm"
"fCadEmpresas.UniDBEdit35";"E-Mail";"en-US";"";"FieldLabel";"c:\projetos\AtlasWeb\CadEmpresas.dfm"
"fCadEmpresas.UniDBEdit36";"Complemento";"en-US";"";"FieldLabel";"c:\projetos\AtlasWeb\CadEmpresas.dfm"
"fCadEmpresas.UniDBCheckBox4";"Signatario é Responsável pela assinatura da ECD.";"en-US";"";"Caption";"c:\projetos\AtlasWeb\CadEmpresas.dfm"
"fCadEmpresas.aParametros";"Parâmetros";"en-US";"";"Caption";"c:\projetos\AtlasWeb\CadEmpresas.dfm"
"fCadEmpresas.pParam";"DIRETOR/RESPOSÁVEL";"en-US";"";"Title";"c:\projetos\AtlasWeb\CadEmpresas.dfm"
"fCadEmpresas.UniDBEdit65";"Layout CC-e";"en-US";"";"FieldLabel";"c:\projetos\AtlasWeb\CadEmpresas.dfm"
"fCadEmpresas.UniDBEdit66";"Layout CT-e";"en-US";"";"FieldLabel";"c:\projetos\AtlasWeb\CadEmpresas.dfm"
"fCadEmpresas.UniDBEdit67";"Layout Manifesto";"en-US";"";"FieldLabel";"c:\projetos\AtlasWeb\CadEmpresas.dfm"
"fCadEmpresas.UniDBEdit68";"Layout GNRE";"en-US";"";"FieldLabel";"c:\projetos\AtlasWeb\CadEmpresas.dfm"
"fCadEmpresas.UniDBEdit53";"Layout NF-e";"en-US";"";"FieldLabel";"c:\projetos\AtlasWeb\CadEmpresas.dfm"
"fCadEmpresas.UniDBLookupComboBox12";"NF-e Modelo (Entrada)";"en-US";"";"FieldLabel";"c:\projetos\AtlasWeb\CadEmpresas.dfm"
"fCadEmpresas.UniDBEdit52";"Série";"en-US";"";"FieldLabel";"c:\projetos\AtlasWeb\CadEmpresas.dfm"
"fCadEmpresas.UniDBEdit55";"Número";"en-US";"";"FieldLabel";"c:\projetos\AtlasWeb\CadEmpresas.dfm"
"fCadEmpresas.UniDBLookupComboBox13";"NF-e Modelo (Saída)";"en-US";"";"FieldLabel";"c:\projetos\AtlasWeb\CadEmpresas.dfm"
"fCadEmpresas.UniDBEdit56";"Série";"en-US";"";"FieldLabel";"c:\projetos\AtlasWeb\CadEmpresas.dfm"
"fCadEmpresas.UniDBEdit57";"Número";"en-US";"";"FieldLabel";"c:\projetos\AtlasWeb\CadEmpresas.dfm"
"fCadEmpresas.UniDBLookupComboBox14";"Ct-e Modelo";"en-US";"";"FieldLabel";"c:\projetos\AtlasWeb\CadEmpresas.dfm"
"fCadEmpresas.UniDBEdit54";"Série";"en-US";"";"FieldLabel";"c:\projetos\AtlasWeb\CadEmpresas.dfm"
"fCadEmpresas.UniDBEdit58";"Número";"en-US";"";"FieldLabel";"c:\projetos\AtlasWeb\CadEmpresas.dfm"
"fCadEmpresas.UniDBLookupComboBox15";"NFS-e Modelo";"en-US";"";"FieldLabel";"c:\projetos\AtlasWeb\CadEmpresas.dfm"
"fCadEmpresas.UniDBEdit59";"Série";"en-US";"";"FieldLabel";"c:\projetos\AtlasWeb\CadEmpresas.dfm"
"fCadEmpresas.UniDBEdit60";"Número";"en-US";"";"FieldLabel";"c:\projetos\AtlasWeb\CadEmpresas.dfm"
"fCadEmpresas.UniDBEdit61";"Nº Livro Diário";"en-US";"";"FieldLabel";"c:\projetos\AtlasWeb\CadEmpresas.dfm"
"fCadEmpresas.UniDBEdit62";"Página do Diário";"en-US";"";"FieldLabel";"c:\projetos\AtlasWeb\CadEmpresas.dfm"
"fCadEmpresas.UniDBDateTimePicker6";"Fechamento Financ";"en-US";"";"FieldLabel";"c:\projetos\AtlasWeb\CadEmpresas.dfm"
"fCadEmpresas.UniDBEdit64";"Nº Processo (Import)";"en-US";"";"FieldLabel";"c:\projetos\AtlasWeb\CadEmpresas.dfm"
"fCadEmpresas.UniDBEdit69";"Máscara Processo";"en-US";"";"FieldLabel";"c:\projetos\AtlasWeb\CadEmpresas.dfm"
"fCadEmpresas.UniDBCheckBox8";"Gerar Número do Processo";"en-US";"";"Caption";"c:\projetos\AtlasWeb\CadEmpresas.dfm"
"fCadEmpresas.UniDBEdit70";"Nº Processo (Export)";"en-US";"";"FieldLabel";"c:\projetos\AtlasWeb\CadEmpresas.dfm"
"fCadEmpresas.UniDBEdit71";"Máscara Processo";"en-US";"";"FieldLabel";"c:\projetos\AtlasWeb\CadEmpresas.dfm"
"fCadEmpresas.UniDBCheckBox9";"Gerar Número do Processo";"en-US";"";"Caption";"c:\projetos\AtlasWeb\CadEmpresas.dfm"
"fCadEmpresas.UniDBEdit72";"Nº PO";"en-US";"";"FieldLabel";"c:\projetos\AtlasWeb\CadEmpresas.dfm"
"fCadEmpresas.UniDBEdit73";"Máscara PO";"en-US";"";"FieldLabel";"c:\projetos\AtlasWeb\CadEmpresas.dfm"
"fCadEmpresas.UniDBCheckBox10";"Gerar Número do PO";"en-US";"";"Caption";"c:\projetos\AtlasWeb\CadEmpresas.dfm"
"fCadEmpresas.UniDBRadioGroup2";"Ambiente NF-e";"en-US";"";"Caption";"c:\projetos\AtlasWeb\CadEmpresas.dfm"
"fCadEmpresas.UniDBRadioGroup3";"Ambiente CT-e";"en-US";"";"Caption";"c:\projetos\AtlasWeb\CadEmpresas.dfm"
"fCadEmpresas.UniDBRadioGroup4";"Ambiente GNRE";"en-US";"";"Caption";"c:\projetos\AtlasWeb\CadEmpresas.dfm"
"fCadEmpresas.UniDBRadioGroup5";"Ambiente REINF";"en-US";"";"Caption";"c:\projetos\AtlasWeb\CadEmpresas.dfm"
"fCadEmpresas.pAutoriz";"Autorizações para NF-e";"en-US";"";"Title";"c:\projetos\AtlasWeb\CadEmpresas.dfm"
"fCadEmpresas.pAutoriz";"pAutoriz";"en-US";"";"Caption";"c:\projetos\AtlasWeb\CadEmpresas.dfm"
"fCadEmpresas.UniDBMemo8";"CNPJ Autorizado";"en-US";"";"FieldLabel";"c:\projetos\AtlasWeb\CadEmpresas.dfm"
"fCadEmpresas.UniDBMemo9";"CPF Autorizado";"en-US";"";"FieldLabel";"c:\projetos\AtlasWeb\CadEmpresas.dfm"
"fCadEmpresas.UniTabSheet2";"SPED's";"en-US";"";"Caption";"c:\projetos\AtlasWeb\CadEmpresas.dfm"
"fCadEmpresas.UniPanel2";"SPED";"en-US";"";"Title";"c:\projetos\AtlasWeb\CadEmpresas.dfm"
"fCadEmpresas.UniGroupBox2";"SPED FISCAL";"en-US";"";"Caption";"c:\projetos\AtlasWeb\CadEmpresas.dfm"
"fCadEmpresas.UniDBRadioGroup6";"Perfil";"en-US";"";"Caption";"c:\projetos\AtlasWeb\CadEmpresas.dfm"
"fCadEmpresas.UniDBRadioGroup7";"Perfil";"en-US";"";"Caption";"c:\projetos\AtlasWeb\CadEmpresas.dfm"
"fCadEmpresas.cClassificacao_ContribIPI";"Classificação Contrib. IPI";"en-US";"";"FieldLabel";"c:\projetos\AtlasWeb\CadEmpresas.dfm"
"fCadEmpresas.UniGroupBox3";"SPED PIS / COFINS";"en-US";"";"Caption";"c:\projetos\AtlasWeb\CadEmpresas.dfm"
"fCadEmpresas.UniGroupBox4";"SPED CONTABIL";"en-US";"";"Caption";"c:\projetos\AtlasWeb\CadEmpresas.dfm"
"fCadEmpresas.UniDBRadioGroup8";"Perfil";"en-US";"";"Caption";"c:\projetos\AtlasWeb\CadEmpresas.dfm"
"fCadEmpresas.UniDBEdit21";"Quantidade de SCP";"en-US";"";"FieldLabel";"c:\projetos\AtlasWeb\CadEmpresas.dfm"
"fCadEmpresas.UniDBEdit80";"Código Natureza Jurídica";"en-US";"";"FieldLabel";"c:\projetos\AtlasWeb\CadEmpresas.dfm"
"fCadEmpresas.UniDBCheckBox14";"Optante pelo REFIS";"en-US";"";"Caption";"c:\projetos\AtlasWeb\CadEmpresas.dfm"
"fCadEmpresas.UniDBCheckBox15";"Optante pelo PAES";"en-US";"";"Caption";"c:\projetos\AtlasWeb\CadEmpresas.dfm"
"fCadEmpresas.UniDBCheckBox16";"Optante pela extinção do RTT no ano-calendário de 2014.";"en-US";"";"Caption";"c:\projetos\AtlasWeb\CadEmpresas.dfm"
"fCadEmpresas.UniDBRadioGroup10";"Instituição Resp.Manut.Plano de Contas Referencial";"en-US";"";"Caption";"c:\projetos\AtlasWeb\CadEmpresas.dfm"
"fCadEmpresas.UniDBRadioGroup11";"Forma de Tributação";"en-US";"";"Caption";"c:\projetos\AtlasWeb\CadEmpresas.dfm"
"fCadEmpresas.UniGroupBox5";"REINF";"en-US";"";"Caption";"c:\projetos\AtlasWeb\CadEmpresas.dfm"
"fCadEmpresas.UniDBRadioGroup12";"Escrituração Contábil Digital (ECD)";"en-US";"";"Caption";"c:\projetos\AtlasWeb\CadEmpresas.dfm"
"fCadEmpresas.UniDBRadioGroup13";"Indicativo de desoneração da folha";"en-US";"";"Caption";"c:\projetos\AtlasWeb\CadEmpresas.dfm"
"fCadEmpresas.UniDBLookupComboBox17";"Classificação Tributária";"en-US";"";"FieldLabel";"c:\projetos\AtlasWeb\CadEmpresas.dfm"
"fCadEmpresas.UniDBRadioGroup14";"Indicativo existência acordo internacional p/isenção de multa";"en-US";"";"Caption";"c:\projetos\AtlasWeb\CadEmpresas.dfm"
"fCadEmpresas.UniGroupBox1";"Registro R100";"en-US";"";"Caption";"c:\projetos\AtlasWeb\CadEmpresas.dfm"
"fCadEmpresas.UniDBEdit81";"Sequência";"en-US";"";"FieldLabel";"c:\projetos\AtlasWeb\CadEmpresas.dfm"
"fCadEmpresas.UniDBEdit82";"Inicio da Validade";"en-US";"";"FieldLabel";"c:\projetos\AtlasWeb\CadEmpresas.dfm"
"fCadEmpresas.UniDBEdit83";"Modo de Lançamento";"en-US";"";"FieldLabel";"c:\projetos\AtlasWeb\CadEmpresas.dfm"
"fCadEmpresas.UniDBRadioGroup15";"Aplicativo";"en-US";"";"Caption";"c:\projetos\AtlasWeb\CadEmpresas.dfm"
"fCadEmpresas.UniDBRadioGroup16";"Tipo de Inscrição";"en-US";"";"Caption";"c:\projetos\AtlasWeb\CadEmpresas.dfm"
"fCadEmpresas.UniDBEdit84";"Fim da Validade";"en-US";"";"FieldLabel";"c:\projetos\AtlasWeb\CadEmpresas.dfm"
"fCadEmpresas.UniDBRadioGroup17";"Situação PJ";"en-US";"";"Caption";"c:\projetos\AtlasWeb\CadEmpresas.dfm"
"fCadEmpresas.UniDBRadioGroup18";"Orgão Resposável";"en-US";"";"Caption";"c:\projetos\AtlasWeb\CadEmpresas.dfm"
"fCadEmpresas.UniDBEdit85";"Versão do Manual";"en-US";"";"FieldLabel";"c:\projetos\AtlasWeb\CadEmpresas.dfm"
"fCadEmpresas.UniTabSheet1";"Rede / Internet";"en-US";"";"Caption";"c:\projetos\AtlasWeb\CadEmpresas.dfm"
"fCadEmpresas.pRede";"DIRETOR/RESPOSÁVEL";"en-US";"";"Title";"c:\projetos\AtlasWeb\CadEmpresas.dfm"
"fCadEmpresas.UniDBEdit78";"E-Mail";"en-US";"";"FieldLabel";"c:\projetos\AtlasWeb\CadEmpresas.dfm"
"fCadEmpresas.UniDBCheckBox11";"Servidor requer autenticação";"en-US";"";"Caption";"c:\projetos\AtlasWeb\CadEmpresas.dfm"
"fCadEmpresas.UniDBCheckBox12";"Utilizar conexão segura (SSL/TLS)";"en-US";"";"Caption";"c:\projetos\AtlasWeb\CadEmpresas.dfm"
"fCadEmpresas.UniDBMemo1";"E-Mail (Cópia)";"en-US";"";"FieldLabel";"c:\projetos\AtlasWeb\CadEmpresas.dfm"
"fCadEmpresas.UniDBEdit74";"E-Mail";"en-US";"";"FieldLabel";"c:\projetos\AtlasWeb\CadEmpresas.dfm"
"fCadEmpresas.UniDBEdit75";"Porta";"en-US";"";"FieldLabel";"c:\projetos\AtlasWeb\CadEmpresas.dfm"
"fCadEmpresas.UniDBEdit76";"Usuário (ID)";"en-US";"";"FieldLabel";"c:\projetos\AtlasWeb\CadEmpresas.dfm"
"fCadEmpresas.UniDBEdit77";"Senha";"en-US";"";"FieldLabel";"c:\projetos\AtlasWeb\CadEmpresas.dfm"
"fCadEmpresas.UniDBMemo2";"Msg envio NF-e";"en-US";"";"FieldLabel";"c:\projetos\AtlasWeb\CadEmpresas.dfm"
"fCadEmpresas.UniDBMemo3";"Msg envio cancel. NF-e";"en-US";"";"FieldLabel";"c:\projetos\AtlasWeb\CadEmpresas.dfm"
"fCadEmpresas.UniDBMemo4";"Msg envio CC-e";"en-US";"";"FieldLabel";"c:\projetos\AtlasWeb\CadEmpresas.dfm"
"fCadEmpresas.UniDBMemo5";"Msg envio orçamentos";"en-US";"";"FieldLabel";"c:\projetos\AtlasWeb\CadEmpresas.dfm"
"fCadEmpresas.UniDBMemo6";"Msg envio Boletos";"en-US";"";"FieldLabel";"c:\projetos\AtlasWeb\CadEmpresas.dfm"
"fCadEmpresas.UniDBEdit79";"Site";"en-US";"";"FieldLabel";"c:\projetos\AtlasWeb\CadEmpresas.dfm"
"fCadEmpresas.UniDBComboBox1";"SSL Metodo";"en-US";"";"FieldLabel";"c:\projetos\AtlasWeb\CadEmpresas.dfm"
"fCadEmpresas.UniDBComboBox2";"Web Service (NF-e)";"en-US";"";"FieldLabel";"c:\projetos\AtlasWeb\CadEmpresas.dfm"
"fCadEmpresas.UniDBComboBox3";"Web Service (Manifesto)";"en-US";"";"FieldLabel";"c:\projetos\AtlasWeb\CadEmpresas.dfm"
"fCadEmpresas.UniDBMemo7";"Certificado Digital";"en-US";"";"FieldLabel";"c:\projetos\AtlasWeb\CadEmpresas.dfm"
"fCadEmpresas.UniDBDateTimePicker7";"Vencimento Certificado";"en-US";"";"FieldLabel";"c:\projetos\AtlasWeb\CadEmpresas.dfm"
"fCadEmpresas.UniButton2";"Certificado";"en-US";"";"Caption";"c:\projetos\AtlasWeb\CadEmpresas.dfm"
"fCadEmpresas.UniButton3";"Testar E-Mail";"en-US";"";"Caption";"c:\projetos\AtlasWeb\CadEmpresas.dfm"
"fCadEstados.aLista";"Lista";"en-US";"";"Caption";"c:\projetos\AtlasWeb\CadEstados.dfm"
"fCadEstados.aFicha2";"Dados Gerais";"en-US";"";"Caption";"c:\projetos\AtlasWeb\CadEstados.dfm"
"fCadEstados.pFicha";"DADOS GERAIS";"en-US";"";"Title";"c:\projetos\AtlasWeb\CadEstados.dfm"
"fCadEstados.cNumero";"Código";"en-US";"";"FieldLabel";"c:\projetos\AtlasWeb\CadEstados.dfm"
"fCadEstados.cNome";"Nome";"en-US";"";"FieldLabel";"c:\projetos\AtlasWeb\CadEstados.dfm"
"fCadEstados.cUF";"UF";"en-US";"";"FieldLabel";"c:\projetos\AtlasWeb\CadEstados.dfm"
"fCadEstados.cDed_Do";"de/do";"en-US";"";"FieldLabel";"c:\projetos\AtlasWeb\CadEstados.dfm"
"fCadEstados.cRegiao";"Região";"en-US";"";"Caption";"c:\projetos\AtlasWeb\CadEstados.dfm"
"fCadEstados.cMascara_IE";"Mascara IE";"en-US";"";"FieldLabel";"c:\projetos\AtlasWeb\CadEstados.dfm"
"fCadEstados.GroupBox1";"ICMS Interno (Produtos Importados)";"en-US";"";"Caption";"c:\projetos\AtlasWeb\CadEstados.dfm"
"fCadEstados.cImp_Contribuinte";"Contribuinte (Diferenciada)";"en-US";"";"FieldLabel";"c:\projetos\AtlasWeb\CadEstados.dfm"
"fCadEstados.cImp_NContribuinte";"Não Contribuinte (Diferenciada)";"en-US";"";"FieldLabel";"c:\projetos\AtlasWeb\CadEstados.dfm"
"fCadEstados.cImp_ContribuinteCheia";"Contribuinte (Integral)";"en-US";"";"FieldLabel";"c:\projetos\AtlasWeb\CadEstados.dfm"
"fCadEstados.cImp_NContribuinteCheia";"Não Contribuinte (Integral)";"en-US";"";"FieldLabel";"c:\projetos\AtlasWeb\CadEstados.dfm"
"fCadEstados.GroupBox2";"ICMS Interno (Produtos Nacionais)";"en-US";"";"Caption";"c:\projetos\AtlasWeb\CadEstados.dfm"
"fCadEstados.cNac_ContribuinteCheia";"Contribuinte (Integral)";"en-US";"";"FieldLabel";"c:\projetos\AtlasWeb\CadEstados.dfm"
"fCadEstados.cNac_NContribuinteCheia";"Não Contribuinte (Integral)";"en-US";"";"FieldLabel";"c:\projetos\AtlasWeb\CadEstados.dfm"
"fCadEstados.cNac_Contribuinte";"Contribuinte (Diferenciada)";"en-US";"";"FieldLabel";"c:\projetos\AtlasWeb\CadEstados.dfm"
"fCadEstados.cNac_NContribuinte";"Não Contribuinte (Diferenciada)";"en-US";"";"FieldLabel";"c:\projetos\AtlasWeb\CadEstados.dfm"
"fCadEstados.UniTabSheet1";"GNRE";"en-US";"";"Caption";"c:\projetos\AtlasWeb\CadEstados.dfm"
"fCadEstados.pFicha2";"DADOS GERAIS";"en-US";"";"Title";"c:\projetos\AtlasWeb\CadEstados.dfm"
"fCadEstados.UniDBCheckBox1";"Estado Gera GNRE Eletrônico";"en-US";"";"Caption";"c:\projetos\AtlasWeb\CadEstados.dfm"
"fCadEstados.cGNRE_ST";"Cód.Receita ICMS ST";"en-US";"";"FieldLabel";"c:\projetos\AtlasWeb\CadEstados.dfm"
"fCadEstados.cCodigo_GNRE";"Código GNRE";"en-US";"";"FieldLabel";"c:\projetos\AtlasWeb\CadEstados.dfm"
"fCadEstados.cConvenio";"Nº do Convênio";"en-US";"";"FieldLabel";"c:\projetos\AtlasWeb\CadEstados.dfm"
"fCadEstados.cGNRE_AdicCod";"Campo Adicional Código";"en-US";"";"FieldLabel";"c:\projetos\AtlasWeb\CadEstados.dfm"
"fCadEstados.cGNRE_AdicTipo";"Campo Adicional Tipo";"en-US";"";"FieldLabel";"c:\projetos\AtlasWeb\CadEstados.dfm"
"fCadEstados.cGNRE_Imp";"Cód.Receita ICMS Importação";"en-US";"";"FieldLabel";"c:\projetos\AtlasWeb\CadEstados.dfm"
"fCadEstados.cGNRE_DIFAL";"Cód.Receita ICMS DIFAL";"en-US";"";"FieldLabel";"c:\projetos\AtlasWeb\CadEstados.dfm"
"fCadEstados.cICMS_Interno";"Alíquota ICMS Interna";"en-US";"";"FieldLabel";"c:\projetos\AtlasWeb\CadEstados.dfm"
"fCadEstados.GroupBox20";"Lançamento Financeiro (Pagamento GNRE)";"en-US";"";"Caption";"c:\projetos\AtlasWeb\CadEstados.dfm"
"fCadEstados.cGNRE_Orgao";"Orgão Arrecadador";"en-US";"";"FieldLabel";"c:\projetos\AtlasWeb\CadEstados.dfm"
"fCadEstados.clGNRE_TipoDocumento";"Documento";"en-US";"";"FieldLabel";"c:\projetos\AtlasWeb\CadEstados.dfm"
"fCadEstados.cGNRE_CentroCusto";"Centro de Custo";"en-US";"";"FieldLabel";"c:\projetos\AtlasWeb\CadEstados.dfm"
"fCadEstados.cGNRE_Classificacao";"Classificação Financeira";"en-US";"";"FieldLabel";"c:\projetos\AtlasWeb\CadEstados.dfm"
"fCadEstados.bAdicionar";"Adicionar novo registro.";"en-US";"";"Hint";"c:\projetos\AtlasWeb\CadEstados.dfm"
"fCadEstados.bEditar";"Editar registro corrente.";"en-US";"";"Hint";"c:\projetos\AtlasWeb\CadEstados.dfm"
"fCadEstados.bExcluir";"Excluir registro corrente.";"en-US";"";"Hint";"c:\projetos\AtlasWeb\CadEstados.dfm"
"fCadEstados.bCancelar";"Cancelar modificações feitas no registro corrente.";"en-US";"";"Hint";"c:\projetos\AtlasWeb\CadEstados.dfm"
"fCadEstados.bSalvar";"Salva o registro corrente.";"en-US";"";"Hint";"c:\projetos\AtlasWeb\CadEstados.dfm"
"fCadEstados.bFechar";"Fecha a tela de cadastro atual.";"en-US";"";"Hint";"c:\projetos\AtlasWeb\CadEstados.dfm"
"fCadHistoricoPadrao.bAdicionar";"Adicionar novo registro.";"en-US";"";"Hint";"c:\projetos\AtlasWeb\CadHistoricoPadrao.dfm"
"fCadHistoricoPadrao.bEditar";"Editar registro corrente.";"en-US";"";"Hint";"c:\projetos\AtlasWeb\CadHistoricoPadrao.dfm"
"fCadHistoricoPadrao.bExcluir";"Excluir registro corrente.";"en-US";"";"Hint";"c:\projetos\AtlasWeb\CadHistoricoPadrao.dfm"
"fCadHistoricoPadrao.bCancelar";"Cancelar modificações feitas no registro corrente.";"en-US";"";"Hint";"c:\projetos\AtlasWeb\CadHistoricoPadrao.dfm"
"fCadHistoricoPadrao.bGravar";"Salva o registro corrente.";"en-US";"";"Hint";"c:\projetos\AtlasWeb\CadHistoricoPadrao.dfm"
"fCadHistoricoPadrao.bFechar";"Fecha a tela de cadastro atual.";"en-US";"";"Hint";"c:\projetos\AtlasWeb\CadHistoricoPadrao.dfm"
"fCadHistoricoPadrao.aLista";"Lista";"en-US";"";"Caption";"c:\projetos\AtlasWeb\CadHistoricoPadrao.dfm"
"fCadHistoricoPadrao.UniTabSheet1";"Dados Gerais";"en-US";"";"Caption";"c:\projetos\AtlasWeb\CadHistoricoPadrao.dfm"
"fCadHistoricoPadrao.pFicha";"DADOS GERAIS";"en-US";"";"Title";"c:\projetos\AtlasWeb\CadHistoricoPadrao.dfm"
"fCadHistoricoPadrao.cCodigo";"Código";"en-US";"";"FieldLabel";"c:\projetos\AtlasWeb\CadHistoricoPadrao.dfm"
"fCadHistoricoPadrao.cDescricao";"Descrição";"en-US";"";"FieldLabel";"c:\projetos\AtlasWeb\CadHistoricoPadrao.dfm"
"fCadHistoricoPadrao.cComplemento";"Pedir complemento";"en-US";"";"FieldLabel";"c:\projetos\AtlasWeb\CadHistoricoPadrao.dfm"
"fCadHistoricoPadrao.bMacro";"Adicionar macro";"en-US";"";"Hint";"c:\projetos\AtlasWeb\CadHistoricoPadrao.dfm"
"fCadHistoricoPadrao.bMacro";"...";"en-US";"";"Caption";"c:\projetos\AtlasWeb\CadHistoricoPadrao.dfm"
"fCadHistoricoPadrao.cMacro";"Complemento";"en-US";"";"FieldLabel";"c:\projetos\AtlasWeb\CadHistoricoPadrao.dfm"
"fCadHistoricoPadrao.FORNECEDORES1";"<{BENEFICIARIO}>";"en-US";"";"Caption";"c:\projetos\AtlasWeb\CadHistoricoPadrao.dfm"
"fCadHistoricoPadrao.PROCESSO1";"<{PROCESSO}>";"en-US";"";"Caption";"c:\projetos\AtlasWeb\CadHistoricoPadrao.dfm"
"fCadHistoricoPadrao.DI1";"<{DI}>";"en-US";"";"Caption";"c:\projetos\AtlasWeb\CadHistoricoPadrao.dfm"
"fCadHistoricoPadrao.DESCRIOCLASSIFICAOFINANCEIRA1";"<{CLASSIFICAÇÃO}>";"en-US";"";"Caption";"c:\projetos\AtlasWeb\CadHistoricoPadrao.dfm"
"fCadHistoricoPadrao.IPODEDOCUMENTO1";"<{TIPO DE DOCUMENTO}>";"en-US";"";"Caption";"c:\projetos\AtlasWeb\CadHistoricoPadrao.dfm"
"fCadHistoricoPadrao.NDOCUMENTP1";"<{Nº DOCUMENTO}>";"en-US";"";"Caption";"c:\projetos\AtlasWeb\CadHistoricoPadrao.dfm"
"fCadHistoricoPadrao.DATADOCUMENTO1";"<{DATA DOCUMENTO}>";"en-US";"";"Caption";"c:\projetos\AtlasWeb\CadHistoricoPadrao.dfm"
"fCadHistoricoPadrao.BANCO1";"<{BANCO}>";"en-US";"";"Caption";"c:\projetos\AtlasWeb\CadHistoricoPadrao.dfm"
"fCadHistoricoPadrao.OBSERVAO1";"<{OBSERVAÇÃO}>";"en-US";"";"Caption";"c:\projetos\AtlasWeb\CadHistoricoPadrao.dfm"
"fCadIncoterms.bAdicionar";"Adicionar novo registro.";"en-US";"";"Hint";"c:\projetos\AtlasWeb\CadIncoterms.dfm"
"fCadIncoterms.bEditar";"Editar registro corrente.";"en-US";"";"Hint";"c:\projetos\AtlasWeb\CadIncoterms.dfm"
"fCadIncoterms.bExcluir";"Excluir registro corrente.";"en-US";"";"Hint";"c:\projetos\AtlasWeb\CadIncoterms.dfm"
"fCadIncoterms.bCancelar";"Cancelar modificações feitas no registro corrente.";"en-US";"";"Hint";"c:\projetos\AtlasWeb\CadIncoterms.dfm"
"fCadIncoterms.bGravar";"Salva o registro corrente.";"en-US";"";"Hint";"c:\projetos\AtlasWeb\CadIncoterms.dfm"
"fCadIncoterms.bFechar";"Fecha a tela de cadastro atual.";"en-US";"";"Hint";"c:\projetos\AtlasWeb\CadIncoterms.dfm"
"fCadIncoterms.aLista";"Lista";"en-US";"";"Caption";"c:\projetos\AtlasWeb\CadIncoterms.dfm"
"fCadIncoterms.UniTabSheet1";"Dados Gerais";"en-US";"";"Caption";"c:\projetos\AtlasWeb\CadIncoterms.dfm"
"fCadIncoterms.pFicha";"DADOS GERAIS";"en-US";"";"Title";"c:\projetos\AtlasWeb\CadIncoterms.dfm"
"fCadIncoterms.cCodigo";"Código ";"en-US";"";"FieldLabel";"c:\projetos\AtlasWeb\CadIncoterms.dfm"
"fCadIncoterms.cDescricao";"Descrição";"en-US";"";"FieldLabel";"c:\projetos\AtlasWeb\CadIncoterms.dfm"
"fCadIncoterms.cFrete";"Rateia Frete";"en-US";"";"Caption";"c:\projetos\AtlasWeb\CadIncoterms.dfm"
"fCadIncoterms.cSeguro";"Rateia Seguro";"en-US";"";"Caption";"c:\projetos\AtlasWeb\CadIncoterms.dfm"
"fCadLancamentoPadrao.bAdicionar";"Adicionar novo registro.";"en-US";"";"Hint";"c:\projetos\AtlasWeb\CadLancamentoPadrao.dfm"
"fCadLancamentoPadrao.bEditar";"Editar registro corrente.";"en-US";"";"Hint";"c:\projetos\AtlasWeb\CadLancamentoPadrao.dfm"
"fCadLancamentoPadrao.bExcluir";"Excluir registro corrente.";"en-US";"";"Hint";"c:\projetos\AtlasWeb\CadLancamentoPadrao.dfm"
"fCadLancamentoPadrao.bCancelar";"Cancelar modificações feitas no registro corrente.";"en-US";"";"Hint";"c:\projetos\AtlasWeb\CadLancamentoPadrao.dfm"
"fCadLancamentoPadrao.bGravar";"Salva o registro corrente.";"en-US";"";"Hint";"c:\projetos\AtlasWeb\CadLancamentoPadrao.dfm"
"fCadLancamentoPadrao.bFechar";"Fecha a tela de cadastro atual.";"en-US";"";"Hint";"c:\projetos\AtlasWeb\CadLancamentoPadrao.dfm"
"fCadLancamentoPadrao.aLista";"Lista";"en-US";"";"Caption";"c:\projetos\AtlasWeb\CadLancamentoPadrao.dfm"
"fCadLancamentoPadrao.UniTabSheet1";"Dados Gerais";"en-US";"";"Caption";"c:\projetos\AtlasWeb\CadLancamentoPadrao.dfm"
"fCadLancamentoPadrao.pFicha";"DADOS GERAIS";"en-US";"";"Title";"c:\projetos\AtlasWeb\CadLancamentoPadrao.dfm"
"fCadLancamentoPadrao.cVencimento";"Vencimento (Dia)";"en-US";"";"FieldLabel";"c:\projetos\AtlasWeb\CadLancamentoPadrao.dfm"
"fCadLancamentoPadrao.clBanco";"Banco";"en-US";"";"FieldLabel";"c:\projetos\AtlasWeb\CadLancamentoPadrao.dfm"
"fCadLancamentoPadrao.cObservacao";"Observação";"en-US";"";"FieldLabel";"c:\projetos\AtlasWeb\CadLancamentoPadrao.dfm"
"fCadLancamentoPadrao.cValor";"Valor";"en-US";"";"FieldLabel";"c:\projetos\AtlasWeb\CadLancamentoPadrao.dfm"
"fCadLancamentoPadrao.clClassificacao";"Classificação";"en-US";"";"FieldLabel";"c:\projetos\AtlasWeb\CadLancamentoPadrao.dfm"
"fCadLancamentoPadrao.clFornecedor";"Beneficiário";"en-US";"";"FieldLabel";"c:\projetos\AtlasWeb\CadLancamentoPadrao.dfm"
"fCadLancamentoPadrao.clDocumento";"Documento";"en-US";"";"FieldLabel";"c:\projetos\AtlasWeb\CadLancamentoPadrao.dfm"
"fCadLancamentoPadrao.clModalidade";"Forma Pagamento";"en-US";"";"FieldLabel";"c:\projetos\AtlasWeb\CadLancamentoPadrao.dfm"
"fCadLancamentoPadrao.clCentro_Custo";"Centro de Custo";"en-US";"";"FieldLabel";"c:\projetos\AtlasWeb\CadLancamentoPadrao.dfm"
"fCadLancamentoPadrao.cDescricao";"Descrição";"en-US";"";"FieldLabel";"c:\projetos\AtlasWeb\CadLancamentoPadrao.dfm"
"fCadLinhas.bAdicionar";"Adicionar novo registro.";"en-US";"";"Hint";"c:\projetos\AtlasWeb\CadLinhas.dfm"
"fCadLinhas.bEditar";"Editar registro corrente.";"en-US";"";"Hint";"c:\projetos\AtlasWeb\CadLinhas.dfm"
"fCadLinhas.bExcluir";"Excluir registro corrente.";"en-US";"";"Hint";"c:\projetos\AtlasWeb\CadLinhas.dfm"
"fCadLinhas.bCancelar";"Cancelar modificações feitas no registro corrente.";"en-US";"";"Hint";"c:\projetos\AtlasWeb\CadLinhas.dfm"
"fCadLinhas.bGravar";"Salva o registro corrente.";"en-US";"";"Hint";"c:\projetos\AtlasWeb\CadLinhas.dfm"
"fCadLinhas.bFechar";"Fecha a tela de cadastro atual.";"en-US";"";"Hint";"c:\projetos\AtlasWeb\CadLinhas.dfm"
"fCadLinhas.aLista";"Lista";"en-US";"";"Caption";"c:\projetos\AtlasWeb\CadLinhas.dfm"
"fCadLinhas.bRelacionar";"Fecha a janela atual e cancela os processos pendentes.";"en-US";"";"Hint";"c:\projetos\AtlasWeb\CadLinhas.dfm"
"fCadLinhas.bRelacionar";"Relacionar à Produtos";"en-US";"";"Caption";"c:\projetos\AtlasWeb\CadLinhas.dfm"
"fCadLinhas.cCodigo";"Código";"en-US";"";"FieldLabel";"c:\projetos\AtlasWeb\CadLinhas.dfm"
"fCadLinhas.cDescricao";"Descrição";"en-US";"";"FieldLabel";"c:\projetos\AtlasWeb\CadLinhas.dfm"
"fCadLinhas.UniTabSheet1";"Dados Gerais";"en-US";"";"Caption";"c:\projetos\AtlasWeb\CadLinhas.dfm"
"fCadLinhas.pFicha";"DADOS GERAIS";"en-US";"";"Title";"c:\projetos\AtlasWeb\CadLinhas.dfm"
"fCadLocaisDesembaraco.bAdicionar";"Adicionar novo registro.";"en-US";"";"Hint";"c:\projetos\AtlasWeb\CadLocaisDesembaraco.dfm"
"fCadLocaisDesembaraco.bEditar";"Editar registro corrente.";"en-US";"";"Hint";"c:\projetos\AtlasWeb\CadLocaisDesembaraco.dfm"
"fCadLocaisDesembaraco.bExcluir";"Excluir registro corrente.";"en-US";"";"Hint";"c:\projetos\AtlasWeb\CadLocaisDesembaraco.dfm"
"fCadLocaisDesembaraco.bCancelar";"Cancelar modificações feitas no registro corrente.";"en-US";"";"Hint";"c:\projetos\AtlasWeb\CadLocaisDesembaraco.dfm"
"fCadLocaisDesembaraco.bGravar";"Salva o registro corrente.";"en-US";"";"Hint";"c:\projetos\AtlasWeb\CadLocaisDesembaraco.dfm"
"fCadLocaisDesembaraco.bFechar";"Fecha a tela de cadastro atual.";"en-US";"";"Hint";"c:\projetos\AtlasWeb\CadLocaisDesembaraco.dfm"
"fCadLocaisDesembaraco.aLista";"Lista";"en-US";"";"Caption";"c:\projetos\AtlasWeb\CadLocaisDesembaraco.dfm"
"fCadLocaisDesembaraco.UniTabSheet1";"Dados Gerais";"en-US";"";"Caption";"c:\projetos\AtlasWeb\CadLocaisDesembaraco.dfm"
"fCadLocaisDesembaraco.pFicha";"DADOS GERAIS";"en-US";"";"Title";"c:\projetos\AtlasWeb\CadLocaisDesembaraco.dfm"
"fCadLocaisDesembaraco.cDescricao";"Nome";"en-US";"";"FieldLabel";"c:\projetos\AtlasWeb\CadLocaisDesembaraco.dfm"
"fCadLocaisDesembaraco.cCodigo";"Código";"en-US";"";"FieldLabel";"c:\projetos\AtlasWeb\CadLocaisDesembaraco.dfm"
"fCadLocaisDesembaraco.cPrazo_Registro";"Prazo Registro";"en-US";"";"FieldLabel";"c:\projetos\AtlasWeb\CadLocaisDesembaraco.dfm"
"fCadLocaisDesembaraco.cPrazo_Faturamento";"Prazo Faturamento";"en-US";"";"FieldLabel";"c:\projetos\AtlasWeb\CadLocaisDesembaraco.dfm"
"fCadLPCO.bAdicionar";"Adicionar novo registro.";"en-US";"";"Hint";"c:\projetos\AtlasWeb\CadLPCO.dfm"
"fCadLPCO.bEditar";"Editar registro corrente.";"en-US";"";"Hint";"c:\projetos\AtlasWeb\CadLPCO.dfm"
"fCadLPCO.bExcluir";"Excluir reegistro corrente.";"en-US";"";"Hint";"c:\projetos\AtlasWeb\CadLPCO.dfm"
"fCadLPCO.bCancelar";"Cancelar modificações feitas no registro corrente.";"en-US";"";"Hint";"c:\projetos\AtlasWeb\CadLPCO.dfm"
"fCadLPCO.bSalvar";"Salva o registro corrente.";"en-US";"";"Hint";"c:\projetos\AtlasWeb\CadLPCO.dfm"
"fCadLPCO.bFechar";"Fecha a tela de cadastro atual.";"en-US";"";"Hint";"c:\projetos\AtlasWeb\CadLPCO.dfm"
"fCadLPCO.pFicha";"DADOS GERAIS";"en-US";"";"Title";"c:\projetos\AtlasWeb\CadLPCO.dfm"
"fCadLPCO.cOrgao";"Orgão Anuente";"en-US";"";"FieldLabel";"c:\projetos\AtlasWeb\CadLPCO.dfm"
"fCadLPCO.cNumero";"Tipo de Documento";"en-US";"";"FieldLabel";"c:\projetos\AtlasWeb\CadLPCO.dfm"
"fCadLPCO.cDataIni";"Data Inicio";"en-US";"";"FieldLabel";"c:\projetos\AtlasWeb\CadLPCO.dfm"
"fCadLPCO.cDataFim";"Data Fim";"en-US";"";"FieldLabel";"c:\projetos\AtlasWeb\CadLPCO.dfm"
"fCadLPCO.DBEdit1";"Número";"en-US";"";"FieldLabel";"c:\projetos\AtlasWeb\CadLPCO.dfm"
"fCadModalidadesImportacao.bAdicionar";"Adicionar novo registro.";"en-US";"";"Hint";"c:\projetos\AtlasWeb\CadModalidadesImportacao.dfm"
"fCadModalidadesImportacao.bEditar";"Editar registro corrente.";"en-US";"";"Hint";"c:\projetos\AtlasWeb\CadModalidadesImportacao.dfm"
"fCadModalidadesImportacao.bExcluir";"Excluir registro corrente.";"en-US";"";"Hint";"c:\projetos\AtlasWeb\CadModalidadesImportacao.dfm"
"fCadModalidadesImportacao.bCancelar";"Cancelar modificações feitas no registro corrente.";"en-US";"";"Hint";"c:\projetos\AtlasWeb\CadModalidadesImportacao.dfm"
"fCadModalidadesImportacao.bGravar";"Salva o registro corrente.";"en-US";"";"Hint";"c:\projetos\AtlasWeb\CadModalidadesImportacao.dfm"
"fCadModalidadesImportacao.bFechar";"Fecha a tela de cadastro atual.";"en-US";"";"Hint";"c:\projetos\AtlasWeb\CadModalidadesImportacao.dfm"
"fCadModalidadesImportacao.aLista";"Lista";"en-US";"";"Caption";"c:\projetos\AtlasWeb\CadModalidadesImportacao.dfm"
"fCadModalidadesImportacao.aDados";"Modalidade de Importação / Exportação";"en-US";"";"Caption";"c:\projetos\AtlasWeb\CadModalidadesImportacao.dfm"
"fCadModalidadesImportacao.pFicha";"DADOS GERAIS";"en-US";"";"Title";"c:\projetos\AtlasWeb\CadModalidadesImportacao.dfm"
"fCadModalidadesImportacao.cCodigo";"Código";"en-US";"";"FieldLabel";"c:\projetos\AtlasWeb\CadModalidadesImportacao.dfm"
"fCadModalidadesImportacao.cDescricao";"Descrição";"en-US";"";"FieldLabel";"c:\projetos\AtlasWeb\CadModalidadesImportacao.dfm"
"fCadModalidadesImportacao.cApuracao_PISCOFINS";"Apura PIS/COFINS";"en-US";"";"Caption";"c:\projetos\AtlasWeb\CadModalidadesImportacao.dfm"
"fCadModalidadesImportacao.cExige_Cliente";"Cliente obrigatório";"en-US";"";"Caption";"c:\projetos\AtlasWeb\CadModalidadesImportacao.dfm"
"fCadModalidadesImportacao.UniGroupBox1";"Parâmetrização Financeira para Importação de DI";"en-US";"";"Caption";"c:\projetos\AtlasWeb\CadModalidadesImportacao.dfm"
"fCadModalidadesImportacao.UniDBLookupComboBox1";"Documento";"en-US";"";"FieldLabel";"c:\projetos\AtlasWeb\CadModalidadesImportacao.dfm"
"fCadModalidadesImportacao.UniDBLookupComboBox2";"Centro de Custo";"en-US";"";"FieldLabel";"c:\projetos\AtlasWeb\CadModalidadesImportacao.dfm"
"fCadModalidadesImportacao.UniDBLookupComboBox3";"Orgão";"en-US";"";"FieldLabel";"c:\projetos\AtlasWeb\CadModalidadesImportacao.dfm"
"fCadModalidadesImportacao.UniDBLookupComboBox4";"Classificação (II)";"en-US";"";"FieldLabel";"c:\projetos\AtlasWeb\CadModalidadesImportacao.dfm"
"fCadModalidadesImportacao.UniDBLookupComboBox5";"Classificação (IPI)";"en-US";"";"FieldLabel";"c:\projetos\AtlasWeb\CadModalidadesImportacao.dfm"
"fCadModalidadesImportacao.UniDBLookupComboBox6";"Classificação (PIS)";"en-US";"";"FieldLabel";"c:\projetos\AtlasWeb\CadModalidadesImportacao.dfm"
"fCadModalidadesImportacao.UniDBLookupComboBox7";"Classificação (COFINS)";"en-US";"";"FieldLabel";"c:\projetos\AtlasWeb\CadModalidadesImportacao.dfm"
"fCadModalidadesImportacao.UniDBLookupComboBox8";"Classificação (Tx SISCOMEX)";"en-US";"";"FieldLabel";"c:\projetos\AtlasWeb\CadModalidadesImportacao.dfm"
"fCadModalidadesImportacao.UniDBLookupComboBox9";"Classificação (ANTIDUMPING)";"en-US";"";"FieldLabel";"c:\projetos\AtlasWeb\CadModalidadesImportacao.dfm"
"fCadModalidadesImportacao.UniDBLookupComboBox10";"Classificação (Difer.PIS";"en-US";"";"FieldLabel";"c:\projetos\AtlasWeb\CadModalidadesImportacao.dfm"
"fCadModalidadesImportacao.UniDBLookupComboBox11";"Classificação (Difer.COFINS)";"en-US";"";"FieldLabel";"c:\projetos\AtlasWeb\CadModalidadesImportacao.dfm"
"fCadModalidadesImportacao.UniDBLookupComboBox12";"Classificação (AFRMM)";"en-US";"";"FieldLabel";"c:\projetos\AtlasWeb\CadModalidadesImportacao.dfm"
"fCadModalidadesImportacao.UniGroupBox2";"Parâmetrização Contabil";"en-US";"";"Caption";"c:\projetos\AtlasWeb\CadModalidadesImportacao.dfm"
"fCadModalidadesImportacao.UniDBLookupComboBox16";"Clientes (Devolução)";"en-US";"";"FieldLabel";"c:\projetos\AtlasWeb\CadModalidadesImportacao.dfm"
"fCadModalidadesImportacao.UniDBLookupComboBox17";"Fornecedores (Passivo)";"en-US";"";"FieldLabel";"c:\projetos\AtlasWeb\CadModalidadesImportacao.dfm"
"fCadModalidadesImportacao.UniDBLookupComboBox18";"Fornecedores (Adiantamento)";"en-US";"";"FieldLabel";"c:\projetos\AtlasWeb\CadModalidadesImportacao.dfm"
"fCadModalidadesImportacao.UniDBLookupComboBox19";"Fornecedores (Devolução)";"en-US";"";"FieldLabel";"c:\projetos\AtlasWeb\CadModalidadesImportacao.dfm"
"fCadModalidadesImportacao.UniDBLookupComboBox20";"Processos (Despesas)";"en-US";"";"FieldLabel";"c:\projetos\AtlasWeb\CadModalidadesImportacao.dfm"
"fCadModalidadesImportacao.UniDBLookupComboBox21";"Processos (Impostos)";"en-US";"";"FieldLabel";"c:\projetos\AtlasWeb\CadModalidadesImportacao.dfm"
"fCadModalidadesImportacao.UniDBLookupComboBox22";"Clientes (Ativo)";"en-US";"";"FieldLabel";"c:\projetos\AtlasWeb\CadModalidadesImportacao.dfm"
"fCadModalidadesImportacao.UniDBLookupComboBox23";"Clientes (Adiantamento)";"en-US";"";"FieldLabel";"c:\projetos\AtlasWeb\CadModalidadesImportacao.dfm"
"fCadModalidadesImportacao.UniDBLookupComboBox24";"Processos (Adiantamento)";"en-US";"";"FieldLabel";"c:\projetos\AtlasWeb\CadModalidadesImportacao.dfm"
"fCadModalidadesImportacao.UniDBCheckBox1";"Referente a Processo";"en-US";"";"Caption";"c:\projetos\AtlasWeb\CadModalidadesImportacao.dfm"
"fCadModalidadesPagamento.bAdicionar";"Adicionar novo registro.";"en-US";"";"Hint";"c:\projetos\AtlasWeb\CadModalidadesPagamento.dfm"
"fCadModalidadesPagamento.bEditar";"Editar registro corrente.";"en-US";"";"Hint";"c:\projetos\AtlasWeb\CadModalidadesPagamento.dfm"
"fCadModalidadesPagamento.bExcluir";"Excluir registro corrente.";"en-US";"";"Hint";"c:\projetos\AtlasWeb\CadModalidadesPagamento.dfm"
"fCadModalidadesPagamento.bCancelar";"Cancelar modificações feitas no registro corrente.";"en-US";"";"Hint";"c:\projetos\AtlasWeb\CadModalidadesPagamento.dfm"
"fCadModalidadesPagamento.bGravar";"Salva o registro corrente.";"en-US";"";"Hint";"c:\projetos\AtlasWeb\CadModalidadesPagamento.dfm"
"fCadModalidadesPagamento.bFechar";"Fecha a tela de cadastro atual.";"en-US";"";"Hint";"c:\projetos\AtlasWeb\CadModalidadesPagamento.dfm"
"fCadModalidadesPagamento.aLista";"Lista";"en-US";"";"Caption";"c:\projetos\AtlasWeb\CadModalidadesPagamento.dfm"
"fCadModalidadesPagamento.UniTabSheet1";"Dados Gerais";"en-US";"";"Caption";"c:\projetos\AtlasWeb\CadModalidadesPagamento.dfm"
"fCadModalidadesPagamento.pFicha";"DADOS GERAIS";"en-US";"";"Title";"c:\projetos\AtlasWeb\CadModalidadesPagamento.dfm"
"fCadModalidadesPagamento.cDescricao";"Descrição";"en-US";"";"FieldLabel";"c:\projetos\AtlasWeb\CadModalidadesPagamento.dfm"
"fCadModalidadesPagamento.cCodigo";"Código";"en-US";"";"FieldLabel";"c:\projetos\AtlasWeb\CadModalidadesPagamento.dfm"
"fCadModalidadesPagamento.cForma_Pagamento";"Forma de Pagamento (NF-e)";"en-US";"";"Caption";"c:\projetos\AtlasWeb\CadModalidadesPagamento.dfm"
"fCadModalidadesPagamento.cNumero_Parcelas";"Nº de Parcelas";"en-US";"";"FieldLabel";"c:\projetos\AtlasWeb\CadModalidadesPagamento.dfm"
"fCadModalidadesPagamento.cPrazo_Primeira";"Prazo 1ª Parcela";"en-US";"";"FieldLabel";"c:\projetos\AtlasWeb\CadModalidadesPagamento.dfm"
"fCadModalidadesPagamento.cPrazo_Demais";"Demais Parcelas";"en-US";"";"FieldLabel";"c:\projetos\AtlasWeb\CadModalidadesPagamento.dfm"
"fCadModalidadesPagamento.cPrazo_Dia";"Dia Fixo p/Vencimento";"en-US";"";"FieldLabel";"c:\projetos\AtlasWeb\CadModalidadesPagamento.dfm"
"fCadModalidadesPgto.bSair";"Fecha a janela atual e cancela os processos pendentes.";"en-US";"";"Hint";"c:\projetos\AtlasWeb\CadModalidadesPgto.dfm"
"fCadModalidadesPgto.bSair";"&Sair";"en-US";"";"Caption";"c:\projetos\AtlasWeb\CadModalidadesPgto.dfm"
"fCadModalidadesPgto.bPesquisa";"Procurar no banco de dados pelo registro informado.";"en-US";"";"Hint";"c:\projetos\AtlasWeb\CadModalidadesPgto.dfm"
"fCadModalidadesPgto.bPesquisa";"&Pesquisa";"en-US";"";"Caption";"c:\projetos\AtlasWeb\CadModalidadesPgto.dfm"
"fCadModalidadesPgto.StaticText5";"Descrição";"en-US";"";"Caption";"c:\projetos\AtlasWeb\CadModalidadesPgto.dfm"
"fCadModalidadesPgto.StaticText3";"Código";"en-US";"";"Caption";"c:\projetos\AtlasWeb\CadModalidadesPgto.dfm"
"fCadModalidadesPgto.cForma";"Forma de Pagamento (NF-e)";"en-US";"";"Caption";"c:\projetos\AtlasWeb\CadModalidadesPgto.dfm"
"fCadModalidadesPgto.StaticText15";"Nº de Parcelas";"en-US";"";"Caption";"c:\projetos\AtlasWeb\CadModalidadesPgto.dfm"
"fCadModalidadesPgto.StaticText16";"Prazo 1ª Parcela";"en-US";"";"Caption";"c:\projetos\AtlasWeb\CadModalidadesPgto.dfm"
"fCadModalidadesPgto.StaticText17";"Demais Parcelas";"en-US";"";"Caption";"c:\projetos\AtlasWeb\CadModalidadesPgto.dfm"
"fCadModalidadesPgto.StaticText1";"Dia Fixo p/Vencimento";"en-US";"";"Caption";"c:\projetos\AtlasWeb\CadModalidadesPgto.dfm"
"fCadMoedas.bAdicionar";"Adicionar novo registro.";"en-US";"";"Hint";"c:\projetos\AtlasWeb\CadMoedas.dfm"
"fCadMoedas.bEditar";"Editar registro corrente.";"en-US";"";"Hint";"c:\projetos\AtlasWeb\CadMoedas.dfm"
"fCadMoedas.bExcluir";"Excluir registro corrente.";"en-US";"";"Hint";"c:\projetos\AtlasWeb\CadMoedas.dfm"
"fCadMoedas.bCancelar";"Cancelar modificações feitas no registro corrente.";"en-US";"";"Hint";"c:\projetos\AtlasWeb\CadMoedas.dfm"
"fCadMoedas.bGravar";"Salva o registro corrente.";"en-US";"";"Hint";"c:\projetos\AtlasWeb\CadMoedas.dfm"
"fCadMoedas.bFechar";"Fecha a tela de cadastro atual.";"en-US";"";"Hint";"c:\projetos\AtlasWeb\CadMoedas.dfm"
"fCadMoedas.aLista";"Lista";"en-US";"";"Caption";"c:\projetos\AtlasWeb\CadMoedas.dfm"
"fCadMoedas.UniTabSheet1";"Dados Gerais";"en-US";"";"Caption";"c:\projetos\AtlasWeb\CadMoedas.dfm"
"fCadMoedas.pFicha";"DADOS GERAIS";"en-US";"";"Title";"c:\projetos\AtlasWeb\CadMoedas.dfm"
"fCadMoedas.cPais";"País";"en-US";"";"FieldLabel";"c:\projetos\AtlasWeb\CadMoedas.dfm"
"fCadMoedas.cTipo";"Tipo";"en-US";"";"FieldLabel";"c:\projetos\AtlasWeb\CadMoedas.dfm"
"fCadMoedas.cSimbolo";"Simbolo";"en-US";"";"FieldLabel";"c:\projetos\AtlasWeb\CadMoedas.dfm"
"fCadMoedas.cNome";"Nome";"en-US";"";"FieldLabel";"c:\projetos\AtlasWeb\CadMoedas.dfm"
"fCadMoedas.cCodigo";"Código ";"en-US";"";"FieldLabel";"c:\projetos\AtlasWeb\CadMoedas.dfm"
"fCadMoedas.Alerta";"Title";"en-US";"";"Title";"c:\projetos\AtlasWeb\CadMoedas.dfm"
"fCadMunicipios.aLista";"Lista";"en-US";"";"Caption";"c:\projetos\AtlasWeb\CadMunicipios.dfm"
"fCadMunicipios.aFicha2";"Dados Gerais";"en-US";"";"Caption";"c:\projetos\AtlasWeb\CadMunicipios.dfm"
"fCadMunicipios.pFicha";"DADOS GERAIS";"en-US";"";"Title";"c:\projetos\AtlasWeb\CadMunicipios.dfm"
"fCadMunicipios.cCodigo";"Código";"en-US";"";"FieldLabel";"c:\projetos\AtlasWeb\CadMunicipios.dfm"
"fCadMunicipios.cNumero";"Estado";"en-US";"";"FieldLabel";"c:\projetos\AtlasWeb\CadMunicipios.dfm"
"fCadMunicipios.cNome";"Nome";"en-US";"";"FieldLabel";"c:\projetos\AtlasWeb\CadMunicipios.dfm"
"fCadMunicipios.cUF";"UF";"en-US";"";"FieldLabel";"c:\projetos\AtlasWeb\CadMunicipios.dfm"
"fCadMunicipios.cEstado";"Estado";"en-US";"";"FieldLabel";"c:\projetos\AtlasWeb\CadMunicipios.dfm"
"fCadMunicipios.bAdicionar";"Adicionar novo registro.";"en-US";"";"Hint";"c:\projetos\AtlasWeb\CadMunicipios.dfm"
"fCadMunicipios.bEditar";"Editar registro corrente.";"en-US";"";"Hint";"c:\projetos\AtlasWeb\CadMunicipios.dfm"
"fCadMunicipios.bExcluir";"Excluir registro corrente.";"en-US";"";"Hint";"c:\projetos\AtlasWeb\CadMunicipios.dfm"
"fCadMunicipios.bCancelar";"Cancelar modificações feitas no registro corrente.";"en-US";"";"Hint";"c:\projetos\AtlasWeb\CadMunicipios.dfm"
"fCadMunicipios.bSalvar";"Salva o registro corrente.";"en-US";"";"Hint";"c:\projetos\AtlasWeb\CadMunicipios.dfm"
"fCadMunicipios.bFechar";"Fecha a tela de cadastro atual.";"en-US";"";"Hint";"c:\projetos\AtlasWeb\CadMunicipios.dfm"
"fCadNavios.aLista";"Lista";"en-US";"";"Caption";"c:\projetos\AtlasWeb\CadNavios.dfm"
"fCadNavios.UniTabSheet1";"Dados Gerais";"en-US";"";"Caption";"c:\projetos\AtlasWeb\CadNavios.dfm"
"fCadNavios.pFicha1";"DADOS GERAIS";"en-US";"";"Title";"c:\projetos\AtlasWeb\CadNavios.dfm"
"fCadNavios.cCodigo";"Codigo";"en-US";"";"FieldLabel";"c:\projetos\AtlasWeb\CadNavios.dfm"
"fCadNavios.cNome";"Descricao";"en-US";"";"FieldLabel";"c:\projetos\AtlasWeb\CadNavios.dfm"
"fCadNavios.bAdicionar";"Adicionar novo registro.";"en-US";"";"Hint";"c:\projetos\AtlasWeb\CadNavios.dfm"
"fCadNavios.bEditar";"Editar registro corrente.";"en-US";"";"Hint";"c:\projetos\AtlasWeb\CadNavios.dfm"
"fCadNavios.bExcluir";"Excluir registro corrente.";"en-US";"";"Hint";"c:\projetos\AtlasWeb\CadNavios.dfm"
"fCadNavios.bCancelar";"Cancelar modificações feitas no registro corrente.";"en-US";"";"Hint";"c:\projetos\AtlasWeb\CadNavios.dfm"
"fCadNavios.bSalvar";"Salva o registro corrente.";"en-US";"";"Hint";"c:\projetos\AtlasWeb\CadNavios.dfm"
"fCadNavios.bFechar";"Fecha a tela de cadastro atual.";"en-US";"";"Hint";"c:\projetos\AtlasWeb\CadNavios.dfm"
"fCadNCM.bAdicionar";"Adicionar novo registro.";"en-US";"";"Hint";"c:\projetos\AtlasWeb\CadNCM.dfm"
"fCadNCM.bEditar";"Editar registro corrente.";"en-US";"";"Hint";"c:\projetos\AtlasWeb\CadNCM.dfm"
"fCadNCM.bExcluir";"Excluir registro corrente.";"en-US";"";"Hint";"c:\projetos\AtlasWeb\CadNCM.dfm"
"fCadNCM.bCancelar";"Cancelar modificações feitas no registro corrente.";"en-US";"";"Hint";"c:\projetos\AtlasWeb\CadNCM.dfm"
"fCadNCM.bGravar";"Salva o registro corrente.";"en-US";"";"Hint";"c:\projetos\AtlasWeb\CadNCM.dfm"
"fCadNCM.bFechar";"Fecha a tela de cadastro atual.";"en-US";"";"Hint";"c:\projetos\AtlasWeb\CadNCM.dfm"
"fCadNCM.aLista";"Lista";"en-US";"";"Caption";"c:\projetos\AtlasWeb\CadNCM.dfm"
"fCadNCM.TabSheet1";"NCM";"en-US";"";"Caption";"c:\projetos\AtlasWeb\CadNCM.dfm"
"fCadNCM.pFicha";"DADOS GERAIS";"en-US";"";"Title";"c:\projetos\AtlasWeb\CadNCM.dfm"
"fCadNCM.clModalidade_BCICMS";"Modalidade Determ. BC ICMS";"en-US";"";"FieldLabel";"c:\projetos\AtlasWeb\CadNCM.dfm"
"fCadNCM.clCodigo_EXTIPI";"Código EX da TIPI";"en-US";"";"FieldLabel";"c:\projetos\AtlasWeb\CadNCM.dfm"
"fCadNCM.cEnquadramento_IPI";"Classe Enquadramento Legal do IPI";"en-US";"";"FieldLabel";"c:\projetos\AtlasWeb\CadNCM.dfm"
"fCadNCM.cSelo_IPI";"Selo de Controle do IPI";"en-US";"";"FieldLabel";"c:\projetos\AtlasWeb\CadNCM.dfm"
"fCadNCM.cGenero";"Gênero do item";"en-US";"";"FieldLabel";"c:\projetos\AtlasWeb\CadNCM.dfm"
"fCadNCM.clModalidade_BCICMSST";"Modalidade Determ.BC ICMS ST";"en-US";"";"FieldLabel";"c:\projetos\AtlasWeb\CadNCM.dfm"
"fCadNCM.cProduto";"Descrição";"en-US";"";"FieldLabel";"c:\projetos\AtlasWeb\CadNCM.dfm"
"fCadNCM.cNCM";"Código (NCM)";"en-US";"";"FieldLabel";"c:\projetos\AtlasWeb\CadNCM.dfm"
"fCadNCM.cCEST";"Código CEST";"en-US";"";"FieldLabel";"c:\projetos\AtlasWeb\CadNCM.dfm"
"fCadNCM.cNALADI";"NALADI/SH";"en-US";"";"FieldLabel";"c:\projetos\AtlasWeb\CadNCM.dfm"
"fCadNCM.cDestaque";"Destaque";"en-US";"";"FieldLabel";"c:\projetos\AtlasWeb\CadNCM.dfm"
"fCadNCM.GroupBox2";"DNF";"en-US";"";"Caption";"c:\projetos\AtlasWeb\CadNCM.dfm"
"fCadNCM.cCodigo_DNF";"Código do Produto";"en-US";"";"FieldLabel";"c:\projetos\AtlasWeb\CadNCM.dfm"
"fCadNCM.cFatorConv_DNF";"Fator Conversão";"en-US";"";"FieldLabel";"c:\projetos\AtlasWeb\CadNCM.dfm"
"fCadNCM.cCapacidadeVol_DNF";"Capacidade Volum.";"en-US";"";"FieldLabel";"c:\projetos\AtlasWeb\CadNCM.dfm"
"fCadNCM.GroupBox3";"Parâmetros Fiscais / CST IPI";"en-US";"";"Caption";"c:\projetos\AtlasWeb\CadNCM.dfm"
"fCadNCM.cIPI_Isento";"Isenta de IPI";"en-US";"";"Caption";"c:\projetos\AtlasWeb\CadNCM.dfm"
"fCadNCM.cIPI_Suspensao";"Suspensão do IPI";"en-US";"";"Caption";"c:\projetos\AtlasWeb\CadNCM.dfm"
"fCadNCM.cIPI_TribAliquotaZero";"Tributado c/Alíquota Zero";"en-US";"";"Caption";"c:\projetos\AtlasWeb\CadNCM.dfm"
"fCadNCM.GroupBox1";"Parâmetros Fiscais / CST ICMS";"en-US";"";"Caption";"c:\projetos\AtlasWeb\CadNCM.dfm"
"fCadNCM.cICMS_Isento";"Isenta de ICMS";"en-US";"";"Caption";"c:\projetos\AtlasWeb\CadNCM.dfm"
"fCadNCM.cICMS_Suspensao";"Suspensão do ICMS";"en-US";"";"Caption";"c:\projetos\AtlasWeb\CadNCM.dfm"
"fCadNCM.cICMS_Imune";"Imune de ICMS";"en-US";"";"Caption";"c:\projetos\AtlasWeb\CadNCM.dfm"
"fCadNCM.cMVA_NaoReducao";"Não redução de  MVA";"en-US";"";"Caption";"c:\projetos\AtlasWeb\CadNCM.dfm"
"fCadNCM.UniDBLookupComboBox1";"CST ICMS Tab.A -  Importado";"en-US";"";"FieldLabel";"c:\projetos\AtlasWeb\CadNCM.dfm"
"fCadNCM.UniDBLookupComboBox2";"CST ICMS Tab.A - Mercado Interno";"en-US";"";"FieldLabel";"c:\projetos\AtlasWeb\CadNCM.dfm"
"fCadNCM.UniDBLookupComboBox3";"CST ICMS Tab.A - Nacional";"en-US";"";"FieldLabel";"c:\projetos\AtlasWeb\CadNCM.dfm"
"fCadNCM.UniGroupBox1";"Parâmetros Fiscais Diversos";"en-US";"";"Caption";"c:\projetos\AtlasWeb\CadNCM.dfm"
"fCadNCM.cFCP";"Incidencia de FCP";"en-US";"";"Caption";"c:\projetos\AtlasWeb\CadNCM.dfm"
"fCadNCM.cCusto_Seletivo";"Custo Seletivo";"en-US";"";"Caption";"c:\projetos\AtlasWeb\CadNCM.dfm"
"fCadNCM.UniTabSheet1";"Tabela de ICMS";"en-US";"";"Caption";"c:\projetos\AtlasWeb\CadNCM.dfm"
"fCadNCM.pPanel2";"DADOS GERAIS";"en-US";"";"Title";"c:\projetos\AtlasWeb\CadNCM.dfm"
"fCadNCM.bAddICMS";"Adicionar novo registro.";"en-US";"";"Hint";"c:\projetos\AtlasWeb\CadNCM.dfm"
"fCadNCM.bEditICMS";"Editar registro corrente.";"en-US";"";"Hint";"c:\projetos\AtlasWeb\CadNCM.dfm"
"fCadNCM.bDelICMS";"Excluir registro corrente.";"en-US";"";"Hint";"c:\projetos\AtlasWeb\CadNCM.dfm"
"fCadNCM.bCancICMS";"Cancelar modificações feitas no registro corrente.";"en-US";"";"Hint";"c:\projetos\AtlasWeb\CadNCM.dfm"
"fCadNCM.bSalvaICMS";"Salva o registro corrente.";"en-US";"";"Hint";"c:\projetos\AtlasWeb\CadNCM.dfm"
"fCadNCM.cEstado";"Estado";"en-US";"";"FieldLabel";"c:\projetos\AtlasWeb\CadNCM.dfm"
"fCadNCM.UniDBFormattedNumberEdit1";"ICMS ST";"en-US";"";"FieldLabel";"c:\projetos\AtlasWeb\CadNCM.dfm"
"fCadNCM.UniDBFormattedNumberEdit2";"MVA Importação";"en-US";"";"FieldLabel";"c:\projetos\AtlasWeb\CadNCM.dfm"
"fCadNCM.UniDBFormattedNumberEdit3";"Redução BC ICMS Oper.";"en-US";"";"FieldLabel";"c:\projetos\AtlasWeb\CadNCM.dfm"
"fCadNCM.UniDBFormattedNumberEdit4";"Redução BC ICMS ST";"en-US";"";"FieldLabel";"c:\projetos\AtlasWeb\CadNCM.dfm"
"fCadNCM.UniDBFormattedNumberEdit5";"MVA Nacional";"en-US";"";"FieldLabel";"c:\projetos\AtlasWeb\CadNCM.dfm"
"fCadNCM.UniDBFormattedNumberEdit6";"Redução BC ICMS Oper.2";"en-US";"";"FieldLabel";"c:\projetos\AtlasWeb\CadNCM.dfm"
"fCadNivelClassificacao.aLista";"Lista";"en-US";"";"Caption";"c:\projetos\AtlasWeb\CadNivelPlanoFinanceiro.dfm"
"fCadNivelClassificacao.UniTabSheet1";"Dados Gerais";"en-US";"";"Caption";"c:\projetos\AtlasWeb\CadNivelPlanoFinanceiro.dfm"
"fCadNivelClassificacao.pFicha1";"DADOS GERAIS";"en-US";"";"Title";"c:\projetos\AtlasWeb\CadNivelPlanoFinanceiro.dfm"
"fCadNivelClassificacao.cCodigo";"CÓdigo";"en-US";"";"FieldLabel";"c:\projetos\AtlasWeb\CadNivelPlanoFinanceiro.dfm"
"fCadNivelClassificacao.cNivel";"Nível";"en-US";"";"FieldLabel";"c:\projetos\AtlasWeb\CadNivelPlanoFinanceiro.dfm"
"fCadNivelClassificacao.cDescricao";"Descrição";"en-US";"";"FieldLabel";"c:\projetos\AtlasWeb\CadNivelPlanoFinanceiro.dfm"
"fCadNivelClassificacao.bAdicionar";"Adicionar novo registro.";"en-US";"";"Hint";"c:\projetos\AtlasWeb\CadNivelPlanoFinanceiro.dfm"
"fCadNivelClassificacao.bEditar";"Editar registro corrente.";"en-US";"";"Hint";"c:\projetos\AtlasWeb\CadNivelPlanoFinanceiro.dfm"
"fCadNivelClassificacao.bExcluir";"Excluir registro corrente.";"en-US";"";"Hint";"c:\projetos\AtlasWeb\CadNivelPlanoFinanceiro.dfm"
"fCadNivelClassificacao.bCancelar";"Cancelar modificações feitas no registro corrente.";"en-US";"";"Hint";"c:\projetos\AtlasWeb\CadNivelPlanoFinanceiro.dfm"
"fCadNivelClassificacao.bSalvar";"Salva o registro corrente.";"en-US";"";"Hint";"c:\projetos\AtlasWeb\CadNivelPlanoFinanceiro.dfm"
"fCadNivelClassificacao.bFechar";"Fecha a tela de cadastro atual.";"en-US";"";"Hint";"c:\projetos\AtlasWeb\CadNivelPlanoFinanceiro.dfm"
"fCadOperacaoFiscal.bEditar";"Editar registro corrente.";"en-US";"";"Hint";"c:\projetos\AtlasWeb\CadOperacaoFiscal.dfm"
"fCadOperacaoFiscal.bExcluir";"Excluir registro corrente.";"en-US";"";"Hint";"c:\projetos\AtlasWeb\CadOperacaoFiscal.dfm"
"fCadOperacaoFiscal.bCancelar";"Cancelar modificações feitas no registro corrente.";"en-US";"";"Hint";"c:\projetos\AtlasWeb\CadOperacaoFiscal.dfm"
"fCadOperacaoFiscal.bGravar";"Salva o registro corrente.";"en-US";"";"Hint";"c:\projetos\AtlasWeb\CadOperacaoFiscal.dfm"
"fCadOperacaoFiscal.bFechar";"Fecha a tela de cadastro atual.";"en-US";"";"Hint";"c:\projetos\AtlasWeb\CadOperacaoFiscal.dfm"
"fCadOperacaoFiscal.bDuplicar";"  Copiar a parametrização de contas de outro tipo de nota  ";"en-US";"";"Hint";"c:\projetos\AtlasWeb\CadOperacaoFiscal.dfm"
"fCadOperacaoFiscal.bDuplicar";"Duplicar";"en-US";"";"Caption";"c:\projetos\AtlasWeb\CadOperacaoFiscal.dfm"
"fCadOperacaoFiscal.bAdicionar";"Adicionar novo registro.";"en-US";"";"Hint";"c:\projetos\AtlasWeb\CadOperacaoFiscal.dfm"
"fCadOperacaoFiscal.UniSpeedButton1";"Salva o registro corrente.";"en-US";"";"Hint";"c:\projetos\AtlasWeb\CadOperacaoFiscal.dfm"
"fCadOperacaoFiscal.UniSpeedButton1";"Copiar formulas";"en-US";"";"Caption";"c:\projetos\AtlasWeb\CadOperacaoFiscal.dfm"
"fCadOperacaoFiscal.cCodOper";"Código Operação Fiscal";"en-US";"";"FieldLabel";"c:\projetos\AtlasWeb\CadOperacaoFiscal.dfm"
"fCadOperacaoFiscal.bCancelFor";"Salva o registro corrente.";"en-US";"";"Hint";"c:\projetos\AtlasWeb\CadOperacaoFiscal.dfm"
"fCadOperacaoFiscal.bCopiaFor";"Salva o registro corrente.";"en-US";"";"Hint";"c:\projetos\AtlasWeb\CadOperacaoFiscal.dfm"
"fCadOperacaoFiscal.aLista";"Lista";"en-US";"";"Caption";"c:\projetos\AtlasWeb\CadOperacaoFiscal.dfm"
"fCadOperacaoFiscal.TabSheet1";"Parâmetros Diversos";"en-US";"";"Caption";"c:\projetos\AtlasWeb\CadOperacaoFiscal.dfm"
"fCadOperacaoFiscal.pFicha1";"DADOS GERAIS";"en-US";"";"Title";"c:\projetos\AtlasWeb\CadOperacaoFiscal.dfm"
"fCadOperacaoFiscal.cCodigo";"Código";"en-US";"";"FieldLabel";"c:\projetos\AtlasWeb\CadOperacaoFiscal.dfm"
"fCadOperacaoFiscal.cDescricao";"Descrição";"en-US";"";"FieldLabel";"c:\projetos\AtlasWeb\CadOperacaoFiscal.dfm"
"fCadOperacaoFiscal.cRateio_PISCOFINSEntrada";" PIS/COFINS Entrada";"en-US";"";"Caption";"c:\projetos\AtlasWeb\CadOperacaoFiscal.dfm"
"fCadOperacaoFiscal.cSaida_Entrada";" Tipo de Nota Fiscal ";"en-US";"";"Caption";"c:\projetos\AtlasWeb\CadOperacaoFiscal.dfm"
"fCadOperacaoFiscal.cOrigem_ValorUnitario";"Valor Unitário do Produto";"en-US";"";"Caption";"c:\projetos\AtlasWeb\CadOperacaoFiscal.dfm"
"fCadOperacaoFiscal.cOrigem_AliquotaICMS";"Alíquota ICMS Operacional";"en-US";"";"Caption";"c:\projetos\AtlasWeb\CadOperacaoFiscal.dfm"
"fCadOperacaoFiscal.GroupBox3";"Campos Destacados no DANFE ";"en-US";"";"Caption";"c:\projetos\AtlasWeb\CadOperacaoFiscal.dfm"
"fCadOperacaoFiscal.cVisiveis_ICMSOper";"ICMS Operacional";"en-US";"";"Caption";"c:\projetos\AtlasWeb\CadOperacaoFiscal.dfm"
"fCadOperacaoFiscal.cVisiveis_ICMSSub";"ICMS Substitutivo";"en-US";"";"Caption";"c:\projetos\AtlasWeb\CadOperacaoFiscal.dfm"
"fCadOperacaoFiscal.cVisiveis_Frete";"Frete";"en-US";"";"Caption";"c:\projetos\AtlasWeb\CadOperacaoFiscal.dfm"
"fCadOperacaoFiscal.cVisiveis_Seguro";"Seguro";"en-US";"";"Caption";"c:\projetos\AtlasWeb\CadOperacaoFiscal.dfm"
"fCadOperacaoFiscal.cVisiveis_Desconto";"Desconto";"en-US";"";"Caption";"c:\projetos\AtlasWeb\CadOperacaoFiscal.dfm"
"fCadOperacaoFiscal.cVisiveis_Despesas";"Despesas";"en-US";"";"Caption";"c:\projetos\AtlasWeb\CadOperacaoFiscal.dfm"
"fCadOperacaoFiscal.cVisiveis_IPI";"IPI";"en-US";"";"Caption";"c:\projetos\AtlasWeb\CadOperacaoFiscal.dfm"
"fCadOperacaoFiscal.cVisiveis_QuantidadeItem";"Quantidade do Item";"en-US";"";"Caption";"c:\projetos\AtlasWeb\CadOperacaoFiscal.dfm"
"fCadOperacaoFiscal.cVisiveis_DIFAL";"DIFAL";"en-US";"";"Caption";"c:\projetos\AtlasWeb\CadOperacaoFiscal.dfm"
"fCadOperacaoFiscal.cVisiveis_AFRMM";"AFRMM";"en-US";"";"Caption";"c:\projetos\AtlasWeb\CadOperacaoFiscal.dfm"
"fCadOperacaoFiscal.UniDBCheckBox21";"IPI Devolução";"en-US";"";"Caption";"c:\projetos\AtlasWeb\CadOperacaoFiscal.dfm"
"fCadOperacaoFiscal.GroupBox2";" Parâmetros Diversos ";"en-US";"";"Caption";"c:\projetos\AtlasWeb\CadOperacaoFiscal.dfm"
"fCadOperacaoFiscal.cNota_Referencia";"Pedir NF de Referência no Pedido";"en-US";"";"Caption";"c:\projetos\AtlasWeb\CadOperacaoFiscal.dfm"
"fCadOperacaoFiscal.cApuracao_PISCOFINS";"Gerar apuração de  PIS / COFINS";"en-US";"";"Caption";"c:\projetos\AtlasWeb\CadOperacaoFiscal.dfm"
"fCadOperacaoFiscal.cGerar_Financeiro";"Gerar contas  Pagar/Receber";"en-US";"";"Caption";"c:\projetos\AtlasWeb\CadOperacaoFiscal.dfm"
"fCadOperacaoFiscal.cComplementar";"Complementar";"en-US";"";"Caption";"c:\projetos\AtlasWeb\CadOperacaoFiscal.dfm"
"fCadOperacaoFiscal.cReceita";"Gera Receita";"en-US";"";"Caption";"c:\projetos\AtlasWeb\CadOperacaoFiscal.dfm"
"fCadOperacaoFiscal.cRelatorio_Vendas";"Relatório (Faturamento)";"en-US";"";"Caption";"c:\projetos\AtlasWeb\CadOperacaoFiscal.dfm"
"fCadOperacaoFiscal.cRelatorio_DestaqueICMS";"Relatório (Rel.NF S/destaque de ICMS origem)";"en-US";"";"Caption";"c:\projetos\AtlasWeb\CadOperacaoFiscal.dfm"
"fCadOperacaoFiscal.cBaixa_Estoque";"Baixa de Estoque";"en-US";"";"Caption";"c:\projetos\AtlasWeb\CadOperacaoFiscal.dfm"
"fCadOperacaoFiscal.cICMS_Destacar";"Não destacar ICMS nas obrigações fiscais";"en-US";"";"Caption";"c:\projetos\AtlasWeb\CadOperacaoFiscal.dfm"
"fCadOperacaoFiscal.cEmail_NFE";"Não enviar E-Mail na emissão da NF-e";"en-US";"";"Caption";"c:\projetos\AtlasWeb\CadOperacaoFiscal.dfm"
"fCadOperacaoFiscal.cNFE_Estorno";"Nota Fiscal de Estorno/Ajuste";"en-US";"";"Caption";"c:\projetos\AtlasWeb\CadOperacaoFiscal.dfm"
"fCadOperacaoFiscal.cTransferencia";"Nota Fiscal de Transferência";"en-US";"";"Caption";"c:\projetos\AtlasWeb\CadOperacaoFiscal.dfm"
"fCadOperacaoFiscal.cDados_Veiculo";"Obrigar dados do veículo nos pedidos";"en-US";"";"Caption";"c:\projetos\AtlasWeb\CadOperacaoFiscal.dfm"
"fCadOperacaoFiscal.cBloqueio_Lucro";"Bloqueio de lucro Mínimo/Máximo";"en-US";"";"Caption";"c:\projetos\AtlasWeb\CadOperacaoFiscal.dfm"
"fCadOperacaoFiscal.cCalculo_CST";"Não calcular CST's Automaticamente";"en-US";"";"Caption";"c:\projetos\AtlasWeb\CadOperacaoFiscal.dfm"
"fCadOperacaoFiscal.cFormula_Produto";"Utilizar fórmula para o valor do produrto";"en-US";"";"Caption";"c:\projetos\AtlasWeb\CadOperacaoFiscal.dfm"
"fCadOperacaoFiscal.cMostrar_Despesas";"Mostrar Despesas nas Informações Complem.";"en-US";"";"Caption";"c:\projetos\AtlasWeb\CadOperacaoFiscal.dfm"
"fCadOperacaoFiscal.cAtivo";"Desativado";"en-US";"";"Caption";"c:\projetos\AtlasWeb\CadOperacaoFiscal.dfm"
"fCadOperacaoFiscal.UniDBCheckBox9";"Movimenta Estoque";"en-US";"";"Caption";"c:\projetos\AtlasWeb\CadOperacaoFiscal.dfm"
"fCadOperacaoFiscal.UniDBCheckBox10";"Movimenta Inventário";"en-US";"";"Caption";"c:\projetos\AtlasWeb\CadOperacaoFiscal.dfm"
"fCadOperacaoFiscal.UniDBCheckBox19";"Movimenta Estoque Representante";"en-US";"";"Caption";"c:\projetos\AtlasWeb\CadOperacaoFiscal.dfm"
"fCadOperacaoFiscal.UniDBCheckBox17";"Calcular Média BCR";"en-US";"";"Caption";"c:\projetos\AtlasWeb\CadOperacaoFiscal.dfm"
"fCadOperacaoFiscal.UniDBCheckBox11";"Transportador obrigatório";"en-US";"";"Caption";"c:\projetos\AtlasWeb\CadOperacaoFiscal.dfm"
"fCadOperacaoFiscal.UniDBCheckBox14";"Nota Fiscal de Remessa";"en-US";"";"Caption";"c:\projetos\AtlasWeb\CadOperacaoFiscal.dfm"
"fCadOperacaoFiscal.UniDBCheckBox15";"Tratamento Tributário Diferenciado (TTD)";"en-US";"";"Caption";"c:\projetos\AtlasWeb\CadOperacaoFiscal.dfm"
"fCadOperacaoFiscal.UniDBCheckBox16";"Visível no Televendas";"en-US";"";"Caption";"c:\projetos\AtlasWeb\CadOperacaoFiscal.dfm"
"fCadOperacaoFiscal.UniDBCheckBox18";"Incluir no Fechamento do Processo";"en-US";"";"Caption";"c:\projetos\AtlasWeb\CadOperacaoFiscal.dfm"
"fCadOperacaoFiscal.UniDBCheckBox20";"Estornar título financeiro para devolução integral";"en-US";"";"Caption";"c:\projetos\AtlasWeb\CadOperacaoFiscal.dfm"
"fCadOperacaoFiscal.UniDBRadioGroup1";"Emissão";"en-US";"";"Caption";"c:\projetos\AtlasWeb\CadOperacaoFiscal.dfm"
"fCadOperacaoFiscal.cBeneficio_Fiscal";"Beneficio Fiscal";"en-US";"";"FieldLabel";"c:\projetos\AtlasWeb\CadOperacaoFiscal.dfm"
"fCadOperacaoFiscal.UniDBRadioGroup2";"Destino/Origem";"en-US";"";"Caption";"c:\projetos\AtlasWeb\CadOperacaoFiscal.dfm"
"fCadOperacaoFiscal.cFinalidade";"Finalidade Mercadoria";"en-US";"";"FieldLabel";"c:\projetos\AtlasWeb\CadOperacaoFiscal.dfm"
"fCadOperacaoFiscal.UniTabSheet3";"Parâmetros NF Terceiros";"en-US";"";"Caption";"c:\projetos\AtlasWeb\CadOperacaoFiscal.dfm"
"fCadOperacaoFiscal.pFicha7";"DADOS GERAIS";"en-US";"";"Title";"c:\projetos\AtlasWeb\CadOperacaoFiscal.dfm"
"fCadOperacaoFiscal.cConta";"Serviço";"en-US";"";"FieldLabel";"c:\projetos\AtlasWeb\CadOperacaoFiscal.dfm"
"fCadOperacaoFiscal.cCFOPDentro";"CFOP Dentro do Estado";"en-US";"";"FieldLabel";"c:\projetos\AtlasWeb\CadOperacaoFiscal.dfm"
"fCadOperacaoFiscal.UniDBEdit1";"Alíquota ISS";"en-US";"";"FieldLabel";"c:\projetos\AtlasWeb\CadOperacaoFiscal.dfm"
"fCadOperacaoFiscal.UniDBLookupComboBox5";"Espécie de Documento";"en-US";"";"FieldLabel";"c:\projetos\AtlasWeb\CadOperacaoFiscal.dfm"
"fCadOperacaoFiscal.UniDBLookupComboBox6";"CST ICMS";"en-US";"";"FieldLabel";"c:\projetos\AtlasWeb\CadOperacaoFiscal.dfm"
"fCadOperacaoFiscal.UniDBLookupComboBox2";"CFOP Dentro do Estado";"en-US";"";"FieldLabel";"c:\projetos\AtlasWeb\CadOperacaoFiscal.dfm"
"fCadOperacaoFiscal.UniDBLookupComboBox3";"CFOP Dentro do Estado";"en-US";"";"FieldLabel";"c:\projetos\AtlasWeb\CadOperacaoFiscal.dfm"
"fCadOperacaoFiscal.UniDBLookupComboBox4";"CFOP Dentro do Estado";"en-US";"";"FieldLabel";"c:\projetos\AtlasWeb\CadOperacaoFiscal.dfm"
"fCadOperacaoFiscal.TabSheet5";"Parâmetros Fiscais";"en-US";"";"Caption";"c:\projetos\AtlasWeb\CadOperacaoFiscal.dfm"
"fCadOperacaoFiscal.pFicha2";"DADOS GERAIS";"en-US";"";"Title";"c:\projetos\AtlasWeb\CadOperacaoFiscal.dfm"
"fCadOperacaoFiscal.cCST";" Códigos de Situações Tributárias (NF Entrada) ";"en-US";"";"Caption";"c:\projetos\AtlasWeb\CadOperacaoFiscal.dfm"
"fCadOperacaoFiscal.clCST_PIS";"PIS";"en-US";"";"FieldLabel";"c:\projetos\AtlasWeb\CadOperacaoFiscal.dfm"
"fCadOperacaoFiscal.clCST_COFINS";"COFINS";"en-US";"";"FieldLabel";"c:\projetos\AtlasWeb\CadOperacaoFiscal.dfm"
"fCadOperacaoFiscal.cTipoCredito";"Tipo de B.C.Crédito";"en-US";"";"FieldLabel";"c:\projetos\AtlasWeb\CadOperacaoFiscal.dfm"
"fCadOperacaoFiscal.GrupoPIS";" Situação Tributária (PIS) ";"en-US";"";"Caption";"c:\projetos\AtlasWeb\CadOperacaoFiscal.dfm"
"fCadOperacaoFiscal.cCSTPIS_AliquotaUM";"Tributável c/Alíquota por Unidade de Medida";"en-US";"";"Caption";"c:\projetos\AtlasWeb\CadOperacaoFiscal.dfm"
"fCadOperacaoFiscal.cCSTPIS_Monofasica";"Tributável Monofásica (Revenda a Alíq.Zero)";"en-US";"";"Caption";"c:\projetos\AtlasWeb\CadOperacaoFiscal.dfm"
"fCadOperacaoFiscal.cCSTPIS_AliquotaZero";"Tributável a Alíquota Zero";"en-US";"";"Caption";"c:\projetos\AtlasWeb\CadOperacaoFiscal.dfm"
"fCadOperacaoFiscal.cCSTPIS_Isenta";"Isenta da Contribuição";"en-US";"";"Caption";"c:\projetos\AtlasWeb\CadOperacaoFiscal.dfm"
"fCadOperacaoFiscal.cCSTPIS_Suspensao";"Suspensão da Contribuição";"en-US";"";"Caption";"c:\projetos\AtlasWeb\CadOperacaoFiscal.dfm"
"fCadOperacaoFiscal.cCSTPIS_SemIncidencia";"Sem Incidência da Contribuição";"en-US";"";"Caption";"c:\projetos\AtlasWeb\CadOperacaoFiscal.dfm"
"fCadOperacaoFiscal.cCSTPIS_Outras";"Outras Operações";"en-US";"";"Caption";"c:\projetos\AtlasWeb\CadOperacaoFiscal.dfm"
"fCadOperacaoFiscal.GrupoCOFINS";" Situação Tributária (COFINS) ";"en-US";"";"Caption";"c:\projetos\AtlasWeb\CadOperacaoFiscal.dfm"
"fCadOperacaoFiscal.cCSTCOFINS_AliquotaUM";"Tributável c/Alíquota por Unidade de Medida";"en-US";"";"Caption";"c:\projetos\AtlasWeb\CadOperacaoFiscal.dfm"
"fCadOperacaoFiscal.cCSTCOFINS_Monofasica";"Tributável Monofásica (Revenda a Alíq Zero)";"en-US";"";"Caption";"c:\projetos\AtlasWeb\CadOperacaoFiscal.dfm"
"fCadOperacaoFiscal.cCSTCOFINS_AliquotaZero";"Tributável a Alíquota Zero";"en-US";"";"Caption";"c:\projetos\AtlasWeb\CadOperacaoFiscal.dfm"
"fCadOperacaoFiscal.cCSTCOFINS_Isenta";"Isenta da Contribuição";"en-US";"";"Caption";"c:\projetos\AtlasWeb\CadOperacaoFiscal.dfm"
"fCadOperacaoFiscal.cCSTCOFINS_Suspensao";"Suspensão da Contribuição";"en-US";"";"Caption";"c:\projetos\AtlasWeb\CadOperacaoFiscal.dfm"
"fCadOperacaoFiscal.cCSTCOFINS_SemIncidencia";"Sem Incidência da Contribuição";"en-US";"";"Caption";"c:\projetos\AtlasWeb\CadOperacaoFiscal.dfm"
"fCadOperacaoFiscal.cCSTCOFINS_Outras";"Outras Operações";"en-US";"";"Caption";"c:\projetos\AtlasWeb\CadOperacaoFiscal.dfm"
"fCadOperacaoFiscal.GroupBox4";"Situação Tributária (IPI)";"en-US";"";"Caption";"c:\projetos\AtlasWeb\CadOperacaoFiscal.dfm"
"fCadOperacaoFiscal.cImune_IPI";"Imune de IPI";"en-US";"";"Caption";"c:\projetos\AtlasWeb\CadOperacaoFiscal.dfm"
"fCadOperacaoFiscal.cNao_Tributada_IPI";"Não tributada para IPI";"en-US";"";"Caption";"c:\projetos\AtlasWeb\CadOperacaoFiscal.dfm"
"fCadOperacaoFiscal.cSuspensao_IPI";"Suspensão de IPI";"en-US";"";"Caption";"c:\projetos\AtlasWeb\CadOperacaoFiscal.dfm"
"fCadOperacaoFiscal.cIsencao_IPI";"Isenção de IPI";"en-US";"";"Caption";"c:\projetos\AtlasWeb\CadOperacaoFiscal.dfm"
"fCadOperacaoFiscal.RxDBLookupCombo1";"Entrada";"en-US";"";"FieldLabel";"c:\projetos\AtlasWeb\CadOperacaoFiscal.dfm"
"fCadOperacaoFiscal.RxDBLookupCombo2";"Saída";"en-US";"";"FieldLabel";"c:\projetos\AtlasWeb\CadOperacaoFiscal.dfm"
"fCadOperacaoFiscal.cEnquadra";"Cód.Enquadramento IPI";"en-US";"";"FieldLabel";"c:\projetos\AtlasWeb\CadOperacaoFiscal.dfm"
"fCadOperacaoFiscal.UniGroupBox1";"Situação Tributária (ICMS)";"en-US";"";"Caption";"c:\projetos\AtlasWeb\CadOperacaoFiscal.dfm"
"fCadOperacaoFiscal.UniDBCheckBox1";"Não tributada para ICMS";"en-US";"";"Caption";"c:\projetos\AtlasWeb\CadOperacaoFiscal.dfm"
"fCadOperacaoFiscal.UniDBCheckBox2";"Trib.mono.própria (Combustiveis)";"en-US";"";"Caption";"c:\projetos\AtlasWeb\CadOperacaoFiscal.dfm"
"fCadOperacaoFiscal.UniDBCheckBox3";"Calcular Média BCR";"en-US";"";"Caption";"c:\projetos\AtlasWeb\CadOperacaoFiscal.dfm"
"fCadOperacaoFiscal.UniDBCheckBox4";"Suspensão de ICMS";"en-US";"";"Caption";"c:\projetos\AtlasWeb\CadOperacaoFiscal.dfm"
"fCadOperacaoFiscal.UniDBCheckBox5";"Trib.mono.própria c/resp retenção (Combustíveis)";"en-US";"";"Caption";"c:\projetos\AtlasWeb\CadOperacaoFiscal.dfm"
"fCadOperacaoFiscal.UniDBCheckBox6";"Isenção de ICMS";"en-US";"";"Caption";"c:\projetos\AtlasWeb\CadOperacaoFiscal.dfm"
"fCadOperacaoFiscal.UniDBCheckBox7";"Imune de ICMS";"en-US";"";"Caption";"c:\projetos\AtlasWeb\CadOperacaoFiscal.dfm"
"fCadOperacaoFiscal.UniDBCheckBox8";"Trib.mono.Rec.Difer (combustíveis)";"en-US";"";"Caption";"c:\projetos\AtlasWeb\CadOperacaoFiscal.dfm"
"fCadOperacaoFiscal.UniDBCheckBox12";"Trib.mono.cobrada anteriormente((Combustíveis)";"en-US";"";"Caption";"c:\projetos\AtlasWeb\CadOperacaoFiscal.dfm"
"fCadOperacaoFiscal.UniDBCheckBox13";"Imune de ICMS";"en-US";"";"Caption";"c:\projetos\AtlasWeb\CadOperacaoFiscal.dfm"
"fCadOperacaoFiscal.UniDBLookupComboBox7";"Classificação Tributária";"en-US";"";"FieldLabel";"c:\projetos\AtlasWeb\CadOperacaoFiscal.dfm"
"fCadOperacaoFiscal.UniTabSheet4";"Formulas";"en-US";"";"Caption";"c:\projetos\AtlasWeb\CadOperacaoFiscal.dfm"
"fCadOperacaoFiscal.UniPanel4";"DADOS GERAIS";"en-US";"";"Title";"c:\projetos\AtlasWeb\CadOperacaoFiscal.dfm"
"fCadOperacaoFiscal.bEditFormula";"Editar formula";"en-US";"";"Hint";"c:\projetos\AtlasWeb\CadOperacaoFiscal.dfm"
"fCadOperacaoFiscal.bExcluirFormula";"Excluir Formula";"en-US";"";"Hint";"c:\projetos\AtlasWeb\CadOperacaoFiscal.dfm"
"fCadOperacaoFiscal.cFormula";"FÓRMULA";"en-US";"";"FieldLabel";"c:\projetos\AtlasWeb\CadOperacaoFiscal.dfm"
"fCadOperacaoFiscal.TabSheet2";"Informações Complementares";"en-US";"";"Caption";"c:\projetos\AtlasWeb\CadOperacaoFiscal.dfm"
"fCadOperacaoFiscal.pFicha3";"DADOS GERAIS";"en-US";"";"Title";"c:\projetos\AtlasWeb\CadOperacaoFiscal.dfm"
"fCadOperacaoFiscal.cInf_Complementares";"Informações Complementares:";"en-US";"";"FieldLabel";"c:\projetos\AtlasWeb\CadOperacaoFiscal.dfm"
"fCadOperacaoFiscal.UniDBMemo1";"Informações Complementares: (FISCO)";"en-US";"";"FieldLabel";"c:\projetos\AtlasWeb\CadOperacaoFiscal.dfm"
"fCadOperacaoFiscal.UniTabSheet1";"Parametrização Financeira";"en-US";"";"Caption";"c:\projetos\AtlasWeb\CadOperacaoFiscal.dfm"
"fCadOperacaoFiscal.pFicha5";"DADOS GERAIS";"en-US";"";"Title";"c:\projetos\AtlasWeb\CadOperacaoFiscal.dfm"
"fCadOperacaoFiscal.GroupBox5";" Lançamento Financeiro (Recebimento) ";"en-US";"";"Caption";"c:\projetos\AtlasWeb\CadOperacaoFiscal.dfm"
"fCadOperacaoFiscal.cClassificacao_Saida";"Classificação Financeira";"en-US";"";"FieldLabel";"c:\projetos\AtlasWeb\CadOperacaoFiscal.dfm"
"fCadOperacaoFiscal.clTipo_Documento";"Tipo de Documento";"en-US";"";"FieldLabel";"c:\projetos\AtlasWeb\CadOperacaoFiscal.dfm"
"fCadOperacaoFiscal.clCentro_Custo";"Centro de Custo";"en-US";"";"FieldLabel";"c:\projetos\AtlasWeb\CadOperacaoFiscal.dfm"
"fCadOperacaoFiscal.clModalidade_Pagamento";"Modalidade de Pagamento";"en-US";"";"FieldLabel";"c:\projetos\AtlasWeb\CadOperacaoFiscal.dfm"
"fCadOperacaoFiscal.TabSheet4";"Parametrização Contábil";"en-US";"";"Caption";"c:\projetos\AtlasWeb\CadOperacaoFiscal.dfm"
"fCadOperacaoFiscal.pFicha4";"DADOS GERAIS";"en-US";"";"Title";"c:\projetos\AtlasWeb\CadOperacaoFiscal.dfm"
"fCadOperacaoFiscal.GrupoCtb";"Lançamentos Contabeis";"en-US";"";"Caption";"c:\projetos\AtlasWeb\CadOperacaoFiscal.dfm"
"fCadOperacaoFiscal.cContaD_Ctb";"Conta Débito";"en-US";"";"FieldLabel";"c:\projetos\AtlasWeb\CadOperacaoFiscal.dfm"
"fCadOperacaoFiscal.cContaC_Ctb";"Plano de Contas";"en-US";"";"FieldLabel";"c:\projetos\AtlasWeb\CadOperacaoFiscal.dfm"
"fCadOperacaoFiscal.cHistCtb";"Histórico Padrão";"en-US";"";"FieldLabel";"c:\projetos\AtlasWeb\CadOperacaoFiscal.dfm"
"fCadOperacaoFiscal.cCampoCtb";"Lançamento";"en-US";"";"FieldLabel";"c:\projetos\AtlasWeb\CadOperacaoFiscal.dfm"
"fCadOperacaoFiscal.bEdCtb";"Editar registro corrente.";"en-US";"";"Hint";"c:\projetos\AtlasWeb\CadOperacaoFiscal.dfm"
"fCadOperacaoFiscal.bDelCtb";"Excluir registro corrente.";"en-US";"";"Hint";"c:\projetos\AtlasWeb\CadOperacaoFiscal.dfm"
"fCadOperacaoFiscal.bCanCtb";"Cancelar modificações feitas no registro corrente.";"en-US";"";"Hint";"c:\projetos\AtlasWeb\CadOperacaoFiscal.dfm"
"fCadOperacaoFiscal.bSavCtb";"Salva o registro corrente.";"en-US";"";"Hint";"c:\projetos\AtlasWeb\CadOperacaoFiscal.dfm"
"fCadOperacaoFiscal.bAddCtb";"Adicionar novo registro.";"en-US";"";"Hint";"c:\projetos\AtlasWeb\CadOperacaoFiscal.dfm"
"fCadOperacaoFiscal.FORNECEDORES1";"FORNECEDOR (Conta do cadastro do fornecedor)";"en-US";"";"Caption";"c:\projetos\AtlasWeb\CadOperacaoFiscal.dfm"
"fCadOperacaoFiscal.Clientes1";"CLIENTE (Conta do cadastro do cliente)";"en-US";"";"Caption";"c:\projetos\AtlasWeb\CadOperacaoFiscal.dfm"
"fCadOperacaoFiscal.PROCESSO1";"PROCESSO (Despesas)";"en-US";"";"Caption";"c:\projetos\AtlasWeb\CadOperacaoFiscal.dfm"
"fCadOperacaoFiscal.PROCESSOImpostos1";"PROCESSO (Impostos)";"en-US";"";"Caption";"c:\projetos\AtlasWeb\CadOperacaoFiscal.dfm"
"fCadOperacaoFiscal.PROCESSOAdiantamento1";"PROCESSO (Adiantamento)";"en-US";"";"Caption";"c:\projetos\AtlasWeb\CadOperacaoFiscal.dfm"
"fCadOperacaoFiscal.DEVOLUO1";"DEVOLUÇÃO (Saida/Entrada)";"en-US";"";"Caption";"c:\projetos\AtlasWeb\CadOperacaoFiscal.dfm"
"fCadOperacaoFiscalFormula.bSair";"Fecha a tela de cadastro atual.";"en-US";"";"Hint";"c:\projetos\AtlasWeb\CadOperacaoFiscalFormula.dfm"
"fCadOperacaoFiscalFormula.bGravar";"Salva o registro corrente.";"en-US";"";"Hint";"c:\projetos\AtlasWeb\CadOperacaoFiscalFormula.dfm"
"fCadOperacaoFiscalFormula.bAddCampo";"Adicionar novo registro.";"en-US";"";"Hint";"c:\projetos\AtlasWeb\CadOperacaoFiscalFormula.dfm"
"fCadOperacaoFiscalFormula.bFiltraCalc";"Salva o registro corrente.";"en-US";"";"Hint";"c:\projetos\AtlasWeb\CadOperacaoFiscalFormula.dfm"
"fCadOperacaoFiscalFormula.bFiltraCampos";"Salva o registro corrente.";"en-US";"";"Hint";"c:\projetos\AtlasWeb\CadOperacaoFiscalFormula.dfm"
"fCadOperacaoFiscalFormula.bAdicionarCalc";"Adicionar novo registro.";"en-US";"";"Hint";"c:\projetos\AtlasWeb\CadOperacaoFiscalFormula.dfm"
"fCadOperacaoFiscalFormula.cFormula";"FORMULA DO CAMPO";"en-US";"";"FieldLabel";"c:\projetos\AtlasWeb\CadOperacaoFiscalFormula.dfm"
"fCadOperacaoFiscalFormula.cOrdem";"Ordem de Calculo";"en-US";"";"FieldLabel";"c:\projetos\AtlasWeb\CadOperacaoFiscalFormula.dfm"
"fCadOperacaoFiscalFormula.bExcluir";"Salva o registro corrente.";"en-US";"";"Hint";"c:\projetos\AtlasWeb\CadOperacaoFiscalFormula.dfm"
"fCadOperacaoFiscalFormula.bFiltraForm";"Salva o registro corrente.";"en-US";"";"Hint";"c:\projetos\AtlasWeb\CadOperacaoFiscalFormula.dfm"
"fCadOperacaoFiscalFormula.UniLabel1";"CAMPOS CALCULÁVEIS DA NOTA FISCAL";"en-US";"";"Caption";"c:\projetos\AtlasWeb\CadOperacaoFiscalFormula.dfm"
"fCadOperacaoFiscalFormula.UniLabel2";"CAMPOS CALCULÁVEIS DA NOTA FISCAL (SELECIONADOS)";"en-US";"";"Caption";"c:\projetos\AtlasWeb\CadOperacaoFiscalFormula.dfm"
"fCadOperacaoFiscalFormula.UniLabel3";"VARIÁVEIS";"en-US";"";"Caption";"c:\projetos\AtlasWeb\CadOperacaoFiscalFormula.dfm"
"fCadOperacaoFiscalFormula.UniLabel4";"FÓRMULA";"en-US";"";"Caption";"c:\projetos\AtlasWeb\CadOperacaoFiscalFormula.dfm"
"fCadOrigemContas.aLista";"Lista";"en-US";"";"Caption";"c:\projetos\AtlasWeb\CadOrigemContas.dfm"
"fCadOrigemContas.UniTabSheet1";"Dados Gerais";"en-US";"";"Caption";"c:\projetos\AtlasWeb\CadOrigemContas.dfm"
"fCadOrigemContas.pFicha1";"DADOS GERAIS";"en-US";"";"Title";"c:\projetos\AtlasWeb\CadOrigemContas.dfm"
"fCadOrigemContas.cConsignacao";"Cliente de Consignação";"en-US";"";"Caption";"c:\projetos\AtlasWeb\CadOrigemContas.dfm"
"fCadOrigemContas.cConta";"Grupo do Plano de Contas";"en-US";"";"FieldLabel";"c:\projetos\AtlasWeb\CadOrigemContas.dfm"
"fCadOrigemContas.cOrigem";"Origem";"en-US";"";"Caption";"c:\projetos\AtlasWeb\CadOrigemContas.dfm"
"fCadOrigemContas.cPgto_Rec";"Tipo Movimento";"en-US";"";"Caption";"c:\projetos\AtlasWeb\CadOrigemContas.dfm"
"fCadOrigemContas.cNac_Estr";"Origem Destinatários";"en-US";"";"Caption";"c:\projetos\AtlasWeb\CadOrigemContas.dfm"
"fCadOrigemContas.cModalidade";"Modalidade de Importação";"en-US";"";"FieldLabel";"c:\projetos\AtlasWeb\CadOrigemContas.dfm"
"fCadOrigemContas.cTerceiros";"Terceiros";"en-US";"";"FieldLabel";"c:\projetos\AtlasWeb\CadOrigemContas.dfm"
"fCadOrigemContas.cConta_ECF";"Plano de Contas Referêncial";"en-US";"";"FieldLabel";"c:\projetos\AtlasWeb\CadOrigemContas.dfm"
"fCadOrigemContas.cGrupo_Financeiro";"Grupo do Plano Financeiro";"en-US";"";"FieldLabel";"c:\projetos\AtlasWeb\CadOrigemContas.dfm"
"fCadOrigemContas.cGrupo_Processo";"Grupo de Processo";"en-US";"";"Caption";"c:\projetos\AtlasWeb\CadOrigemContas.dfm"
"fCadOrigemContas.bAdicionar";"Adicionar novo registro.";"en-US";"";"Hint";"c:\projetos\AtlasWeb\CadOrigemContas.dfm"
"fCadOrigemContas.bEditar";"Editar registro corrente.";"en-US";"";"Hint";"c:\projetos\AtlasWeb\CadOrigemContas.dfm"
"fCadOrigemContas.bExcluir";"Excluir registro corrente.";"en-US";"";"Hint";"c:\projetos\AtlasWeb\CadOrigemContas.dfm"
"fCadOrigemContas.bCancelar";"Cancelar modificações feitas no registro corrente.";"en-US";"";"Hint";"c:\projetos\AtlasWeb\CadOrigemContas.dfm"
"fCadOrigemContas.bSalvar";"Salva o registro corrente.";"en-US";"";"Hint";"c:\projetos\AtlasWeb\CadOrigemContas.dfm"
"fCadOrigemContas.bFechar";"Fecha a tela de cadastro atual.";"en-US";"";"Hint";"c:\projetos\AtlasWeb\CadOrigemContas.dfm"
"fCadPaises.aLista";"Lista";"en-US";"";"Caption";"c:\projetos\AtlasWeb\CadPaises.dfm"
"fCadPaises.aFicha";"Dados Gerais";"en-US";"";"Caption";"c:\projetos\AtlasWeb\CadPaises.dfm"
"fCadPaises.pFicha";"DADOS GERAIS";"en-US";"";"Title";"c:\projetos\AtlasWeb\CadPaises.dfm"
"fCadPaises.cCodigo";"Codigo";"en-US";"";"FieldLabel";"c:\projetos\AtlasWeb\CadPaises.dfm"
"fCadPaises.cNome";"Nome";"en-US";"";"FieldLabel";"c:\projetos\AtlasWeb\CadPaises.dfm"
"fCadPaises.cNome_Ingles";"Nome Internacional";"en-US";"";"FieldLabel";"c:\projetos\AtlasWeb\CadPaises.dfm"
"fCadPaises.bAdicionar";"Adicionar novo registro.";"en-US";"";"Hint";"c:\projetos\AtlasWeb\CadPaises.dfm"
"fCadPaises.bEditar";"Editar registro corrente.";"en-US";"";"Hint";"c:\projetos\AtlasWeb\CadPaises.dfm"
"fCadPaises.bExcluir";"Excluir registro corrente.";"en-US";"";"Hint";"c:\projetos\AtlasWeb\CadPaises.dfm"
"fCadPaises.bCancelar";"Cancelar modificações feitas no registro corrente.";"en-US";"";"Hint";"c:\projetos\AtlasWeb\CadPaises.dfm"
"fCadPaises.bSalvar";"Salva o registro corrente.";"en-US";"";"Hint";"c:\projetos\AtlasWeb\CadPaises.dfm"
"fCadPaises.bFechar";"Fecha a tela de cadastro atual.";"en-US";"";"Hint";"c:\projetos\AtlasWeb\CadPaises.dfm"
"fCadPlanoContas.aLista";"Lista";"en-US";"";"Caption";"c:\projetos\AtlasWeb\CadPlanoContas.dfm"
"fCadPlanoContas.UniTabSheet2";"Plano de Contas";"en-US";"";"Caption";"c:\projetos\AtlasWeb\CadPlanoContas.dfm"
"fCadPlanoContas.pFicha2";"Plano Financeiro / Contabil (Plano Contas)";"en-US";"";"Title";"c:\projetos\AtlasWeb\CadPlanoContas.dfm"
"fCadPlanoContas.UniGroupBox3";"Lançamento Contabil Provisão [Contra Partida]";"en-US";"";"Caption";"c:\projetos\AtlasWeb\CadPlanoContas.dfm"
"fCadPlanoContas.cProvisao_ContaC";"Conta";"en-US";"";"FieldLabel";"c:\projetos\AtlasWeb\CadPlanoContas.dfm"
"fCadPlanoContas.cProvisao_Historico";"Histórico:";"en-US";"";"FieldLabel";"c:\projetos\AtlasWeb\CadPlanoContas.dfm"
"fCadPlanoContas.UniGroupBox4";"Lançamento Contabil Liquidação - [Contra-Partida Banco]";"en-US";"";"Caption";"c:\projetos\AtlasWeb\CadPlanoContas.dfm"
"fCadPlanoContas.cLiquidacao_Historico";"Histórico:";"en-US";"";"FieldLabel";"c:\projetos\AtlasWeb\CadPlanoContas.dfm"
"fCadPlanoContas.UniDBLookupComboBox6";"Contas:";"en-US";"";"FieldLabel";"c:\projetos\AtlasWeb\CadPlanoContas.dfm"
"fCadPlanoContas.cTipo_Partida";"Partida";"en-US";"";"Caption";"c:\projetos\AtlasWeb\CadPlanoContas.dfm"
"fCadPlanoContas.UniDBRadioGroup2";"Natureza";"en-US";"";"Caption";"c:\projetos\AtlasWeb\CadPlanoContas.dfm"
"fCadPlanoContas.cConta";"Conta Contabil";"en-US";"";"FieldLabel";"c:\projetos\AtlasWeb\CadPlanoContas.dfm"
"fCadPlanoContas.cNomeContabil";"Nome Contabil";"en-US";"";"FieldLabel";"c:\projetos\AtlasWeb\CadPlanoContas.dfm"
"fCadPlanoContas.cCodigo";"Código Reduzido:";"en-US";"";"FieldLabel";"c:\projetos\AtlasWeb\CadPlanoContas.dfm"
"fCadPlanoContas.UniDBEdit3";"Conta Contabil (ECF)";"en-US";"";"FieldLabel";"c:\projetos\AtlasWeb\CadPlanoContas.dfm"
"fCadPlanoContas.cNomeFinanceiro";"Nome Financeiro";"en-US";"";"FieldLabel";"c:\projetos\AtlasWeb\CadPlanoContas.dfm"
"fCadPlanoContas.UniDBRadioGroup1";"Tipo";"en-US";"";"Caption";"c:\projetos\AtlasWeb\CadPlanoContas.dfm"
"fCadPlanoContas.UniGroupBox1";"Parâmetros";"en-US";"";"Caption";"c:\projetos\AtlasWeb\CadPlanoContas.dfm"
"fCadPlanoContas.cRelatorio";"Não listar nos Relatórios";"en-US";"";"Caption";"c:\projetos\AtlasWeb\CadPlanoContas.dfm"
"fCadPlanoContas.cCambio";"Câmbio";"en-US";"";"Caption";"c:\projetos\AtlasWeb\CadPlanoContas.dfm"
"fCadPlanoContas.cCusto";"Custo de Saída";"en-US";"";"Caption";"c:\projetos\AtlasWeb\CadPlanoContas.dfm"
"fCadPlanoContas.cSomente_Faturamento";"Somente Faturamento";"en-US";"";"Caption";"c:\projetos\AtlasWeb\CadPlanoContas.dfm"
"fCadPlanoContas.cAdiantamento";"Adiantamento";"en-US";"";"Caption";"c:\projetos\AtlasWeb\CadPlanoContas.dfm"
"fCadPlanoContas.cDevolucao";"Devolução";"en-US";"";"Caption";"c:\projetos\AtlasWeb\CadPlanoContas.dfm"
"fCadPlanoContas.cCusto_Seletivo";"Custo Seletivo";"en-US";"";"Caption";"c:\projetos\AtlasWeb\CadPlanoContas.dfm"
"fCadPlanoContas.cTransferencia";"Transferência";"en-US";"";"Caption";"c:\projetos\AtlasWeb\CadPlanoContas.dfm"
"fCadPlanoContas.cFechamento_Processo";"Fechamento do Processo";"en-US";"";"Caption";"c:\projetos\AtlasWeb\CadPlanoContas.dfm"
"fCadPlanoContas.cCusto_Entrada";"Custo Entrada";"en-US";"";"Caption";"c:\projetos\AtlasWeb\CadPlanoContas.dfm"
"fCadPlanoContas.cBoleto";"Boleto";"en-US";"";"Caption";"c:\projetos\AtlasWeb\CadPlanoContas.dfm"
"fCadPlanoContas.cDespesa_Fixa";"Despesa Fixa";"en-US";"";"Caption";"c:\projetos\AtlasWeb\CadPlanoContas.dfm"
"fCadPlanoContas.cNota_Referencia";"Nota Referência";"en-US";"";"Caption";"c:\projetos\AtlasWeb\CadPlanoContas.dfm"
"fCadPlanoContas.cProcesso_Obrigatorio";"Processo Obrigatório";"en-US";"";"Caption";"c:\projetos\AtlasWeb\CadPlanoContas.dfm"
"fCadPlanoContas.cDesativada";"Desativada";"en-US";"";"Caption";"c:\projetos\AtlasWeb\CadPlanoContas.dfm"
"fCadPlanoContas.cCusto_Outros";"Custo Outros";"en-US";"";"Caption";"c:\projetos\AtlasWeb\CadPlanoContas.dfm"
"fCadPlanoContas.cTributo";"Tributo";"en-US";"";"Caption";"c:\projetos\AtlasWeb\CadPlanoContas.dfm"
"fCadPlanoContas.cTaxa";"Taxa";"en-US";"";"Caption";"c:\projetos\AtlasWeb\CadPlanoContas.dfm"
"fCadPlanoContas.UniDBCheckBox4";"Plano Financeiro";"en-US";"";"Caption";"c:\projetos\AtlasWeb\CadPlanoContas.dfm"
"fCadPlanoContas.UniDBCheckBox1";"Conta de Resultado";"en-US";"";"Caption";"c:\projetos\AtlasWeb\CadPlanoContas.dfm"
"fCadPlanoContas.UniDBCheckBox2";"Sintética";"en-US";"";"Caption";"c:\projetos\AtlasWeb\CadPlanoContas.dfm"
"fCadPlanoContas.UniDBCheckBox5";"LALUR";"en-US";"";"Caption";"c:\projetos\AtlasWeb\CadPlanoContas.dfm"
"fCadPlanoContas.UniDBCheckBox6";"Mostrar no Balanço";"en-US";"";"Caption";"c:\projetos\AtlasWeb\CadPlanoContas.dfm"
"fCadPlanoContas.UniDBCheckBox7";"DRE";"en-US";"";"Caption";"c:\projetos\AtlasWeb\CadPlanoContas.dfm"
"fCadPlanoContas.UniDBCheckBox13";"Detalhar Beneficiário";"en-US";"";"Caption";"c:\projetos\AtlasWeb\CadPlanoContas.dfm"
"fCadPlanoContas.UniDBCheckBox14";"Detalhar Processo";"en-US";"";"Caption";"c:\projetos\AtlasWeb\CadPlanoContas.dfm"
"fCadPlanoContas.UniDBCheckBox3";"Baixa Automática";"en-US";"";"Caption";"c:\projetos\AtlasWeb\CadPlanoContas.dfm"
"fCadPlanoContas.UniDBCheckBox8";"Despesa Agência Marítima";"en-US";"";"Caption";"c:\projetos\AtlasWeb\CadPlanoContas.dfm"
"fCadPlanoContas.UniDBCheckBox9";"Gera Juros SPED PIS/COFINS";"en-US";"";"Caption";"c:\projetos\AtlasWeb\CadPlanoContas.dfm"
"fCadPlanoContas.cModalidade_Importacao";"Modalidade de Importação";"en-US";"";"FieldLabel";"c:\projetos\AtlasWeb\CadPlanoContas.dfm"
"fCadPlanoContas.cNivel";"Nível de Acesso";"en-US";"";"FieldLabel";"c:\projetos\AtlasWeb\CadPlanoContas.dfm"
"fCadPlanoContas.cTipo_Documento";"Documento";"en-US";"";"FieldLabel";"c:\projetos\AtlasWeb\CadPlanoContas.dfm"
"fCadPlanoContas.UniTabSheet1";"Parâmetros";"en-US";"";"Caption";"c:\projetos\AtlasWeb\CadPlanoContas.dfm"
"fCadPlanoContas.pFicha1";"Plano Financeiro / Contabil (Plano Financeiro)";"en-US";"";"Title";"c:\projetos\AtlasWeb\CadPlanoContas.dfm"
"fCadPlanoContas.UniGroupBox2";"Apuração PIS/COFINS";"en-US";"";"Caption";"c:\projetos\AtlasWeb\CadPlanoContas.dfm"
"fCadPlanoContas.cCST_PIS";"CST do PIS";"en-US";"";"FieldLabel";"c:\projetos\AtlasWeb\CadPlanoContas.dfm"
"fCadPlanoContas.cAliquota_PIS";"Alíquota do PIS";"en-US";"";"FieldLabel";"c:\projetos\AtlasWeb\CadPlanoContas.dfm"
"fCadPlanoContas.cAliquota_COFINS";"Alíquota da COFINS";"en-US";"";"FieldLabel";"c:\projetos\AtlasWeb\CadPlanoContas.dfm"
"fCadPlanoContas.cBCCredito";"Base de Cálculo do Crédito";"en-US";"";"FieldLabel";"c:\projetos\AtlasWeb\CadPlanoContas.dfm"
"fCadPlanoContas.cCST_COFINS";"CST da COFINS";"en-US";"";"FieldLabel";"c:\projetos\AtlasWeb\CadPlanoContas.dfm"
"fCadPlanoContas.cNatureza_Receita";"Natureza da Receita";"en-US";"";"FieldLabel";"c:\projetos\AtlasWeb\CadPlanoContas.dfm"
"fCadPlanoContas.gTributo";"Tributo / Taxa";"en-US";"";"Caption";"c:\projetos\AtlasWeb\CadPlanoContas.dfm"
"fCadPlanoContas.cOrgao";"Orgão";"en-US";"";"FieldLabel";"c:\projetos\AtlasWeb\CadPlanoContas.dfm"
"fCadPlanoContas.cCodigo_RFB";"Código da Receita Federal";"en-US";"";"FieldLabel";"c:\projetos\AtlasWeb\CadPlanoContas.dfm"
"fCadPlanoContas.cValor";"Alíquota";"en-US";"";"FieldLabel";"c:\projetos\AtlasWeb\CadPlanoContas.dfm"
"fCadPlanoContas.cDia_Vencimento";"Vencimento (Dia)";"en-US";"";"FieldLabel";"c:\projetos\AtlasWeb\CadPlanoContas.dfm"
"fCadPlanoContas.UniGroupBox5";"DRE Gerencial";"en-US";"";"Caption";"c:\projetos\AtlasWeb\CadPlanoContas.dfm"
"fCadPlanoContas.cDRE_Principal";"Valor Principal";"en-US";"";"FieldLabel";"c:\projetos\AtlasWeb\CadPlanoContas.dfm"
"fCadPlanoContas.cDRE_Desconto";"Descontos";"en-US";"";"FieldLabel";"c:\projetos\AtlasWeb\CadPlanoContas.dfm"
"fCadPlanoContas.cDRE_DescontoDupl";"Desconto de Duplicata";"en-US";"";"FieldLabel";"c:\projetos\AtlasWeb\CadPlanoContas.dfm"
"fCadPlanoContas.cDRE_Juros";"Multa/Juros";"en-US";"";"FieldLabel";"c:\projetos\AtlasWeb\CadPlanoContas.dfm"
"fCadPlanoContas.bAdicionar";"Adicionar novo registro.";"en-US";"";"Hint";"c:\projetos\AtlasWeb\CadPlanoContas.dfm"
"fCadPlanoContas.bEditar";"Editar registro corrente.";"en-US";"";"Hint";"c:\projetos\AtlasWeb\CadPlanoContas.dfm"
"fCadPlanoContas.bExcluir";"Excluir registro corrente.";"en-US";"";"Hint";"c:\projetos\AtlasWeb\CadPlanoContas.dfm"
"fCadPlanoContas.bCancelar";"Cancelar modificações feitas no registro corrente.";"en-US";"";"Hint";"c:\projetos\AtlasWeb\CadPlanoContas.dfm"
"fCadPlanoContas.bSalvar";"Salva o registro corrente.";"en-US";"";"Hint";"c:\projetos\AtlasWeb\CadPlanoContas.dfm"
"fCadPlanoContas.bFechar";"Fecha a tela de cadastro atual.";"en-US";"";"Hint";"c:\projetos\AtlasWeb\CadPlanoContas.dfm"
"fCadPlanoContasECF.bAdicionar";"Adicionar novo registro.";"en-US";"";"Hint";"c:\projetos\AtlasWeb\CadPlanoContasECF.dfm"
"fCadPlanoContasECF.bEditar";"Editar registro corrente.";"en-US";"";"Hint";"c:\projetos\AtlasWeb\CadPlanoContasECF.dfm"
"fCadPlanoContasECF.bExcluir";"Excluir registro corrente.";"en-US";"";"Hint";"c:\projetos\AtlasWeb\CadPlanoContasECF.dfm"
"fCadPlanoContasECF.bCancelar";"Cancelar modificações feitas no registro corrente.";"en-US";"";"Hint";"c:\projetos\AtlasWeb\CadPlanoContasECF.dfm"
"fCadPlanoContasECF.bGravar";"Salva o registro corrente.";"en-US";"";"Hint";"c:\projetos\AtlasWeb\CadPlanoContasECF.dfm"
"fCadPlanoContasECF.bFechar";"Fecha a tela de cadastro atual.";"en-US";"";"Hint";"c:\projetos\AtlasWeb\CadPlanoContasECF.dfm"
"fCadPlanoContasECF.aLista";"Lista";"en-US";"";"Caption";"c:\projetos\AtlasWeb\CadPlanoContasECF.dfm"
"fCadPlanoContasECF.UniTabSheet1";"Dados Gerais";"en-US";"";"Caption";"c:\projetos\AtlasWeb\CadPlanoContasECF.dfm"
"fCadPlanoContasECF.pFicha";"DADOS GERAIS";"en-US";"";"Title";"c:\projetos\AtlasWeb\CadPlanoContasECF.dfm"
"fCadPlanoContasECF.cConta";"Conta";"en-US";"";"FieldLabel";"c:\projetos\AtlasWeb\CadPlanoContasECF.dfm"
"fCadPlanoContasECF.cNome";"Descrição";"en-US";"";"FieldLabel";"c:\projetos\AtlasWeb\CadPlanoContasECF.dfm"
"fCadProdutos.bAdicionar";"Adicionar novo registro.";"en-US";"";"Hint";"c:\projetos\AtlasWeb\CadProdutos.dfm"
"fCadProdutos.bEditar";"Editar registro corrente.";"en-US";"";"Hint";"c:\projetos\AtlasWeb\CadProdutos.dfm"
"fCadProdutos.bExcluir";"Excluir registro corrente.";"en-US";"";"Hint";"c:\projetos\AtlasWeb\CadProdutos.dfm"
"fCadProdutos.bCancelar";"Cancelar modificações feitas no registro corrente.";"en-US";"";"Hint";"c:\projetos\AtlasWeb\CadProdutos.dfm"
"fCadProdutos.bGravar";"Salva o registro corrente.";"en-US";"";"Hint";"c:\projetos\AtlasWeb\CadProdutos.dfm"
"fCadProdutos.bFechar";"Fecha a tela de cadastro atual.";"en-US";"";"Hint";"c:\projetos\AtlasWeb\CadProdutos.dfm"
"fCadProdutos.aLista";"Lista";"en-US";"";"Caption";"c:\projetos\AtlasWeb\CadProdutos.dfm"
"fCadProdutos.tabProduto";"Dados do Produto";"en-US";"";"Caption";"c:\projetos\AtlasWeb\CadProdutos.dfm"
"fCadProdutos.pFicha";"DADOS GERAIS";"en-US";"";"Title";"c:\projetos\AtlasWeb\CadProdutos.dfm"
"fCadProdutos.cCodigo";"Código Sistema";"en-US";"";"FieldLabel";"c:\projetos\AtlasWeb\CadProdutos.dfm"
"fCadProdutos.clTipo";"Tipo";"en-US";"";"FieldLabel";"c:\projetos\AtlasWeb\CadProdutos.dfm"
"fCadProdutos.clNCM";"NCM";"en-US";"";"FieldLabel";"c:\projetos\AtlasWeb\CadProdutos.dfm"
"fCadProdutos.cCodigo_Fabricante";"Código Fabrica";"en-US";"";"FieldLabel";"c:\projetos\AtlasWeb\CadProdutos.dfm"
"fCadProdutos.cFabricante";"Fabricante";"en-US";"";"FieldLabel";"c:\projetos\AtlasWeb\CadProdutos.dfm"
"fCadProdutos.cFornecedor";"Fornecedor";"en-US";"";"FieldLabel";"c:\projetos\AtlasWeb\CadProdutos.dfm"
"fCadProdutos.clLinha";"Linha";"en-US";"";"FieldLabel";"c:\projetos\AtlasWeb\CadProdutos.dfm"
"fCadProdutos.cGTIN";"GTIN - Caixa (Cód.Barras)";"en-US";"";"FieldLabel";"c:\projetos\AtlasWeb\CadProdutos.dfm"
"fCadProdutos.cGTIN_Unidade";"GTIN - Unidade (Cód.Barras)";"en-US";"";"FieldLabel";"c:\projetos\AtlasWeb\CadProdutos.dfm"
"fCadProdutos.clTipo_Item";"Tipo Produto";"en-US";"";"FieldLabel";"c:\projetos\AtlasWeb\CadProdutos.dfm"
"fCadProdutos.cDescricao_Ingles";"Descrição (Inglês)";"en-US";"";"FieldLabel";"c:\projetos\AtlasWeb\CadProdutos.dfm"
"fCadProdutos.cDescricao";"Descrição (Português)";"en-US";"";"FieldLabel";"c:\projetos\AtlasWeb\CadProdutos.dfm"
"fCadProdutos.cDescricao_Reduzida";"Descrição Reduzida";"en-US";"";"FieldLabel";"c:\projetos\AtlasWeb\CadProdutos.dfm"
"fCadProdutos.cLargura";"Largura";"en-US";"";"FieldLabel";"c:\projetos\AtlasWeb\CadProdutos.dfm"
"fCadProdutos.cUnidade";"Unidade Medida (Tributada)";"en-US";"";"FieldLabel";"c:\projetos\AtlasWeb\CadProdutos.dfm"
"fCadProdutos.clUnidade_Origem";"Unidade Medida (Fatur.)";"en-US";"";"FieldLabel";"c:\projetos\AtlasWeb\CadProdutos.dfm"
"fCadProdutos.cQuantidade_Volumes";"Qtde.Unid.Vol";"en-US";"";"FieldLabel";"c:\projetos\AtlasWeb\CadProdutos.dfm"
"fCadProdutos.cAltura";"Altura/Espessura";"en-US";"";"FieldLabel";"c:\projetos\AtlasWeb\CadProdutos.dfm"
"fCadProdutos.cComprimento";"Comprimento";"en-US";"";"FieldLabel";"c:\projetos\AtlasWeb\CadProdutos.dfm"
"fCadProdutos.cTipoConversao";"Tipo conversão";"en-US";"";"FieldLabel";"c:\projetos\AtlasWeb\CadProdutos.dfm"
"fCadProdutos.cQuantidade_Unidade";"Qtde.UM";"en-US";"";"FieldLabel";"c:\projetos\AtlasWeb\CadProdutos.dfm"
"fCadProdutos.UniGroupBox1";"Foto";"en-US";"";"Caption";"c:\projetos\AtlasWeb\CadProdutos.dfm"
"fCadProdutos.cOrigem";"Origem";"en-US";"";"FieldLabel";"c:\projetos\AtlasWeb\CadProdutos.dfm"
"fCadProdutos.cPeso_Liquido";"Peso Líquido";"en-US";"";"FieldLabel";"c:\projetos\AtlasWeb\CadProdutos.dfm"
"fCadProdutos.cPeso_Bruto";"Peso Bruto";"en-US";"";"FieldLabel";"c:\projetos\AtlasWeb\CadProdutos.dfm"
"fCadProdutos.GroupBox6";"Detalhes Diversos";"en-US";"";"Caption";"c:\projetos\AtlasWeb\CadProdutos.dfm"
"fCadProdutos.cReciclavel";"Reciclável";"en-US";"";"Caption";"c:\projetos\AtlasWeb\CadProdutos.dfm"
"fCadProdutos.cEntrada_ST";"Entrada por substituição Tributária";"en-US";"";"Caption";"c:\projetos\AtlasWeb\CadProdutos.dfm"
"fCadProdutos.cCusto_Seletivo";"Custo Seletivo";"en-US";"";"Caption";"c:\projetos\AtlasWeb\CadProdutos.dfm"
"fCadProdutos.cVisivel_Representa";"Visivel Representante";"en-US";"";"Caption";"c:\projetos\AtlasWeb\CadProdutos.dfm"
"fCadProdutos.cLote_Obrigatorio";"Lote Obrigatório";"en-US";"";"Caption";"c:\projetos\AtlasWeb\CadProdutos.dfm"
"fCadProdutos.cProducao_Nacional";"Produção Nacional";"en-US";"";"Caption";"c:\projetos\AtlasWeb\CadProdutos.dfm"
"fCadProdutos.cSerial_Obrigatorio";"Serial Obrigatório";"en-US";"";"Caption";"c:\projetos\AtlasWeb\CadProdutos.dfm"
"fCadProdutos.cEscala_Relevante";"Produzido em escala relevante";"en-US";"";"Caption";"c:\projetos\AtlasWeb\CadProdutos.dfm"
"fCadProdutos.cCNPJ_Fabricante";"CNPJ Fab.";"en-US";"";"FieldLabel";"c:\projetos\AtlasWeb\CadProdutos.dfm"
"fCadProdutos.cMateria_Prima";"Matéria Prima";"en-US";"";"Caption";"c:\projetos\AtlasWeb\CadProdutos.dfm"
"fCadProdutos.UniDBCheckBox1";"Tabela CAMEX";"en-US";"";"Caption";"c:\projetos\AtlasWeb\CadProdutos.dfm"
"fCadProdutos.UniDBCheckBox2";"Incidência de FCP";"en-US";"";"Caption";"c:\projetos\AtlasWeb\CadProdutos.dfm"
"fCadProdutos.UniDBCheckBox3";"ICMS Desonerado";"en-US";"";"Caption";"c:\projetos\AtlasWeb\CadProdutos.dfm"
"fCadProdutos.UniDBCheckBox4";"Anti-Dumping";"en-US";"";"Caption";"c:\projetos\AtlasWeb\CadProdutos.dfm"
"fCadProdutos.UniDBCheckBox5";"Serviço";"en-US";"";"Caption";"c:\projetos\AtlasWeb\CadProdutos.dfm"
"fCadProdutos.UniDBCheckBox6";"Requer Licensa de Importação (LI)";"en-US";"";"Caption";"c:\projetos\AtlasWeb\CadProdutos.dfm"
"fCadProdutos.UniDBCheckBox7";"Estoque por Navio";"en-US";"";"Caption";"c:\projetos\AtlasWeb\CadProdutos.dfm"
"fCadProdutos.cDesativado";"Desativado";"en-US";"";"Caption";"c:\projetos\AtlasWeb\CadProdutos.dfm"
"fCadProdutos.cClassif";"Classificação";"en-US";"";"FieldLabel";"c:\projetos\AtlasWeb\CadProdutos.dfm"
"fCadProdutos.TabParam";"Parâmetros";"en-US";"";"Caption";"c:\projetos\AtlasWeb\CadProdutos.dfm"
"fCadProdutos.UniPanel4";"DADOS GERAIS";"en-US";"";"Title";"c:\projetos\AtlasWeb\CadProdutos.dfm"
"fCadProdutos.TabSheet2";"Automóvel Novo";"en-US";"";"Caption";"c:\projetos\AtlasWeb\CadProdutos.dfm"
"fCadProdutos.cPotencia_Motor";"Potência Motor";"en-US";"";"FieldLabel";"c:\projetos\AtlasWeb\CadProdutos.dfm"
"fCadProdutos.cCilindradas";"Cilindradas";"en-US";"";"FieldLabel";"c:\projetos\AtlasWeb\CadProdutos.dfm"
"fCadProdutos.cCapacidade_Tracao";"Capacidade de Tração";"en-US";"";"FieldLabel";"c:\projetos\AtlasWeb\CadProdutos.dfm"
"fCadProdutos.cDistancia_Eixos";"Distância entre Eixos";"en-US";"";"FieldLabel";"c:\projetos\AtlasWeb\CadProdutos.dfm"
"fCadProdutos.cTipo_Pintura";"Tipo de Pintura";"en-US";"";"FieldLabel";"c:\projetos\AtlasWeb\CadProdutos.dfm"
"fCadProdutos.cCodigo_MarcaModelo";"Código Marca/Modelo";"en-US";"";"FieldLabel";"c:\projetos\AtlasWeb\CadProdutos.dfm"
"fCadProdutos.cPassageiros";"Capacidade de Lotação";"en-US";"";"FieldLabel";"c:\projetos\AtlasWeb\CadProdutos.dfm"
"fCadProdutos.cTipo_Combustivel";"Tipo de Combustivel";"en-US";"";"FieldLabel";"c:\projetos\AtlasWeb\CadProdutos.dfm"
"fCadProdutos.cTipo_Veiculo";"Tipo de Veículo";"en-US";"";"FieldLabel";"c:\projetos\AtlasWeb\CadProdutos.dfm"
"fCadProdutos.UniDBRadioGroup1";"Condição (VIN)";"en-US";"";"Caption";"c:\projetos\AtlasWeb\CadProdutos.dfm"
"fCadProdutos.cEspecie_Veiculo";"Espécie de Veículo";"en-US";"";"FieldLabel";"c:\projetos\AtlasWeb\CadProdutos.dfm"
"fCadProdutos.cCondicao_Veiculo";"Condição do Veículo";"en-US";"";"FieldLabel";"c:\projetos\AtlasWeb\CadProdutos.dfm"
"fCadProdutos.TabSheet5";"Combustível";"en-US";"";"Caption";"c:\projetos\AtlasWeb\CadProdutos.dfm"
"fCadProdutos.clCodigo_ANP";"Código ANP";"en-US";"";"FieldLabel";"c:\projetos\AtlasWeb\CadProdutos.dfm"
"fCadProdutos.cDescricao_ANP";"Descrição ANP";"en-US";"";"FieldLabel";"c:\projetos\AtlasWeb\CadProdutos.dfm"
"fCadProdutos.cPercentual_GLGNN";"Percentual GLGN (Nacional)";"en-US";"";"FieldLabel";"c:\projetos\AtlasWeb\CadProdutos.dfm"
"fCadProdutos.cPercentual_GLGNI";"Percentual GLGN (Importado)";"en-US";"";"FieldLabel";"c:\projetos\AtlasWeb\CadProdutos.dfm"
"fCadProdutos.cValor_Partida";"Valor de Partida";"en-US";"";"FieldLabel";"c:\projetos\AtlasWeb\CadProdutos.dfm"
"fCadProdutos.TabSheet4";"Medicamento";"en-US";"";"Caption";"c:\projetos\AtlasWeb\CadProdutos.dfm"
"fCadProdutos.cPreco_MaxConsumidor";"Preço máximo consumidor";"en-US";"";"FieldLabel";"c:\projetos\AtlasWeb\CadProdutos.dfm"
"fCadProdutos.TabSheet3";"Armamento";"en-US";"";"Caption";"c:\projetos\AtlasWeb\CadProdutos.dfm"
"fCadProdutos.UniTabSheet1";"Outros";"en-US";"";"Caption";"c:\projetos\AtlasWeb\CadProdutos.dfm"
"fCadProdutos.GroupBox10";"ANVISA";"en-US";"";"Caption";"c:\projetos\AtlasWeb\CadProdutos.dfm"
"fCadProdutos.cRegistro_ANVISA";"Registro";"en-US";"";"FieldLabel";"c:\projetos\AtlasWeb\CadProdutos.dfm"
"fCadProdutos.cProcesso_ANVISA";"Processo";"en-US";"";"FieldLabel";"c:\projetos\AtlasWeb\CadProdutos.dfm"
"fCadProdutos.cVencimento_ANVISA";"Vencimento";"en-US";"";"FieldLabel";"c:\projetos\AtlasWeb\CadProdutos.dfm"
"fCadProdutos.GroupBox1";"Parâmentros Comerciais do Produto";"en-US";"";"Caption";"c:\projetos\AtlasWeb\CadProdutos.dfm"
"fCadProdutos.cPromocao";"Colocar Produto em Promoção";"en-US";"";"Caption";"c:\projetos\AtlasWeb\CadProdutos.dfm"
"fCadProdutos.cPromocao_Valor";"Valor em Promoção";"en-US";"";"FieldLabel";"c:\projetos\AtlasWeb\CadProdutos.dfm"
"fCadProdutos.GroupBox5";"Localização";"en-US";"";"Caption";"c:\projetos\AtlasWeb\CadProdutos.dfm"
"fCadProdutos.cArmazem_Nome";"Armazém";"en-US";"";"FieldLabel";"c:\projetos\AtlasWeb\CadProdutos.dfm"
"fCadProdutos.cArmazem_Rua";"Rua";"en-US";"";"FieldLabel";"c:\projetos\AtlasWeb\CadProdutos.dfm"
"fCadProdutos.cArmazem_Prateleira";"Prateleira";"en-US";"";"FieldLabel";"c:\projetos\AtlasWeb\CadProdutos.dfm"
"fCadProdutos.cArmazem_Posicao";"Posição na Prateleira";"en-US";"";"FieldLabel";"c:\projetos\AtlasWeb\CadProdutos.dfm"
"fCadProdutos.cDetalhe_Especifico";"Detalhe Específico";"en-US";"";"Caption";"c:\projetos\AtlasWeb\CadProdutos.dfm"
"fCadProdutos.cClasseIPI";"Classe de Enq. IPI";"en-US";"";"FieldLabel";"c:\projetos\AtlasWeb\CadProdutos.dfm"
"fCadProdutos.TabValores";"Valores";"en-US";"";"Caption";"c:\projetos\AtlasWeb\CadProdutos.dfm"
"fCadProdutos.UniPanel2";"DADOS GERAIS";"en-US";"";"Title";"c:\projetos\AtlasWeb\CadProdutos.dfm"
"fCadProdutos.GroupBox11";"Estoque";"en-US";"";"Caption";"c:\projetos\AtlasWeb\CadProdutos.dfm"
"fCadProdutos.UniDBFormattedNumberEdit1";"Estoque";"en-US";"";"FieldLabel";"c:\projetos\AtlasWeb\CadProdutos.dfm"
"fCadProdutos.UniDBFormattedNumberEdit2";"Terceiros";"en-US";"";"FieldLabel";"c:\projetos\AtlasWeb\CadProdutos.dfm"
"fCadProdutos.UniDBFormattedNumberEdit3";"Pedidos";"en-US";"";"FieldLabel";"c:\projetos\AtlasWeb\CadProdutos.dfm"
"fCadProdutos.cEstoque_MinimoPerc";"Mínimo Por Percentual";"en-US";"";"FieldLabel";"c:\projetos\AtlasWeb\CadProdutos.dfm"
"fCadProdutos.cEstoque_Minimo";"Quantidade Mínima";"en-US";"";"FieldLabel";"c:\projetos\AtlasWeb\CadProdutos.dfm"
"fCadProdutos.GroupBox12";"Valores";"en-US";"";"Caption";"c:\projetos\AtlasWeb\CadProdutos.dfm"
"fCadProdutos.cValor_CustoMedio";"Custo Médio";"en-US";"";"FieldLabel";"c:\projetos\AtlasWeb\CadProdutos.dfm"
"fCadProdutos.cValor_Venda";"Venda";"en-US";"";"FieldLabel";"c:\projetos\AtlasWeb\CadProdutos.dfm"
"fCadProdutos.cValor_ConsumidorFinal";"Consumidor Final";"en-US";"";"FieldLabel";"c:\projetos\AtlasWeb\CadProdutos.dfm"
"fCadProdutos.cValor_ME";"Moeda Estrangeira";"en-US";"";"FieldLabel";"c:\projetos\AtlasWeb\CadProdutos.dfm"
"fCadProdutos.UniTabSheet2";"Tributos";"en-US";"";"Caption";"c:\projetos\AtlasWeb\CadProdutos.dfm"
"fCadProdutos.UniPanel5";"DADOS GERAIS";"en-US";"";"Title";"c:\projetos\AtlasWeb\CadProdutos.dfm"
"fCadProdutos.UniGroupBox10";"IPI";"en-US";"";"Caption";"c:\projetos\AtlasWeb\CadProdutos.dfm"
"fCadProdutos.UniDBEdit32";"Alíquota";"en-US";"";"FieldLabel";"c:\projetos\AtlasWeb\CadProdutos.dfm"
"fCadProdutos.UniDBEdit33";"Redução";"en-US";"";"FieldLabel";"c:\projetos\AtlasWeb\CadProdutos.dfm"
"fCadProdutos.UniDBEdit34";"Acordo Tarifário";"en-US";"";"FieldLabel";"c:\projetos\AtlasWeb\CadProdutos.dfm"
"fCadProdutos.UniDBEdit35";"Valor";"en-US";"";"FieldLabel";"c:\projetos\AtlasWeb\CadProdutos.dfm"
"fCadProdutos.UniDBLookupComboBox2";"Classe Enquadramento";"en-US";"";"FieldLabel";"c:\projetos\AtlasWeb\CadProdutos.dfm"
"fCadProdutos.UniGroupBox11";"II";"en-US";"";"Caption";"c:\projetos\AtlasWeb\CadProdutos.dfm"
"fCadProdutos.UniDBEdit36";"Alíquota";"en-US";"";"FieldLabel";"c:\projetos\AtlasWeb\CadProdutos.dfm"
"fCadProdutos.UniDBEdit37";"Valor";"en-US";"";"FieldLabel";"c:\projetos\AtlasWeb\CadProdutos.dfm"
"fCadProdutos.UniDBEdit38";"Acordo Tarifário";"en-US";"";"FieldLabel";"c:\projetos\AtlasWeb\CadProdutos.dfm"
"fCadProdutos.UniDBEdit39";"Redução";"en-US";"";"FieldLabel";"c:\projetos\AtlasWeb\CadProdutos.dfm"
"fCadProdutos.UniGroupBox12";"PIS";"en-US";"";"Caption";"c:\projetos\AtlasWeb\CadProdutos.dfm"
"fCadProdutos.UniDBEdit40";"Alíquota";"en-US";"";"FieldLabel";"c:\projetos\AtlasWeb\CadProdutos.dfm"
"fCadProdutos.UniDBEdit41";"Alíquota NF Entrada";"en-US";"";"FieldLabel";"c:\projetos\AtlasWeb\CadProdutos.dfm"
"fCadProdutos.UniDBEdit42";"Valor";"en-US";"";"FieldLabel";"c:\projetos\AtlasWeb\CadProdutos.dfm"
"fCadProdutos.UniDBEdit43";"Alíquota NF Saída";"en-US";"";"FieldLabel";"c:\projetos\AtlasWeb\CadProdutos.dfm"
"fCadProdutos.UniDBEdit44";"Redução";"en-US";"";"FieldLabel";"c:\projetos\AtlasWeb\CadProdutos.dfm"
"fCadProdutos.UniGroupBox13";"ICMS";"en-US";"";"Caption";"c:\projetos\AtlasWeb\CadProdutos.dfm"
"fCadProdutos.UniDBEdit45";"Dentro Estado (Entrada)";"en-US";"";"FieldLabel";"c:\projetos\AtlasWeb\CadProdutos.dfm"
"fCadProdutos.UniDBEdit46";"Fora Estado (Entrada)";"en-US";"";"FieldLabel";"c:\projetos\AtlasWeb\CadProdutos.dfm"
"fCadProdutos.UniDBEdit47";"Fora Estado (Saída)";"en-US";"";"FieldLabel";"c:\projetos\AtlasWeb\CadProdutos.dfm"
"fCadProdutos.UniDBEdit48";"Dentro Estado (Saída)";"en-US";"";"FieldLabel";"c:\projetos\AtlasWeb\CadProdutos.dfm"
"fCadProdutos.UniDBEdit49";"Dentro Estado (Simples)";"en-US";"";"FieldLabel";"c:\projetos\AtlasWeb\CadProdutos.dfm"
"fCadProdutos.UniDBEdit50";"Redução";"en-US";"";"FieldLabel";"c:\projetos\AtlasWeb\CadProdutos.dfm"
"fCadProdutos.UniGroupBox14";"COFINS";"en-US";"";"Caption";"c:\projetos\AtlasWeb\CadProdutos.dfm"
"fCadProdutos.UniDBEdit51";"Alíquota";"en-US";"";"FieldLabel";"c:\projetos\AtlasWeb\CadProdutos.dfm"
"fCadProdutos.UniDBEdit52";"Alíquota NF Entrada";"en-US";"";"FieldLabel";"c:\projetos\AtlasWeb\CadProdutos.dfm"
"fCadProdutos.UniDBEdit53";"Valor";"en-US";"";"FieldLabel";"c:\projetos\AtlasWeb\CadProdutos.dfm"
"fCadProdutos.UniDBEdit54";"Alíquota NF Saída";"en-US";"";"FieldLabel";"c:\projetos\AtlasWeb\CadProdutos.dfm"
"fCadProdutos.UniDBEdit55";"Redução";"en-US";"";"FieldLabel";"c:\projetos\AtlasWeb\CadProdutos.dfm"
"fCadProdutos.TabSheet1";"Tributos";"en-US";"";"Caption";"c:\projetos\AtlasWeb\CadProdutos.dfm"
"fCadProdutos.UniPanel8";"DADOS GERAIS";"en-US";"";"Title";"c:\projetos\AtlasWeb\CadProdutos.dfm"
"fCadProdutos.cTributo";"Tributo";"en-US";"";"FieldLabel";"c:\projetos\AtlasWeb\CadProdutos.dfm"
"fCadProdutos.cUF";"Estado";"en-US";"";"FieldLabel";"c:\projetos\AtlasWeb\CadProdutos.dfm"
"fCadProdutos.cModalidade";"Modalidade de Importação";"en-US";"";"FieldLabel";"c:\projetos\AtlasWeb\CadProdutos.dfm"
"fCadProdutos.cAliquota";"Alíquota";"en-US";"";"FieldLabel";"c:\projetos\AtlasWeb\CadProdutos.dfm"
"fCadProdutos.UniDBFormattedNumberEdit17";"Valor";"en-US";"";"FieldLabel";"c:\projetos\AtlasWeb\CadProdutos.dfm"
"fCadProdutos.bAddTrib";"Adicionar novo registro.";"en-US";"";"Hint";"c:\projetos\AtlasWeb\CadProdutos.dfm"
"fCadProdutos.bEditTrib";"Editar registro corrente.";"en-US";"";"Hint";"c:\projetos\AtlasWeb\CadProdutos.dfm"
"fCadProdutos.bExcTrib";"Excluir registro corrente.";"en-US";"";"Hint";"c:\projetos\AtlasWeb\CadProdutos.dfm"
"fCadProdutos.bCancTrib";"Cancelar modificações feitas no registro corrente.";"en-US";"";"Hint";"c:\projetos\AtlasWeb\CadProdutos.dfm"
"fCadProdutos.bGravTrib";"Salva o registro corrente.";"en-US";"";"Hint";"c:\projetos\AtlasWeb\CadProdutos.dfm"
"fCadProdutos.TabCST";"CST";"en-US";"";"Caption";"c:\projetos\AtlasWeb\CadProdutos.dfm"
"fCadProdutos.UniPanel1";"DADOS GERAIS";"en-US";"";"Title";"c:\projetos\AtlasWeb\CadProdutos.dfm"
"fCadProdutos.clCSTPIS_Entrada";"CST PIS (Entrada)";"en-US";"";"FieldLabel";"c:\projetos\AtlasWeb\CadProdutos.dfm"
"fCadProdutos.clCSTCOFINS_Entrada";"CST COFINS (Entrada)";"en-US";"";"FieldLabel";"c:\projetos\AtlasWeb\CadProdutos.dfm"
"fCadProdutos.GrupoPIS";"Situação Tributária PIS (Saída)";"en-US";"";"Caption";"c:\projetos\AtlasWeb\CadProdutos.dfm"
"fCadProdutos.cCSTPIS_AliquotaUM";"Tributável c/Alíquota por Unidade de Medida";"en-US";"";"Caption";"c:\projetos\AtlasWeb\CadProdutos.dfm"
"fCadProdutos.cCSTPIS_Monofasica";"Tributável Monofásica (Revenda a Alíq.Zero)";"en-US";"";"Caption";"c:\projetos\AtlasWeb\CadProdutos.dfm"
"fCadProdutos.cCSTPIS_AliquotaZero";"Tributável a Alíquota Zero";"en-US";"";"Caption";"c:\projetos\AtlasWeb\CadProdutos.dfm"
"fCadProdutos.cCSTPIS_Isenta";"Isenta da Contribuição";"en-US";"";"Caption";"c:\projetos\AtlasWeb\CadProdutos.dfm"
"fCadProdutos.cCSTPIS_Suspensao";"Suspensão da Contribuição";"en-US";"";"Caption";"c:\projetos\AtlasWeb\CadProdutos.dfm"
"fCadProdutos.cCSTPIS_SemIncidencia";"Sem Incidência da Contribuição";"en-US";"";"Caption";"c:\projetos\AtlasWeb\CadProdutos.dfm"
"fCadProdutos.cCSTPIS_Outras";"Outras Operações";"en-US";"";"Caption";"c:\projetos\AtlasWeb\CadProdutos.dfm"
"fCadProdutos.GrupoCOFINS";"Situação Tributária da COFINS (Entrada)";"en-US";"";"Caption";"c:\projetos\AtlasWeb\CadProdutos.dfm"
"fCadProdutos.cCSTCOFINS_AliquotaUMEnt";"Tributável c/Alíquota por Unidade de Medida";"en-US";"";"Caption";"c:\projetos\AtlasWeb\CadProdutos.dfm"
"fCadProdutos.cCSTCOFINS_MonofasicaEnt";"Tributável Monofásica (Revenda a Alíq Zero)";"en-US";"";"Caption";"c:\projetos\AtlasWeb\CadProdutos.dfm"
"fCadProdutos.cCSTCOFINS_AliquotaZeroEnt";"Tributável a Alíquota Zero";"en-US";"";"Caption";"c:\projetos\AtlasWeb\CadProdutos.dfm"
"fCadProdutos.cCSTCOFINS_IsentaEnt";"Isenta da Contribuição";"en-US";"";"Caption";"c:\projetos\AtlasWeb\CadProdutos.dfm"
"fCadProdutos.cCSTCOFINS_SuspensaoEnt";"Suspensão da Contribuição";"en-US";"";"Caption";"c:\projetos\AtlasWeb\CadProdutos.dfm"
"fCadProdutos.cCSTCOFINS_SemIncidenciaEnt";"Sem Incidência da Contribuição";"en-US";"";"Caption";"c:\projetos\AtlasWeb\CadProdutos.dfm"
"fCadProdutos.cCSTCOFINS_OutrasEnt";"Outras Operações de Entrada";"en-US";"";"Caption";"c:\projetos\AtlasWeb\CadProdutos.dfm"
"fCadProdutos.GroupBox3";"Situação Tributária do PIS (Entrada)";"en-US";"";"Caption";"c:\projetos\AtlasWeb\CadProdutos.dfm"
"fCadProdutos.cCSTPIS_AliquotaUMEnt";"Tributável c/Alíquota por Unidade de Medida";"en-US";"";"Caption";"c:\projetos\AtlasWeb\CadProdutos.dfm"
"fCadProdutos.cCSTPIS_MonofasicaEnt";"Tributável Monofásica (Revenda a Alíq.Zero)";"en-US";"";"Caption";"c:\projetos\AtlasWeb\CadProdutos.dfm"
"fCadProdutos.cCSTPIS_AliquotaZeroEnt";"Tributável a Alíquota Zero";"en-US";"";"Caption";"c:\projetos\AtlasWeb\CadProdutos.dfm"
"fCadProdutos.cCSTPIS_IsentaEnt";"Isenta da Contribuição";"en-US";"";"Caption";"c:\projetos\AtlasWeb\CadProdutos.dfm"
"fCadProdutos.cCSTPIS_SuspensaoEnt";"Suspensão da Contribuição";"en-US";"";"Caption";"c:\projetos\AtlasWeb\CadProdutos.dfm"
"fCadProdutos.cCSTPIS_SemIncidenciaEnt";"Sem Incidência da Contribuição";"en-US";"";"Caption";"c:\projetos\AtlasWeb\CadProdutos.dfm"
"fCadProdutos.cCSTPIS_OutrasEnt";"Outras Operações de Entrada";"en-US";"";"Caption";"c:\projetos\AtlasWeb\CadProdutos.dfm"
"fCadProdutos.GroupBox4";"Situação Tributária da COFINS (Saída)";"en-US";"";"Caption";"c:\projetos\AtlasWeb\CadProdutos.dfm"
"fCadProdutos.cCSTCOFINS_AliquotaUM";"Tributável c/Alíquota por Unidade de Medida";"en-US";"";"Caption";"c:\projetos\AtlasWeb\CadProdutos.dfm"
"fCadProdutos.cCSTCOFINS_Monofasica";"Tributável Monofásica (Revenda a Alíq Zero)";"en-US";"";"Caption";"c:\projetos\AtlasWeb\CadProdutos.dfm"
"fCadProdutos.cCSTCOFINS_AliquotaZero";"Tributável a Alíquota Zero";"en-US";"";"Caption";"c:\projetos\AtlasWeb\CadProdutos.dfm"
"fCadProdutos.cCSTCOFINS_Isenta";"Isenta da Contribuição";"en-US";"";"Caption";"c:\projetos\AtlasWeb\CadProdutos.dfm"
"fCadProdutos.cCSTCOFINS_Suspensao";"Suspensão da Contribuição";"en-US";"";"Caption";"c:\projetos\AtlasWeb\CadProdutos.dfm"
"fCadProdutos.cCSTCOFINS_SemIncidencia";"Sem Incidência da Contribuição";"en-US";"";"Caption";"c:\projetos\AtlasWeb\CadProdutos.dfm"
"fCadProdutos.cCSTCOFINS_Outras";"Outras Operações";"en-US";"";"Caption";"c:\projetos\AtlasWeb\CadProdutos.dfm"
"fCadProdutos.TabDesc";"Comissão / Desconto";"en-US";"";"Caption";"c:\projetos\AtlasWeb\CadProdutos.dfm"
"fCadProdutos.UniPanel3";"DADOS GERAIS";"en-US";"";"Title";"c:\projetos\AtlasWeb\CadProdutos.dfm"
"fCadProdutos.GroupBox8";"Comissão e descontos pré fixados";"en-US";"";"Caption";"c:\projetos\AtlasWeb\CadProdutos.dfm"
"fCadProdutos.cDesconto_A";"Desconto";"en-US";"";"FieldLabel";"c:\projetos\AtlasWeb\CadProdutos.dfm"
"fCadProdutos.cDesconto_B";"Desconto";"en-US";"";"FieldLabel";"c:\projetos\AtlasWeb\CadProdutos.dfm"
"fCadProdutos.cDesconto_C";"Desconto";"en-US";"";"FieldLabel";"c:\projetos\AtlasWeb\CadProdutos.dfm"
"fCadProdutos.cDesconto_D";"Desconto";"en-US";"";"FieldLabel";"c:\projetos\AtlasWeb\CadProdutos.dfm"
"fCadProdutos.cDesconto_E";"Desconto";"en-US";"";"FieldLabel";"c:\projetos\AtlasWeb\CadProdutos.dfm"
"fCadProdutos.cComissao_A";"Comissão";"en-US";"";"FieldLabel";"c:\projetos\AtlasWeb\CadProdutos.dfm"
"fCadProdutos.cComissao_B";"Comissão";"en-US";"";"FieldLabel";"c:\projetos\AtlasWeb\CadProdutos.dfm"
"fCadProdutos.cComissao_C";"Comissão";"en-US";"";"FieldLabel";"c:\projetos\AtlasWeb\CadProdutos.dfm"
"fCadProdutos.cComissao_D";"Comissão";"en-US";"";"FieldLabel";"c:\projetos\AtlasWeb\CadProdutos.dfm"
"fCadProdutos.cComissao_E";"Comissão";"en-US";"";"FieldLabel";"c:\projetos\AtlasWeb\CadProdutos.dfm"
"fCadProdutos.cBloqueio_A";"Bloquear";"en-US";"";"Caption";"c:\projetos\AtlasWeb\CadProdutos.dfm"
"fCadProdutos.cBloqueio_B";"Bloquear";"en-US";"";"Caption";"c:\projetos\AtlasWeb\CadProdutos.dfm"
"fCadProdutos.cBloqueio_C";"Bloquear";"en-US";"";"Caption";"c:\projetos\AtlasWeb\CadProdutos.dfm"
"fCadProdutos.cBloqueio_D";"Bloquear";"en-US";"";"Caption";"c:\projetos\AtlasWeb\CadProdutos.dfm"
"fCadProdutos.cBloqueio_E";"Bloquear";"en-US";"";"Caption";"c:\projetos\AtlasWeb\CadProdutos.dfm"
"fCadProdutos.cValor_VendaA";"Valor Venda";"en-US";"";"FieldLabel";"c:\projetos\AtlasWeb\CadProdutos.dfm"
"fCadProdutos.cValor_VendaB";"Valor Venda";"en-US";"";"FieldLabel";"c:\projetos\AtlasWeb\CadProdutos.dfm"
"fCadProdutos.cValor_VendaC";"Valor Venda";"en-US";"";"FieldLabel";"c:\projetos\AtlasWeb\CadProdutos.dfm"
"fCadProdutos.cValor_VendaD";"Valor Venda";"en-US";"";"FieldLabel";"c:\projetos\AtlasWeb\CadProdutos.dfm"
"fCadProdutos.cValor_VendaE";"Valor Venda";"en-US";"";"FieldLabel";"c:\projetos\AtlasWeb\CadProdutos.dfm"
"fCadProdutos.UniLabel1";"Tabela - A";"en-US";"";"Caption";"c:\projetos\AtlasWeb\CadProdutos.dfm"
"fCadProdutos.UniLabel2";"Tabela - B";"en-US";"";"Caption";"c:\projetos\AtlasWeb\CadProdutos.dfm"
"fCadProdutos.UniLabel3";"Tabela - C";"en-US";"";"Caption";"c:\projetos\AtlasWeb\CadProdutos.dfm"
"fCadProdutos.UniLabel4";"Tabela - D";"en-US";"";"Caption";"c:\projetos\AtlasWeb\CadProdutos.dfm"
"fCadProdutos.UniLabel5";"Tabela - E";"en-US";"";"Caption";"c:\projetos\AtlasWeb\CadProdutos.dfm"
"fCadProdutos.GroupBox7";"Comissão por redução de desconto";"en-US";"";"Caption";"c:\projetos\AtlasWeb\CadProdutos.dfm"
"fCadProdutos.cComissao";"Comissão Venda ";"en-US";"";"FieldLabel";"c:\projetos\AtlasWeb\CadProdutos.dfm"
"fCadProdutos.cReducao_Comissao";"Perc.Redução Comissão";"en-US";"";"FieldLabel";"c:\projetos\AtlasWeb\CadProdutos.dfm"
"fCadProdutos.clTabela";"Tabela Comissões";"en-US";"";"FieldLabel";"c:\projetos\AtlasWeb\CadProdutos.dfm"
"fCadProdutosDetalhes.bAdicionar";"Adicionar novo registro.";"en-US";"";"Hint";"c:\projetos\AtlasWeb\CadProdutosDetalhes.dfm"
"fCadProdutosDetalhes.bEditar";"Editar registro corrente.";"en-US";"";"Hint";"c:\projetos\AtlasWeb\CadProdutosDetalhes.dfm"
"fCadProdutosDetalhes.bExcluir";"Excluir registro corrente.";"en-US";"";"Hint";"c:\projetos\AtlasWeb\CadProdutosDetalhes.dfm"
"fCadProdutosDetalhes.bCancelar";"Cancelar modificações feitas no registro corrente.";"en-US";"";"Hint";"c:\projetos\AtlasWeb\CadProdutosDetalhes.dfm"
"fCadProdutosDetalhes.bGravar";"Salva o registro corrente.";"en-US";"";"Hint";"c:\projetos\AtlasWeb\CadProdutosDetalhes.dfm"
"fCadProdutosDetalhes.bFechar";"Fecha a tela de cadastro atual.";"en-US";"";"Hint";"c:\projetos\AtlasWeb\CadProdutosDetalhes.dfm"
"fCadProdutosDetalhes.aLista";"Lista";"en-US";"";"Caption";"c:\projetos\AtlasWeb\CadProdutosDetalhes.dfm"
"fCadProdutosDetalhes.UniTabSheet1";"Dados Gerais";"en-US";"";"Caption";"c:\projetos\AtlasWeb\CadProdutosDetalhes.dfm"
"fCadProdutosDetalhes.pFicha";"DADOS GERAIS";"en-US";"";"Title";"c:\projetos\AtlasWeb\CadProdutosDetalhes.dfm"
"fCadProdutosDetalhes.cDetalhe";"Detalhe";"en-US";"";"FieldLabel";"c:\projetos\AtlasWeb\CadProdutosDetalhes.dfm"
"fCadProdutosDetalhes.cNota";"Nota Fiscal de Entrada";"en-US";"";"FieldLabel";"c:\projetos\AtlasWeb\CadProdutosDetalhes.dfm"
"fCadProdutosDetalhes.cQuantidade_Entrada";"Quantidade Entrada";"en-US";"";"FieldLabel";"c:\projetos\AtlasWeb\CadProdutosDetalhes.dfm"
"fCadProdutosDetalhes.cData_Entrada";"Data da Nota";"en-US";"";"FieldLabel";"c:\projetos\AtlasWeb\CadProdutosDetalhes.dfm"
"fCadProdutosDetalhes.cProduto";"Produto";"en-US";"";"FieldLabel";"c:\projetos\AtlasWeb\CadProdutosDetalhes.dfm"
"fCadProdutosDetalhes.cProcesso";"Processo";"en-US";"";"FieldLabel";"c:\projetos\AtlasWeb\CadProdutosDetalhes.dfm"
"fCadProdutosLinhas.bAdicionar";"Adicionar novo registro.";"en-US";"";"Hint";"c:\projetos\AtlasWeb\CadProdutosLinhas.dfm"
"fCadProdutosLinhas.bEditar";"Editar registro corrente.";"en-US";"";"Hint";"c:\projetos\AtlasWeb\CadProdutosLinhas.dfm"
"fCadProdutosLinhas.bExcluir";"Excluir registro corrente.";"en-US";"";"Hint";"c:\projetos\AtlasWeb\CadProdutosLinhas.dfm"
"fCadProdutosLinhas.bCancelar";"Cancelar modificações feitas no registro corrente.";"en-US";"";"Hint";"c:\projetos\AtlasWeb\CadProdutosLinhas.dfm"
"fCadProdutosLinhas.bGravar";"Salva o registro corrente.";"en-US";"";"Hint";"c:\projetos\AtlasWeb\CadProdutosLinhas.dfm"
"fCadProdutosLinhas.bFechar";"Fecha a tela de cadastro atual.";"en-US";"";"Hint";"c:\projetos\AtlasWeb\CadProdutosLinhas.dfm"
"fCadProdutosLinhas.bRelacionar";"Cancelar modificações feitas no registro corrente.";"en-US";"";"Hint";"c:\projetos\AtlasWeb\CadProdutosLinhas.dfm"
"fCadProdutosLinhas.bRelacionar";"Relacionar NCM";"en-US";"";"Caption";"c:\projetos\AtlasWeb\CadProdutosLinhas.dfm"
"fCadProdutosLinhas.aLista";"Lista";"en-US";"";"Caption";"c:\projetos\AtlasWeb\CadProdutosLinhas.dfm"
"fCadProdutosLinhas.UniTabSheet1";"Dados Gerais";"en-US";"";"Caption";"c:\projetos\AtlasWeb\CadProdutosLinhas.dfm"
"fCadProdutosLinhas.pFicha";"DADOS GERAIS";"en-US";"";"Title";"c:\projetos\AtlasWeb\CadProdutosLinhas.dfm"
"fCadProdutosLinhas.cCodigo";"Código";"en-US";"";"FieldLabel";"c:\projetos\AtlasWeb\CadProdutosLinhas.dfm"
"fCadProdutosLinhas.cDescricao";"Descrição";"en-US";"";"FieldLabel";"c:\projetos\AtlasWeb\CadProdutosLinhas.dfm"
"fCadProdutosLotes.bAdicionar";"Adicionar novo registro.";"en-US";"";"Hint";"c:\projetos\AtlasWeb\CadProdutosLotes.dfm"
"fCadProdutosLotes.bEditar";"Editar registro corrente.";"en-US";"";"Hint";"c:\projetos\AtlasWeb\CadProdutosLotes.dfm"
"fCadProdutosLotes.bExcluir";"Excluir registro corrente.";"en-US";"";"Hint";"c:\projetos\AtlasWeb\CadProdutosLotes.dfm"
"fCadProdutosLotes.bCancelar";"Cancelar modificações feitas no registro corrente.";"en-US";"";"Hint";"c:\projetos\AtlasWeb\CadProdutosLotes.dfm"
"fCadProdutosLotes.bGravar";"Salva o registro corrente.";"en-US";"";"Hint";"c:\projetos\AtlasWeb\CadProdutosLotes.dfm"
"fCadProdutosLotes.bFechar";"Fecha a tela de cadastro atual.";"en-US";"";"Hint";"c:\projetos\AtlasWeb\CadProdutosLotes.dfm"
"fCadProdutosLotes.aLista";"Lista";"en-US";"";"Caption";"c:\projetos\AtlasWeb\CadProdutosLotes.dfm"
"fCadProdutosLotes.UniTabSheet1";"Dados Gerais";"en-US";"";"Caption";"c:\projetos\AtlasWeb\CadProdutosLotes.dfm"
"fCadProdutosLotes.pFicha";"DADOS GERAIS";"en-US";"";"Title";"c:\projetos\AtlasWeb\CadProdutosLotes.dfm"
"fCadProdutosLotes.cQuantidade_Entrada";"Quantidade Entrada";"en-US";"";"FieldLabel";"c:\projetos\AtlasWeb\CadProdutosLotes.dfm"
"fCadProdutosLotes.cData_Fabricacao";"Data da Fabricação";"en-US";"";"FieldLabel";"c:\projetos\AtlasWeb\CadProdutosLotes.dfm"
"fCadProdutosLotes.cProduto";"Produto";"en-US";"";"FieldLabel";"c:\projetos\AtlasWeb\CadProdutosLotes.dfm"
"fCadProdutosLotes.cDescricao";"Descrição do Lote";"en-US";"";"FieldLabel";"c:\projetos\AtlasWeb\CadProdutosLotes.dfm"
"fCadProdutosLotes.cData_Validade";"Data de Validade";"en-US";"";"FieldLabel";"c:\projetos\AtlasWeb\CadProdutosLotes.dfm"
"fCadProdutosLotes.cLote";"Nº do Lote";"en-US";"";"FieldLabel";"c:\projetos\AtlasWeb\CadProdutosLotes.dfm"
"fCadProdutosMateriaPrima.bAdicionar";"Adicionar novo registro.";"en-US";"";"Hint";"c:\projetos\AtlasWeb\CadProdutosMateriaPrima.dfm"
"fCadProdutosMateriaPrima.bEditar";"Editar registro corrente.";"en-US";"";"Hint";"c:\projetos\AtlasWeb\CadProdutosMateriaPrima.dfm"
"fCadProdutosMateriaPrima.bExcluir";"Excluir registro corrente.";"en-US";"";"Hint";"c:\projetos\AtlasWeb\CadProdutosMateriaPrima.dfm"
"fCadProdutosMateriaPrima.bCancelar";"Cancelar modificações feitas no registro corrente.";"en-US";"";"Hint";"c:\projetos\AtlasWeb\CadProdutosMateriaPrima.dfm"
"fCadProdutosMateriaPrima.bGravar";"Salva o registro corrente.";"en-US";"";"Hint";"c:\projetos\AtlasWeb\CadProdutosMateriaPrima.dfm"
"fCadProdutosMateriaPrima.bFechar";"Fecha a tela de cadastro atual.";"en-US";"";"Hint";"c:\projetos\AtlasWeb\CadProdutosMateriaPrima.dfm"
"fCadProdutosMateriaPrima.aLista";"Lista";"en-US";"";"Caption";"c:\projetos\AtlasWeb\CadProdutosMateriaPrima.dfm"
"fCadProdutosMateriaPrima.UniTabSheet1";"Dados Gerais";"en-US";"";"Caption";"c:\projetos\AtlasWeb\CadProdutosMateriaPrima.dfm"
"fCadProdutosMateriaPrima.pFicha";"DADOS GERAIS";"en-US";"";"Title";"c:\projetos\AtlasWeb\CadProdutosMateriaPrima.dfm"
"fCadProdutosMateriaPrima.cCodigo_MateriaPrima";"Matéria Prima";"en-US";"";"FieldLabel";"c:\projetos\AtlasWeb\CadProdutosMateriaPrima.dfm"
"fCadProdutosMateriaPrima.cConversao_M2M3";"Converter de Metro Cúbico (M2) para Metro Quadrado (M3).";"en-US";"";"Caption";"c:\projetos\AtlasWeb\CadProdutosMateriaPrima.dfm"
"fCadProdutosMateriaPrima.cQuantidade_Utilizada";"Quantidade Utilizada";"en-US";"";"FieldLabel";"c:\projetos\AtlasWeb\CadProdutosMateriaPrima.dfm"
"fCadProdutosMateriaPrima.cCodigo_Produto";"Produto";"en-US";"";"FieldLabel";"c:\projetos\AtlasWeb\CadProdutosMateriaPrima.dfm"
"fCadRamoAtividade.aLista";"Lista";"en-US";"";"Caption";"c:\projetos\AtlasWeb\CadRamoAtividade.dfm"
"fCadRamoAtividade.UniTabSheet1";"Dados Gerais";"en-US";"";"Caption";"c:\projetos\AtlasWeb\CadRamoAtividade.dfm"
"fCadRamoAtividade.pFicha1";"DADOS GERAIS";"en-US";"";"Title";"c:\projetos\AtlasWeb\CadRamoAtividade.dfm"
"fCadRamoAtividade.cCodigo";"Código";"en-US";"";"FieldLabel";"c:\projetos\AtlasWeb\CadRamoAtividade.dfm"
"fCadRamoAtividade.cDescricao";"Descrição";"en-US";"";"FieldLabel";"c:\projetos\AtlasWeb\CadRamoAtividade.dfm"
"fCadRamoAtividade.cComissionado";"Comissionado";"en-US";"";"Caption";"c:\projetos\AtlasWeb\CadRamoAtividade.dfm"
"fCadRamoAtividade.bAdicionar";"Adicionar novo registro.";"en-US";"";"Hint";"c:\projetos\AtlasWeb\CadRamoAtividade.dfm"
"fCadRamoAtividade.bEditar";"Editar registro corrente.";"en-US";"";"Hint";"c:\projetos\AtlasWeb\CadRamoAtividade.dfm"
"fCadRamoAtividade.bExcluir";"Excluir registro corrente.";"en-US";"";"Hint";"c:\projetos\AtlasWeb\CadRamoAtividade.dfm"
"fCadRamoAtividade.bCancelar";"Cancelar modificações feitas no registro corrente.";"en-US";"";"Hint";"c:\projetos\AtlasWeb\CadRamoAtividade.dfm"
"fCadRamoAtividade.bSalvar";"Salva o registro corrente.";"en-US";"";"Hint";"c:\projetos\AtlasWeb\CadRamoAtividade.dfm"
"fCadRamoAtividade.bFechar";"Fecha a tela de cadastro atual.";"en-US";"";"Hint";"c:\projetos\AtlasWeb\CadRamoAtividade.dfm"
"fCadRecursos.bAdicionar";"Adicionar novo registro.";"en-US";"";"Hint";"c:\projetos\AtlasWeb\CadRecursos.dfm"
"fCadRecursos.bEditar";"Editar registro corrente.";"en-US";"";"Hint";"c:\projetos\AtlasWeb\CadRecursos.dfm"
"fCadRecursos.bExcluir";"Excluir registro corrente.";"en-US";"";"Hint";"c:\projetos\AtlasWeb\CadRecursos.dfm"
"fCadRecursos.bCancelar";"Cancelar modificações feitas no registro corrente.";"en-US";"";"Hint";"c:\projetos\AtlasWeb\CadRecursos.dfm"
"fCadRecursos.bGravar";"Salva o registro corrente.";"en-US";"";"Hint";"c:\projetos\AtlasWeb\CadRecursos.dfm"
"fCadRecursos.bFechar";"Fecha a tela de cadastro atual.";"en-US";"";"Hint";"c:\projetos\AtlasWeb\CadRecursos.dfm"
"fCadRecursos.aLista";"Lista";"en-US";"";"Caption";"c:\projetos\AtlasWeb\CadRecursos.dfm"
"fCadRecursos.UniTabSheet1";"Dados Gerais";"en-US";"";"Caption";"c:\projetos\AtlasWeb\CadRecursos.dfm"
"fCadRecursos.pFicha";"DADOS GERAIS";"en-US";"";"Title";"c:\projetos\AtlasWeb\CadRecursos.dfm"
"fCadRecursos.cCodigo";"Código";"en-US";"";"FieldLabel";"c:\projetos\AtlasWeb\CadRecursos.dfm"
"fCadRecursos.cDescricao";"Descrição";"en-US";"";"FieldLabel";"c:\projetos\AtlasWeb\CadRecursos.dfm"
"fCadSeriais.bAdicionar";"Adicionar novo registro.";"en-US";"";"Hint";"c:\projetos\AtlasWeb\CadSeriais.dfm"
"fCadSeriais.bEditar";"Editar registro corrente.";"en-US";"";"Hint";"c:\projetos\AtlasWeb\CadSeriais.dfm"
"fCadSeriais.bExcluir";"Excluir registro corrente.";"en-US";"";"Hint";"c:\projetos\AtlasWeb\CadSeriais.dfm"
"fCadSeriais.bCancelar";"Cancelar modificações feitas no registro corrente.";"en-US";"";"Hint";"c:\projetos\AtlasWeb\CadSeriais.dfm"
"fCadSeriais.bGravar";"Salva o registro corrente.";"en-US";"";"Hint";"c:\projetos\AtlasWeb\CadSeriais.dfm"
"fCadSeriais.bFechar";"Fecha a tela de cadastro atual.";"en-US";"";"Hint";"c:\projetos\AtlasWeb\CadSeriais.dfm"
"fCadSeriais.aLista";"Lista";"en-US";"";"Caption";"c:\projetos\AtlasWeb\CadSeriais.dfm"
"fCadSeriais.UniTabSheet1";"Dados Gerais";"en-US";"";"Caption";"c:\projetos\AtlasWeb\CadSeriais.dfm"
"fCadSeriais.pFicha";"DADOS GERAIS";"en-US";"";"Title";"c:\projetos\AtlasWeb\CadSeriais.dfm"
"fCadSeriais.cNumero";"Número";"en-US";"";"FieldLabel";"c:\projetos\AtlasWeb\CadSeriais.dfm"
"fCadSeriais.UniDBLookupComboBox2";"Cor";"en-US";"";"FieldLabel";"c:\projetos\AtlasWeb\CadSeriais.dfm"
"fCadSeriais.UniDBComboBox1";"Tipo";"en-US";"";"FieldLabel";"c:\projetos\AtlasWeb\CadSeriais.dfm"
"fCadSeriais.cProcesso";"Processo";"en-US";"";"FieldLabel";"c:\projetos\AtlasWeb\CadSeriais.dfm"
"fCadSeriais.UniDBEdit3";"Modelo - Ano";"en-US";"";"FieldLabel";"c:\projetos\AtlasWeb\CadSeriais.dfm"
"fCadSeriais.UniDBEdit4";"Fabricação - Ano";"en-US";"";"FieldLabel";"c:\projetos\AtlasWeb\CadSeriais.dfm"
"fCadSeriais.cProduto";"Produto";"en-US";"";"FieldLabel";"c:\projetos\AtlasWeb\CadSeriais.dfm"
"fCadSeriais.UniDBLookupComboBox5";"Cor DENATRAN";"en-US";"";"FieldLabel";"c:\projetos\AtlasWeb\CadSeriais.dfm"
"fCadSeriais.UniTabSheet2";"Notas Fiscais";"en-US";"";"Caption";"c:\projetos\AtlasWeb\CadSeriais.dfm"
"fCadSeriais.cData";"Data da Nota";"en-US";"";"FieldLabel";"c:\projetos\AtlasWeb\CadSeriais.dfm"
"fCadSeriais.UniDBRadioGroup1";"Tipo de Nota";"en-US";"";"Caption";"c:\projetos\AtlasWeb\CadSeriais.dfm"
"fCadSeriais.UniDBRadioGroup2";"Emissor";"en-US";"";"Caption";"c:\projetos\AtlasWeb\CadSeriais.dfm"
"fCadSeriais.cNota";"Nota Fiscal";"en-US";"";"FieldLabel";"c:\projetos\AtlasWeb\CadSeriais.dfm"
"fCadSeriais.cChave";"Chave NF-e";"en-US";"";"FieldLabel";"c:\projetos\AtlasWeb\CadSeriais.dfm"
"fCadSeriais.bAddNF";"Adicionar novo registro.";"en-US";"";"Hint";"c:\projetos\AtlasWeb\CadSeriais.dfm"
"fCadSeriais.bAltNF";"Editar registro corrente.";"en-US";"";"Hint";"c:\projetos\AtlasWeb\CadSeriais.dfm"
"fCadSeriais.bExcNF";"Excluir registro corrente.";"en-US";"";"Hint";"c:\projetos\AtlasWeb\CadSeriais.dfm"
"fCadSeriais.bSalvarNF";"Salva o registro corrente.";"en-US";"";"Hint";"c:\projetos\AtlasWeb\CadSeriais.dfm"
"fCadSeriais.bCancNF";"Cancelar modificações feitas no registro corrente.";"en-US";"";"Hint";"c:\projetos\AtlasWeb\CadSeriais.dfm"
"fCadServicos.aLista";"Lista";"en-US";"";"Caption";"c:\projetos\AtlasWeb\CadServicos.dfm"
"fCadServicos.UniTabSheet1";"Dados Gerais";"en-US";"";"Caption";"c:\projetos\AtlasWeb\CadServicos.dfm"
"fCadServicos.pFicha1";"DADOS GERAIS";"en-US";"";"Title";"c:\projetos\AtlasWeb\CadServicos.dfm"
"fCadServicos.cCodigo";"Código";"en-US";"";"FieldLabel";"c:\projetos\AtlasWeb\CadServicos.dfm"
"fCadServicos.cAtivo";"Desativado";"en-US";"";"Caption";"c:\projetos\AtlasWeb\CadServicos.dfm"
"fCadServicos.cDescricao";"Descrição";"en-US";"";"FieldLabel";"c:\projetos\AtlasWeb\CadServicos.dfm"
"fCadServicos.cIndustria";"Industria";"en-US";"";"Caption";"c:\projetos\AtlasWeb\CadServicos.dfm"
"fCadServicos.cPIS_Recuperar";"PIS a Recuperar";"en-US";"";"FieldLabel";"c:\projetos\AtlasWeb\CadServicos.dfm"
"fCadServicos.cPIS_Recolher";"PIS a Recolher";"en-US";"";"FieldLabel";"c:\projetos\AtlasWeb\CadServicos.dfm"
"fCadServicos.cCOFINS_Recuperar";"COFINS a Recuperar";"en-US";"";"FieldLabel";"c:\projetos\AtlasWeb\CadServicos.dfm"
"fCadServicos.cCOFINS_Recolher";"COFINS a Recolher";"en-US";"";"FieldLabel";"c:\projetos\AtlasWeb\CadServicos.dfm"
"fCadServicos.cCSLL_Recuperar";"CSLL a Recuperar";"en-US";"";"FieldLabel";"c:\projetos\AtlasWeb\CadServicos.dfm"
"fCadServicos.cCSLL_Recolher";"CSLL a Recolher";"en-US";"";"FieldLabel";"c:\projetos\AtlasWeb\CadServicos.dfm"
"fCadServicos.cIR_Recuperar";"IR a Recuperar";"en-US";"";"FieldLabel";"c:\projetos\AtlasWeb\CadServicos.dfm"
"fCadServicos.cIR_Recolher";"IR a Recolher";"en-US";"";"FieldLabel";"c:\projetos\AtlasWeb\CadServicos.dfm"
"fCadServicos.cINSS_Recuperar";"INSS a Recuperar";"en-US";"";"FieldLabel";"c:\projetos\AtlasWeb\CadServicos.dfm"
"fCadServicos.cINSS_Recolher";"INSS a Recolher";"en-US";"";"FieldLabel";"c:\projetos\AtlasWeb\CadServicos.dfm"
"fCadServicos.UniDBEdit1";"PIS não cumulativo";"en-US";"";"FieldLabel";"c:\projetos\AtlasWeb\CadServicos.dfm"
"fCadServicos.UniDBEdit2";"COFINS não cumulativo";"en-US";"";"FieldLabel";"c:\projetos\AtlasWeb\CadServicos.dfm"
"fCadServicos.UniDBEdit3";"Limite do PIS";"en-US";"";"FieldLabel";"c:\projetos\AtlasWeb\CadServicos.dfm"
"fCadServicos.UniDBEdit4";"Limite da COFINS";"en-US";"";"FieldLabel";"c:\projetos\AtlasWeb\CadServicos.dfm"
"fCadServicos.UniDBEdit5";"Limite do IR";"en-US";"";"FieldLabel";"c:\projetos\AtlasWeb\CadServicos.dfm"
"fCadServicos.UniDBEdit6";"Limite da CSLL";"en-US";"";"FieldLabel";"c:\projetos\AtlasWeb\CadServicos.dfm"
"fCadServicos.UniDBEdit7";"Limite do INSS";"en-US";"";"FieldLabel";"c:\projetos\AtlasWeb\CadServicos.dfm"
"fCadServicos.clCSTCOFINS_Entrada";"CST PIS (Saída)";"en-US";"";"FieldLabel";"c:\projetos\AtlasWeb\CadServicos.dfm"
"fCadServicos.cCSTPIS_Entrada";"CST PIS (Entrada)";"en-US";"";"FieldLabel";"c:\projetos\AtlasWeb\CadServicos.dfm"
"fCadServicos.cCSTCOFINS_Entrada";"CST COFINS (Entrada)";"en-US";"";"FieldLabel";"c:\projetos\AtlasWeb\CadServicos.dfm"
"fCadServicos.cCSTCOFINS_Saida";"CST COFINS (Saída)";"en-US";"";"FieldLabel";"c:\projetos\AtlasWeb\CadServicos.dfm"
"fCadServicos.bAdicionar";"Adicionar novo registro.";"en-US";"";"Hint";"c:\projetos\AtlasWeb\CadServicos.dfm"
"fCadServicos.bEditar";"Editar registro corrente.";"en-US";"";"Hint";"c:\projetos\AtlasWeb\CadServicos.dfm"
"fCadServicos.bExcluir";"Excluir registro corrente.";"en-US";"";"Hint";"c:\projetos\AtlasWeb\CadServicos.dfm"
"fCadServicos.bCancelar";"Cancelar modificações feitas no registro corrente.";"en-US";"";"Hint";"c:\projetos\AtlasWeb\CadServicos.dfm"
"fCadServicos.bSalvar";"Salva o registro corrente.";"en-US";"";"Hint";"c:\projetos\AtlasWeb\CadServicos.dfm"
"fCadServicos.bFechar";"Fecha a tela de cadastro atual.";"en-US";"";"Hint";"c:\projetos\AtlasWeb\CadServicos.dfm"
"fCadTabelaComissoes.bAdicionar";"Adicionar novo registro.";"en-US";"";"Hint";"c:\projetos\AtlasWeb\CadTabelaComissoes.dfm"
"fCadTabelaComissoes.bEditar";"Editar registro corrente.";"en-US";"";"Hint";"c:\projetos\AtlasWeb\CadTabelaComissoes.dfm"
"fCadTabelaComissoes.bExcluir";"Excluir registro corrente.";"en-US";"";"Hint";"c:\projetos\AtlasWeb\CadTabelaComissoes.dfm"
"fCadTabelaComissoes.bCancelar";"Cancelar modificações feitas no registro corrente.";"en-US";"";"Hint";"c:\projetos\AtlasWeb\CadTabelaComissoes.dfm"
"fCadTabelaComissoes.bGravar";"Salva o registro corrente.";"en-US";"";"Hint";"c:\projetos\AtlasWeb\CadTabelaComissoes.dfm"
"fCadTabelaComissoes.bFechar";"Fecha a tela de cadastro atual.";"en-US";"";"Hint";"c:\projetos\AtlasWeb\CadTabelaComissoes.dfm"
"fCadTabelaComissoes.aLista";"Lista";"en-US";"";"Caption";"c:\projetos\AtlasWeb\CadTabelaComissoes.dfm"
"fCadTabelaComissoes.UniTabSheet1";"Dados Gerais";"en-US";"";"Caption";"c:\projetos\AtlasWeb\CadTabelaComissoes.dfm"
"fCadTabelaComissoes.pFicha";"DADOS GERAIS";"en-US";"";"Title";"c:\projetos\AtlasWeb\CadTabelaComissoes.dfm"
"fCadTabelaComissoes.cDesconto";"Desconto";"en-US";"";"FieldLabel";"c:\projetos\AtlasWeb\CadTabelaComissoes.dfm"
"fCadTabelaComissoes.cComissao";"Comissão";"en-US";"";"FieldLabel";"c:\projetos\AtlasWeb\CadTabelaComissoes.dfm"
"fCadTabelaComissoes.cDescricao";"Descrição";"en-US";"";"FieldLabel";"c:\projetos\AtlasWeb\CadTabelaComissoes.dfm"
"fCadTabelaComissoes.cCodigo";"Código";"en-US";"";"FieldLabel";"c:\projetos\AtlasWeb\CadTabelaComissoes.dfm"
"fCadTabelaPISCOFINS.bAdicionar";"Adicionar novo registro.";"en-US";"";"Hint";"c:\projetos\AtlasWeb\CadTabelaPISCOFINS.dfm"
"fCadTabelaPISCOFINS.bEditar";"Editar registro corrente.";"en-US";"";"Hint";"c:\projetos\AtlasWeb\CadTabelaPISCOFINS.dfm"
"fCadTabelaPISCOFINS.bExcluir";"Excluir registro corrente.";"en-US";"";"Hint";"c:\projetos\AtlasWeb\CadTabelaPISCOFINS.dfm"
"fCadTabelaPISCOFINS.bCancelar";"Cancelar modificações feitas no registro corrente.";"en-US";"";"Hint";"c:\projetos\AtlasWeb\CadTabelaPISCOFINS.dfm"
"fCadTabelaPISCOFINS.bGravar";"Salva o registro corrente.";"en-US";"";"Hint";"c:\projetos\AtlasWeb\CadTabelaPISCOFINS.dfm"
"fCadTabelaPISCOFINS.bFechar";"Fecha a tela de cadastro atual.";"en-US";"";"Hint";"c:\projetos\AtlasWeb\CadTabelaPISCOFINS.dfm"
"fCadTabelaPISCOFINS.aLista";"Lista";"en-US";"";"Caption";"c:\projetos\AtlasWeb\CadTabelaPISCOFINS.dfm"
"fCadTabelaPISCOFINS.UniTabSheet1";"Dados Gerais";"en-US";"";"Caption";"c:\projetos\AtlasWeb\CadTabelaPISCOFINS.dfm"
"fCadTabelaPISCOFINS.pFicha";"DADOS GERAIS";"en-US";"";"Title";"c:\projetos\AtlasWeb\CadTabelaPISCOFINS.dfm"
"fCadTabelaPISCOFINS.cEntrada";"Entrada";"en-US";"";"FieldLabel";"c:\projetos\AtlasWeb\CadTabelaPISCOFINS.dfm"
"fCadTabelaPISCOFINS.cRegime_Apuracao";"Regime de Apuração";"en-US";"";"Caption";"c:\projetos\AtlasWeb\CadTabelaPISCOFINS.dfm"
"fCadTabelaPISCOFINS.cSaida";"Saída";"en-US";"";"FieldLabel";"c:\projetos\AtlasWeb\CadTabelaPISCOFINS.dfm"
"fCadTabelaPISCOFINS.cMajorada";"Alíquota na DI";"en-US";"";"FieldLabel";"c:\projetos\AtlasWeb\CadTabelaPISCOFINS.dfm"
"fCadTabelaPISCOFINS.cImposto";"Imposto";"en-US";"";"FieldLabel";"c:\projetos\AtlasWeb\CadTabelaPISCOFINS.dfm"
"fCadTabelaPISCOFINS.cTipo";"Tipo de Alíquota";"en-US";"";"Caption";"c:\projetos\AtlasWeb\CadTabelaPISCOFINS.dfm"
"fCadTabelaPISCOFINS.cData_Inicio";"Data Inicio";"en-US";"";"FieldLabel";"c:\projetos\AtlasWeb\CadTabelaPISCOFINS.dfm"
"fCadTabelaPISCOFINS.clModalidade";"Modalidade Importação";"en-US";"";"FieldLabel";"c:\projetos\AtlasWeb\CadTabelaPISCOFINS.dfm"
"fCadTabelaPISCOFINS.cData_Final";"Data Final";"en-US";"";"FieldLabel";"c:\projetos\AtlasWeb\CadTabelaPISCOFINS.dfm"
"fCadTabelaPISCOFINS.cEmpresa";"Empresa";"en-US";"";"FieldLabel";"c:\projetos\AtlasWeb\CadTabelaPISCOFINS.dfm"
"fCadTipoProduto.bAdicionar";"Adicionar novo registro.";"en-US";"";"Hint";"c:\projetos\AtlasWeb\CadTipoProduto.dfm"
"fCadTipoProduto.bEditar";"Editar registro corrente.";"en-US";"";"Hint";"c:\projetos\AtlasWeb\CadTipoProduto.dfm"
"fCadTipoProduto.bExcluir";"Excluir registro corrente.";"en-US";"";"Hint";"c:\projetos\AtlasWeb\CadTipoProduto.dfm"
"fCadTipoProduto.bCancelar";"Cancelar modificações feitas no registro corrente.";"en-US";"";"Hint";"c:\projetos\AtlasWeb\CadTipoProduto.dfm"
"fCadTipoProduto.bGravar";"Salva o registro corrente.";"en-US";"";"Hint";"c:\projetos\AtlasWeb\CadTipoProduto.dfm"
"fCadTipoProduto.bFechar";"Fecha a tela de cadastro atual.";"en-US";"";"Hint";"c:\projetos\AtlasWeb\CadTipoProduto.dfm"
"fCadTipoProduto.aLista";"Lista";"en-US";"";"Caption";"c:\projetos\AtlasWeb\CadTipoProduto.dfm"
"fCadTipoProduto.UniTabSheet1";"Dados Gerais";"en-US";"";"Caption";"c:\projetos\AtlasWeb\CadTipoProduto.dfm"
"fCadTipoProduto.pFicha";"DADOS GERAIS";"en-US";"";"Title";"c:\projetos\AtlasWeb\CadTipoProduto.dfm"
"fCadTipoProduto.cCodigo";"Código";"en-US";"";"FieldLabel";"c:\projetos\AtlasWeb\CadTipoProduto.dfm"
"fCadTipoProduto.cDescricao";"Descrição";"en-US";"";"FieldLabel";"c:\projetos\AtlasWeb\CadTipoProduto.dfm"
"fCadTiposDocumentos.aLista";"Lista";"en-US";"";"Caption";"c:\projetos\AtlasWeb\CadTiposDocumentos.dfm"
"fCadTiposDocumentos.UniTabSheet1";"Dados Gerais";"en-US";"";"Caption";"c:\projetos\AtlasWeb\CadTiposDocumentos.dfm"
"fCadTiposDocumentos.pFicha1";"DADOS GERAIS";"en-US";"";"Title";"c:\projetos\AtlasWeb\CadTiposDocumentos.dfm"
"fCadTiposDocumentos.cCodigo";"Código";"en-US";"";"FieldLabel";"c:\projetos\AtlasWeb\CadTiposDocumentos.dfm"
"fCadTiposDocumentos.cNome";"Nome";"en-US";"";"FieldLabel";"c:\projetos\AtlasWeb\CadTiposDocumentos.dfm"
"fCadTiposDocumentos.cSINTEGRA";"SINTEGRA";"en-US";"";"Caption";"c:\projetos\AtlasWeb\CadTiposDocumentos.dfm"
"fCadTiposDocumentos.cTributo";"Tributo";"en-US";"";"Caption";"c:\projetos\AtlasWeb\CadTiposDocumentos.dfm"
"fCadTiposDocumentos.cDesativada";"Desativada";"en-US";"";"Caption";"c:\projetos\AtlasWeb\CadTiposDocumentos.dfm"
"fCadTiposDocumentos.bAdicionar";"Adicionar novo registro.";"en-US";"";"Hint";"c:\projetos\AtlasWeb\CadTiposDocumentos.dfm"
"fCadTiposDocumentos.bEditar";"Editar registro corrente.";"en-US";"";"Hint";"c:\projetos\AtlasWeb\CadTiposDocumentos.dfm"
"fCadTiposDocumentos.bExcluir";"Excluir registro corrente.";"en-US";"";"Hint";"c:\projetos\AtlasWeb\CadTiposDocumentos.dfm"
"fCadTiposDocumentos.bCancelar";"Cancelar modificações feitas no registro corrente.";"en-US";"";"Hint";"c:\projetos\AtlasWeb\CadTiposDocumentos.dfm"
"fCadTiposDocumentos.bSalvar";"Salva o registro corrente.";"en-US";"";"Hint";"c:\projetos\AtlasWeb\CadTiposDocumentos.dfm"
"fCadTiposDocumentos.bFechar";"Fecha a tela de cadastro atual.";"en-US";"";"Hint";"c:\projetos\AtlasWeb\CadTiposDocumentos.dfm"
"fCadTributos.aLista";"Lista";"en-US";"";"Caption";"c:\projetos\AtlasWeb\CadTributos.dfm"
"fCadTributos.UniTabSheet1";"Dados Gerais";"en-US";"";"Caption";"c:\projetos\AtlasWeb\CadTributos.dfm"
"fCadTributos.pFicha1";"DADOS GERAIS";"en-US";"";"Title";"c:\projetos\AtlasWeb\CadTributos.dfm"
"fCadTributos.cCodigo";"Código";"en-US";"";"FieldLabel";"c:\projetos\AtlasWeb\CadTributos.dfm"
"fCadTributos.cCodigo_SRF";"Código Orgão";"en-US";"";"FieldLabel";"c:\projetos\AtlasWeb\CadTributos.dfm"
"fCadTributos.cDescricao";"Descrição";"en-US";"";"FieldLabel";"c:\projetos\AtlasWeb\CadTributos.dfm"
"fCadTributos.cValor";"Alíquota";"en-US";"";"FieldLabel";"c:\projetos\AtlasWeb\CadTributos.dfm"
"fCadTributos.cDia_Vencimento";"Vencimento (Dia)";"en-US";"";"FieldLabel";"c:\projetos\AtlasWeb\CadTributos.dfm"
"fCadTributos.UniGroupBox1";"Parâmetrização Contabil";"en-US";"";"Caption";"c:\projetos\AtlasWeb\CadTributos.dfm"
"fCadTributos.cConta_D";"Conta (Débito)";"en-US";"";"FieldLabel";"c:\projetos\AtlasWeb\CadTributos.dfm"
"fCadTributos.cConta_C";"Conta (Crédito";"en-US";"";"FieldLabel";"c:\projetos\AtlasWeb\CadTributos.dfm"
"fCadTributos.cHistorico";"Histórico";"en-US";"";"FieldLabel";"c:\projetos\AtlasWeb\CadTributos.dfm"
"fCadTributos.UniGroupBox4";"Parâmetrização Financeira";"en-US";"";"Caption";"c:\projetos\AtlasWeb\CadTributos.dfm"
"fCadTributos.cOrgao";"Orgão";"en-US";"";"FieldLabel";"c:\projetos\AtlasWeb\CadTributos.dfm"
"fCadTributos.cClassificacao_Financeira";"Plano Financeiro";"en-US";"";"FieldLabel";"c:\projetos\AtlasWeb\CadTributos.dfm"
"fCadTributos.cDocumento";"Documento";"en-US";"";"FieldLabel";"c:\projetos\AtlasWeb\CadTributos.dfm"
"fCadTributos.bAdicionar";"Adicionar novo registro.";"en-US";"";"Hint";"c:\projetos\AtlasWeb\CadTributos.dfm"
"fCadTributos.bEditar";"Editar registro corrente.";"en-US";"";"Hint";"c:\projetos\AtlasWeb\CadTributos.dfm"
"fCadTributos.bExcluir";"Excluir registro corrente.";"en-US";"";"Hint";"c:\projetos\AtlasWeb\CadTributos.dfm"
"fCadTributos.bCancelar";"Cancelar modificações feitas no registro corrente.";"en-US";"";"Hint";"c:\projetos\AtlasWeb\CadTributos.dfm"
"fCadTributos.bSalvar";"Salva o registro corrente.";"en-US";"";"Hint";"c:\projetos\AtlasWeb\CadTributos.dfm"
"fCadTributos.bFechar";"Fecha a tela de cadastro atual.";"en-US";"";"Hint";"c:\projetos\AtlasWeb\CadTributos.dfm"
"fCadUnidadeMedida.bAdicionar";"Adicionar novo registro.";"en-US";"";"Hint";"c:\projetos\AtlasWeb\CadUnidadeMedida.dfm"
"fCadUnidadeMedida.bEditar";"Editar registro corrente.";"en-US";"";"Hint";"c:\projetos\AtlasWeb\CadUnidadeMedida.dfm"
"fCadUnidadeMedida.bExcluir";"Excluir registro corrente.";"en-US";"";"Hint";"c:\projetos\AtlasWeb\CadUnidadeMedida.dfm"
"fCadUnidadeMedida.bCancelar";"Cancelar modificações feitas no registro corrente.";"en-US";"";"Hint";"c:\projetos\AtlasWeb\CadUnidadeMedida.dfm"
"fCadUnidadeMedida.bGravar";"Salva o registro corrente.";"en-US";"";"Hint";"c:\projetos\AtlasWeb\CadUnidadeMedida.dfm"
"fCadUnidadeMedida.bFechar";"Fecha a tela de cadastro atual.";"en-US";"";"Hint";"c:\projetos\AtlasWeb\CadUnidadeMedida.dfm"
"fCadUnidadeMedida.aLista";"Lista";"en-US";"";"Caption";"c:\projetos\AtlasWeb\CadUnidadeMedida.dfm"
"fCadUnidadeMedida.UniTabSheet1";"Dados Gerais";"en-US";"";"Caption";"c:\projetos\AtlasWeb\CadUnidadeMedida.dfm"
"fCadUnidadeMedida.pFicha";"DADOS GERAIS";"en-US";"";"Title";"c:\projetos\AtlasWeb\CadUnidadeMedida.dfm"
"fCadUnidadeMedida.cCodigo";"Código";"en-US";"";"FieldLabel";"c:\projetos\AtlasWeb\CadUnidadeMedida.dfm"
"fCadUnidadeMedida.cNome";"Descrição";"en-US";"";"FieldLabel";"c:\projetos\AtlasWeb\CadUnidadeMedida.dfm"
"fCadUnidadeMedida.cNome_Ingles";"Descrição (Inlgês)";"en-US";"";"FieldLabel";"c:\projetos\AtlasWeb\CadUnidadeMedida.dfm"
"fCadUsuarios.aLista";"Lista";"en-US";"";"Caption";"c:\projetos\AtlasWeb\CadUsuarios.dfm"
"fCadUsuarios.aFicha";"Dados do Usúario";"en-US";"";"Caption";"c:\projetos\AtlasWeb\CadUsuarios.dfm"
"fCadUsuarios.pFicha";"CADASTRO DE USUÁRIOS";"en-US";"";"Title";"c:\projetos\AtlasWeb\CadUsuarios.dfm"
"fCadUsuarios.cNome";"Nome";"en-US";"";"FieldLabel";"c:\projetos\AtlasWeb\CadUsuarios.dfm"
"fCadUsuarios.cCargo";"Cargo";"en-US";"";"FieldLabel";"c:\projetos\AtlasWeb\CadUsuarios.dfm"
"fCadUsuarios.cDepart";"Departamento";"en-US";"";"FieldLabel";"c:\projetos\AtlasWeb\CadUsuarios.dfm"
"fCadUsuarios.cPswrd";"Senha";"en-US";"";"FieldLabel";"c:\projetos\AtlasWeb\CadUsuarios.dfm"
"fCadUsuarios.cMatricula";"Matrícula";"en-US";"";"FieldLabel";"c:\projetos\AtlasWeb\CadUsuarios.dfm"
"fCadUsuarios.cNivel";"Nível de Acesso";"en-US";"";"FieldLabel";"c:\projetos\AtlasWeb\CadUsuarios.dfm"
"fCadUsuarios.UniPanel3";"Foto";"en-US";"";"Title";"c:\projetos\AtlasWeb\CadUsuarios.dfm"
"fCadUsuarios.UniPanel4";"Permissões";"en-US";"";"Title";"c:\projetos\AtlasWeb\CadUsuarios.dfm"
"fCadUsuarios.UniDBEdit1";"Email";"en-US";"";"FieldLabel";"c:\projetos\AtlasWeb\CadUsuarios.dfm"
"fCadUsuarios.cRepresent";"Nível de Acesso";"en-US";"";"FieldLabel";"c:\projetos\AtlasWeb\CadUsuarios.dfm"
"fCadUsuarios.UniDBEdit2";"Lucro % Mínimo";"en-US";"";"FieldLabel";"c:\projetos\AtlasWeb\CadUsuarios.dfm"
"fCadUsuarios.UniDBEdit3";"Lucro % Maxímo";"en-US";"";"FieldLabel";"c:\projetos\AtlasWeb\CadUsuarios.dfm"
"fCadUsuarios.uTradutor";"Idioma";"en-US";"";"FieldLabel";"c:\projetos\AtlasWeb\CadUsuarios.dfm"
"fComexContratoCambio.bAdicionar";"Adicionar novo registro.";"en-US";"";"Hint";"c:\projetos\AtlasWeb\ComexContratoCambio.dfm"
"fComexContratoCambio.bEditar";"Editar registro corrente.";"en-US";"";"Hint";"c:\projetos\AtlasWeb\ComexContratoCambio.dfm"
"fComexContratoCambio.bExcluir";"Excluir reegistro corrente.";"en-US";"";"Hint";"c:\projetos\AtlasWeb\ComexContratoCambio.dfm"
"fComexContratoCambio.bCancelar";"Cancelar modificações feitas no registro corrente.";"en-US";"";"Hint";"c:\projetos\AtlasWeb\ComexContratoCambio.dfm"
"fComexContratoCambio.bSalvar";"Salva o registro corrente.";"en-US";"";"Hint";"c:\projetos\AtlasWeb\ComexContratoCambio.dfm"
"fComexContratoCambio.bFechar";"Fecha a tela de cadastro atual.";"en-US";"";"Hint";"c:\projetos\AtlasWeb\ComexContratoCambio.dfm"
"fComexContratoCambio.pLista";"Lista";"en-US";"";"Caption";"c:\projetos\AtlasWeb\ComexContratoCambio.dfm"
"fComexContratoCambio.pDados";"Contrato de Câmbio";"en-US";"";"Caption";"c:\projetos\AtlasWeb\ComexContratoCambio.dfm"
"fComexContratoCambio.Panel2";"Panel2";"en-US";"";"Caption";"c:\projetos\AtlasWeb\ComexContratoCambio.dfm"
"fComexContratoCambio.UniPanel1";"UniPanel1";"en-US";"";"Caption";"c:\projetos\AtlasWeb\ComexContratoCambio.dfm"
"fComexContratoCambio.bExcItem";"Excluir reegistro corrente.";"en-US";"";"Hint";"c:\projetos\AtlasWeb\ComexContratoCambio.dfm"
"fComexContratoCambio.bAltItem";"Editar registro corrente.";"en-US";"";"Hint";"c:\projetos\AtlasWeb\ComexContratoCambio.dfm"
"fComexContratoCambio.bAddItem";"Adicionar novo registro.";"en-US";"";"Hint";"c:\projetos\AtlasWeb\ComexContratoCambio.dfm"
"fComexContratoCambio.bCancItem";"Cancelar modificações feitas no registro corrente.";"en-US";"";"Hint";"c:\projetos\AtlasWeb\ComexContratoCambio.dfm"
"fComexContratoCambio.bSalItem";"Salva o registro corrente.";"en-US";"";"Hint";"c:\projetos\AtlasWeb\ComexContratoCambio.dfm"
"fComexContratoCambio.FichaItem";"FichaItem";"en-US";"";"Caption";"c:\projetos\AtlasWeb\ComexContratoCambio.dfm"
"fComexContratoCambio.cTaxa_Cambial";"Taxa Cambial";"en-US";"";"FieldLabel";"c:\projetos\AtlasWeb\ComexContratoCambio.dfm"
"fComexContratoCambio.cValorFatReal";"Valor (R$)";"en-US";"";"FieldLabel";"c:\projetos\AtlasWeb\ComexContratoCambio.dfm"
"fComexContratoCambio.cFatura";"Fatura Nº";"en-US";"";"FieldLabel";"c:\projetos\AtlasWeb\ComexContratoCambio.dfm"
"fComexContratoCambio.cProcesso";"Processo";"en-US";"";"FieldLabel";"c:\projetos\AtlasWeb\ComexContratoCambio.dfm"
"fComexContratoCambio.cEmbarque";"Embarque";"en-US";"";"FieldLabel";"c:\projetos\AtlasWeb\ComexContratoCambio.dfm"
"fComexContratoCambio.cTotalFatME";"Total Fatura (ME)";"en-US";"";"FieldLabel";"c:\projetos\AtlasWeb\ComexContratoCambio.dfm"
"fComexContratoCambio.cSaldoFatME";"Saldo Fatura (ME)";"en-US";"";"FieldLabel";"c:\projetos\AtlasWeb\ComexContratoCambio.dfm"
"fComexContratoCambio.cValor_ME";"Valor (ME)";"en-US";"";"FieldLabel";"c:\projetos\AtlasWeb\ComexContratoCambio.dfm"
"fComexContratoCambio.Ficha";"UniPanel1";"en-US";"";"Caption";"c:\projetos\AtlasWeb\ComexContratoCambio.dfm"
"fComexContratoCambio.cContrato";"Contrato Nº";"en-US";"";"FieldLabel";"c:\projetos\AtlasWeb\ComexContratoCambio.dfm"
"fComexContratoCambio.cConta_Fornecedor";"Conta Exportador";"en-US";"";"FieldLabel";"c:\projetos\AtlasWeb\ComexContratoCambio.dfm"
"fComexContratoCambio.cValorME";"Total (ME)";"en-US";"";"FieldLabel";"c:\projetos\AtlasWeb\ComexContratoCambio.dfm"
"fComexContratoCambio.cTaxaCambial";"Taxa do Câmbio";"en-US";"";"FieldLabel";"c:\projetos\AtlasWeb\ComexContratoCambio.dfm"
"fComexContratoCambio.cData";"Data Contrato";"en-US";"";"FieldLabel";"c:\projetos\AtlasWeb\ComexContratoCambio.dfm"
"fComexContratoCambio.cBanco";"Banco";"en-US";"";"FieldLabel";"c:\projetos\AtlasWeb\ComexContratoCambio.dfm"
"fComexContratoCambio.cExportador";"Exportador";"en-US";"";"FieldLabel";"c:\projetos\AtlasWeb\ComexContratoCambio.dfm"
"fComexContratoCambio.cMoeda";"Moeda";"en-US";"";"FieldLabel";"c:\projetos\AtlasWeb\ComexContratoCambio.dfm"
"fComexContratoCambio.cValorReal";"Total (R$)";"en-US";"";"FieldLabel";"c:\projetos\AtlasWeb\ComexContratoCambio.dfm"
"fComexContratoCambio.cDataVencimento";"Data Vencimento";"en-US";"";"FieldLabel";"c:\projetos\AtlasWeb\ComexContratoCambio.dfm"
"fComexContratoCambio.cCentroCusto";"Centro de Custo";"en-US";"";"FieldLabel";"c:\projetos\AtlasWeb\ComexContratoCambio.dfm"
"fComexContratoCambio.cRecursos";"Origem Recurso";"en-US";"";"FieldLabel";"c:\projetos\AtlasWeb\ComexContratoCambio.dfm"
"fComexContratoCambio.cClassificacao";"Conta Financeira";"en-US";"";"FieldLabel";"c:\projetos\AtlasWeb\ComexContratoCambio.dfm"
"fComexContratoCambio.cBeneficiario";"Benficiário";"en-US";"";"FieldLabel";"c:\projetos\AtlasWeb\ComexContratoCambio.dfm"
"fComexContratoCambio.cPrevisao";"Previsão Câmbial";"en-US";"";"Caption";"c:\projetos\AtlasWeb\ComexContratoCambio.dfm"
"fComexContratoCambio.cSwift_Code";"Swift Code";"en-US";"";"FieldLabel";"c:\projetos\AtlasWeb\ComexContratoCambio.dfm"
"fComexContratoCambio.cIBAN";"IBAN";"en-US";"";"FieldLabel";"c:\projetos\AtlasWeb\ComexContratoCambio.dfm"
"fComexContratoCambio.DBCheckBox1";"Câmbio pago pelo cliente";"en-US";"";"Caption";"c:\projetos\AtlasWeb\ComexContratoCambio.dfm"
"fComexContratoCambio.cEmpresa";"Empresa";"en-US";"";"FieldLabel";"c:\projetos\AtlasWeb\ComexContratoCambio.dfm"
"fComexInvoice.AbaLista";"Lista";"en-US";"";"Caption";"c:\projetos\AtlasWeb\ComexInvoice.dfm"
"fComexInvoice.AbaInvoice";"Dados da Invoice";"en-US";"";"Caption";"c:\projetos\AtlasWeb\ComexInvoice.dfm"
"fComexInvoice.pFicha";"DADOS GERAIS";"en-US";"";"Title";"c:\projetos\AtlasWeb\ComexInvoice.dfm"
"fComexInvoice.cData";"Data";"en-US";"";"FieldLabel";"c:\projetos\AtlasWeb\ComexInvoice.dfm"
"fComexInvoice.cMoeda";"Moeda";"en-US";"";"FieldLabel";"c:\projetos\AtlasWeb\ComexInvoice.dfm"
"fComexInvoice.cPaisOrigem";"Pais Origem";"en-US";"";"FieldLabel";"c:\projetos\AtlasWeb\ComexInvoice.dfm"
"fComexInvoice.cNumero";"Invoice Nº";"en-US";"";"FieldLabel";"c:\projetos\AtlasWeb\ComexInvoice.dfm"
"fComexInvoice.cExportador";"Exportador";"en-US";"";"FieldLabel";"c:\projetos\AtlasWeb\ComexInvoice.dfm"
"fComexInvoice.cLocal_Embarque";"Local Embarque";"en-US";"";"FieldLabel";"c:\projetos\AtlasWeb\ComexInvoice.dfm"
"fComexInvoice.cDados_Bancarios";"Dados Bancarios";"en-US";"";"FieldLabel";"c:\projetos\AtlasWeb\ComexInvoice.dfm"
"fComexInvoice.cNotificar";"Notificar";"en-US";"";"FieldLabel";"c:\projetos\AtlasWeb\ComexInvoice.dfm"
"fComexInvoice.cLocal_Chegada";"Local Chegada";"en-US";"";"FieldLabel";"c:\projetos\AtlasWeb\ComexInvoice.dfm"
"fComexInvoice.cTotalPeso_Liquido";"Peso Líquido";"en-US";"";"FieldLabel";"c:\projetos\AtlasWeb\ComexInvoice.dfm"
"fComexInvoice.cTotalPeso_Bruto";"Peso Bruto";"en-US";"";"FieldLabel";"c:\projetos\AtlasWeb\ComexInvoice.dfm"
"fComexInvoice.cVolumes";"Qtde. Volumes";"en-US";"";"FieldLabel";"c:\projetos\AtlasWeb\ComexInvoice.dfm"
"fComexInvoice.cMetro_Cubico";"Metros Cúbicos";"en-US";"";"FieldLabel";"c:\projetos\AtlasWeb\ComexInvoice.dfm"
"fComexInvoice.DBEdit3";"Total Fatura (R$)";"en-US";"";"FieldLabel";"c:\projetos\AtlasWeb\ComexInvoice.dfm"
"fComexInvoice.DBEdit6";"Total da Fatura (ME)";"en-US";"";"FieldLabel";"c:\projetos\AtlasWeb\ComexInvoice.dfm"
"fComexInvoice.cCondicaoCambio";"Condição Cambial";"en-US";"";"FieldLabel";"c:\projetos\AtlasWeb\ComexInvoice.dfm"
"fComexInvoice.cData_BL";"Data BL";"en-US";"";"FieldLabel";"c:\projetos\AtlasWeb\ComexInvoice.dfm"
"fComexInvoice.DBDateEdit2";"Vencimento";"en-US";"";"FieldLabel";"c:\projetos\AtlasWeb\ComexInvoice.dfm"
"fComexInvoice.cProcesso";"Processo";"en-US";"";"FieldLabel";"c:\projetos\AtlasWeb\ComexInvoice.dfm"
"fComexInvoice.cTaxaCambio";"Taxa Câmbio";"en-US";"";"FieldLabel";"c:\projetos\AtlasWeb\ComexInvoice.dfm"
"fComexInvoice.cBL";"BL Nº";"en-US";"";"FieldLabel";"c:\projetos\AtlasWeb\ComexInvoice.dfm"
"fComexInvoice.cPO";"PO Nº";"en-US";"";"FieldLabel";"c:\projetos\AtlasWeb\ComexInvoice.dfm"
"fComexInvoice.RxDBLookupCombo1";"INCOTERM";"en-US";"";"FieldLabel";"c:\projetos\AtlasWeb\ComexInvoice.dfm"
"fComexInvoice.DBEdit10";"Local Condição";"en-US";"";"FieldLabel";"c:\projetos\AtlasWeb\ComexInvoice.dfm"
"fComexInvoice.RxDBLookupCombo2";"Metodo Valoração";"en-US";"";"FieldLabel";"c:\projetos\AtlasWeb\ComexInvoice.dfm"
"fComexInvoice.cCoberturaCambial";"Cobertura Cambial";"en-US";"";"FieldLabel";"c:\projetos\AtlasWeb\ComexInvoice.dfm"
"fComexInvoice.RxDBLookupCombo3";"Financiadora";"en-US";"";"FieldLabel";"c:\projetos\AtlasWeb\ComexInvoice.dfm"
"fComexInvoice.cMotivoCambial";"Motivo sem Cobertura";"en-US";"";"FieldLabel";"c:\projetos\AtlasWeb\ComexInvoice.dfm"
"fComexInvoice.cMoeda_Frete";"Moeda Frete";"en-US";"";"FieldLabel";"c:\projetos\AtlasWeb\ComexInvoice.dfm"
"fComexInvoice.DBEdit11";"Frete PrePaid";"en-US";"";"FieldLabel";"c:\projetos\AtlasWeb\ComexInvoice.dfm"
"fComexInvoice.cMoeda_Seguro";"Moeda Seguro";"en-US";"";"FieldLabel";"c:\projetos\AtlasWeb\ComexInvoice.dfm"
"fComexInvoice.DBEdit12";"Valor Seguro";"en-US";"";"FieldLabel";"c:\projetos\AtlasWeb\ComexInvoice.dfm"
"fComexInvoice.DBLookupComboBox3";"Pais Aquisição";"en-US";"";"FieldLabel";"c:\projetos\AtlasWeb\ComexInvoice.dfm"
"fComexInvoice.DBLookupComboBox4";"Via Transporte";"en-US";"";"FieldLabel";"c:\projetos\AtlasWeb\ComexInvoice.dfm"
"fComexInvoice.cCondicao_Mercadoria";"Condição Mercadoria";"en-US";"";"FieldLabel";"c:\projetos\AtlasWeb\ComexInvoice.dfm"
"fComexInvoice.DBEdit13";"Frete Collect";"en-US";"";"FieldLabel";"c:\projetos\AtlasWeb\ComexInvoice.dfm"
"fComexInvoice.cDestino";"Destino";"en-US";"";"FieldLabel";"c:\projetos\AtlasWeb\ComexInvoice.dfm"
"fComexInvoice.cAplicacao";"Finalidade Mercadoria";"en-US";"";"FieldLabel";"c:\projetos\AtlasWeb\ComexInvoice.dfm"
"fComexInvoice.DBEdit8";"ROF (SCE-Crédito)";"en-US";"";"FieldLabel";"c:\projetos\AtlasWeb\ComexInvoice.dfm"
"fComexInvoice.DBEdit14";"Valor Cobertura Cambial";"en-US";"";"FieldLabel";"c:\projetos\AtlasWeb\ComexInvoice.dfm"
"fComexInvoice.cEmpresa";"Empresa";"en-US";"";"FieldLabel";"c:\projetos\AtlasWeb\ComexInvoice.dfm"
"fComexInvoice.cModalidade";"Modalidade";"en-US";"";"FieldLabel";"c:\projetos\AtlasWeb\ComexInvoice.dfm"
"fComexInvoice.Abaitens";"Itens da Invoice";"en-US";"";"Caption";"c:\projetos\AtlasWeb\ComexInvoice.dfm"
"fComexInvoice.Fichaitens";"DADOS GERAIS";"en-US";"";"Title";"c:\projetos\AtlasWeb\ComexInvoice.dfm"
"fComexInvoice.cQtde";"Quantidade";"en-US";"";"FieldLabel";"c:\projetos\AtlasWeb\ComexInvoice.dfm"
"fComexInvoice.cValor_UnitarioME";"Unitário (ME)";"en-US";"";"FieldLabel";"c:\projetos\AtlasWeb\ComexInvoice.dfm"
"fComexInvoice.cProduto";"Produto";"en-US";"";"FieldLabel";"c:\projetos\AtlasWeb\ComexInvoice.dfm"
"fComexInvoice.cPeso_Liquido";"Peso Líquido";"en-US";"";"FieldLabel";"c:\projetos\AtlasWeb\ComexInvoice.dfm"
"fComexInvoice.cPeso_Bruto";"Peso Bruto";"en-US";"";"FieldLabel";"c:\projetos\AtlasWeb\ComexInvoice.dfm"
"fComexInvoice.cIndicador";"Indicador Comprador/Vendedor - Vinculção";"en-US";"";"Caption";"c:\projetos\AtlasWeb\ComexInvoice.dfm"
"fComexInvoice.cCertNum";"Nº Certif.Mercosul";"en-US";"";"FieldLabel";"c:\projetos\AtlasWeb\ComexInvoice.dfm"
"fComexInvoice.cCertTipo";"Tipo Cetif.Mercosul";"en-US";"";"FieldLabel";"c:\projetos\AtlasWeb\ComexInvoice.dfm"
"fComexInvoice.cCertQtde";"Quantidade Certif.";"en-US";"";"FieldLabel";"c:\projetos\AtlasWeb\ComexInvoice.dfm"
"fComexInvoice.cInvoice";"Invoice Nº";"en-US";"";"FieldLabel";"c:\projetos\AtlasWeb\ComexInvoice.dfm"
"fComexInvoice.bAddItem";"Adicionar novo registro.";"en-US";"";"Hint";"c:\projetos\AtlasWeb\ComexInvoice.dfm"
"fComexInvoice.bAltItem";"Editar registro corrente.";"en-US";"";"Hint";"c:\projetos\AtlasWeb\ComexInvoice.dfm"
"fComexInvoice.bExcItem";"Excluir reegistro corrente.";"en-US";"";"Hint";"c:\projetos\AtlasWeb\ComexInvoice.dfm"
"fComexInvoice.bCancItem";"Cancelar modificações feitas no registro corrente.";"en-US";"";"Hint";"c:\projetos\AtlasWeb\ComexInvoice.dfm"
"fComexInvoice.bSalvaItem";"Salva o registro corrente.";"en-US";"";"Hint";"c:\projetos\AtlasWeb\ComexInvoice.dfm"
"fComexInvoice.bItens";"Adicionar itens a invoice";"en-US";"";"Hint";"c:\projetos\AtlasWeb\ComexInvoice.dfm"
"fComexInvoice.bItens";"Importar Itens do PO";"en-US";"";"Caption";"c:\projetos\AtlasWeb\ComexInvoice.dfm"
"fComexInvoice.bLPCO";"Adicionar itens a invoice";"en-US";"";"Hint";"c:\projetos\AtlasWeb\ComexInvoice.dfm"
"fComexInvoice.bLPCO";"LPCO";"en-US";"";"Caption";"c:\projetos\AtlasWeb\ComexInvoice.dfm"
"fComexInvoice.bAdicionar";"Adicionar novo registro.";"en-US";"";"Hint";"c:\projetos\AtlasWeb\ComexInvoice.dfm"
"fComexInvoice.bEditar";"Editar registro corrente.";"en-US";"";"Hint";"c:\projetos\AtlasWeb\ComexInvoice.dfm"
"fComexInvoice.bExcluir";"Excluir reegistro corrente.";"en-US";"";"Hint";"c:\projetos\AtlasWeb\ComexInvoice.dfm"
"fComexInvoice.bCancelar";"Cancelar modificações feitas no registro corrente.";"en-US";"";"Hint";"c:\projetos\AtlasWeb\ComexInvoice.dfm"
"fComexInvoice.bSalvar";"Salva o registro corrente.";"en-US";"";"Hint";"c:\projetos\AtlasWeb\ComexInvoice.dfm"
"fComexInvoice.bFechar_";"Fecha a tela de cadastro atual.";"en-US";"";"Hint";"c:\projetos\AtlasWeb\ComexInvoice.dfm"
"fComexInvoice.UniPanel3";"TOTAIS DO PROCESSO";"en-US";"";"Title";"c:\projetos\AtlasWeb\ComexInvoice.dfm"
"fComexInvoice.UniPanel3";"UniPanel3";"en-US";"";"Caption";"c:\projetos\AtlasWeb\ComexInvoice.dfm"
"fComexInvoice.cTotalPesoLiquido";"Peso Líquido";"en-US";"";"FieldLabel";"c:\projetos\AtlasWeb\ComexInvoice.dfm"
"fComexInvoice.cTotalPesoBruto";"Peso Bruto";"en-US";"";"FieldLabel";"c:\projetos\AtlasWeb\ComexInvoice.dfm"
"fComexInvoice.cTotalFaturaME";"Valor (ME)";"en-US";"";"FieldLabel";"c:\projetos\AtlasWeb\ComexInvoice.dfm"
"fComexInvoice.cTotalFaturaReal";"Valor (R$)";"en-US";"";"FieldLabel";"c:\projetos\AtlasWeb\ComexInvoice.dfm"
"fComexInvoiceLPCO.bGravItens";"Adicionar os LPCO's selecionados ao item";"en-US";"";"Hint";"c:\projetos\AtlasWeb\ComexInvoiceLPCO.dfm"
"fComexInvoiceLPCO.bCancItens";"Cancelar";"en-US";"";"Hint";"c:\projetos\AtlasWeb\ComexInvoiceLPCO.dfm"
"fComexInvoiceLPCO.UniPanel1";"Relação de Licenças/Permissões/Certificados/Outros cadastrados";"en-US";"";"Title";"c:\projetos\AtlasWeb\ComexInvoiceLPCO.dfm"
"fComexInvoiceLPCO.UniPanel1";"UniPanel1";"en-US";"";"Caption";"c:\projetos\AtlasWeb\ComexInvoiceLPCO.dfm"
"fComexPO.pLista";"Lista";"en-US";"";"Caption";"c:\projetos\AtlasWeb\ComexPO.dfm"
"fComexPO.pDados";"Capa do (PO)";"en-US";"";"Caption";"c:\projetos\AtlasWeb\ComexPO.dfm"
"fComexPO.pFicha";"DADOS GERAIS";"en-US";"";"Title";"c:\projetos\AtlasWeb\ComexPO.dfm"
"fComexPO.cPO";"PO Nº";"en-US";"";"FieldLabel";"c:\projetos\AtlasWeb\ComexPO.dfm"
"fComexPO.cProcesso";"Processo";"en-US";"";"FieldLabel";"c:\projetos\AtlasWeb\ComexPO.dfm"
"fComexPO.cRequis";"Requisitante";"en-US";"";"FieldLabel";"c:\projetos\AtlasWeb\ComexPO.dfm"
"fComexPO.DBMemo1";"Observação";"en-US";"";"FieldLabel";"c:\projetos\AtlasWeb\ComexPO.dfm"
"fComexPO.cData";"Data";"en-US";"";"FieldLabel";"c:\projetos\AtlasWeb\ComexPO.dfm"
"fComexPO.cExportador";"Exportador";"en-US";"";"FieldLabel";"c:\projetos\AtlasWeb\ComexPO.dfm"
"fComexPO.cCondCambio";"Condição Câmbial";"en-US";"";"FieldLabel";"c:\projetos\AtlasWeb\ComexPO.dfm"
"fComexPO.cLocalEmb";"Local de Embarque";"en-US";"";"FieldLabel";"c:\projetos\AtlasWeb\ComexPO.dfm"
"fComexPO.cLocalEnt";"Local de Entrega";"en-US";"";"FieldLabel";"c:\projetos\AtlasWeb\ComexPO.dfm"
"fComexPO.cMoeda";"Moeda";"en-US";"";"FieldLabel";"c:\projetos\AtlasWeb\ComexPO.dfm"
"fComexPO.cPais";"País de Origem";"en-US";"";"FieldLabel";"c:\projetos\AtlasWeb\ComexPO.dfm"
"fComexPO.cModalidade";"Modalidade";"en-US";"";"FieldLabel";"c:\projetos\AtlasWeb\ComexPO.dfm"
"fComexPO.cCliente";"Cliente";"en-US";"";"FieldLabel";"c:\projetos\AtlasWeb\ComexPO.dfm"
"fComexPO.cVia";"Via de Transporte";"en-US";"";"FieldLabel";"c:\projetos\AtlasWeb\ComexPO.dfm"
"fComexPO.cTipo_Mercadoria";"Tipo Mercadoria";"en-US";"";"FieldLabel";"c:\projetos\AtlasWeb\ComexPO.dfm"
"fComexPO.cTotal";"Total";"en-US";"";"FieldLabel";"c:\projetos\AtlasWeb\ComexPO.dfm"
"fComexPO.cEmpresa";"Empresa";"en-US";"";"FieldLabel";"c:\projetos\AtlasWeb\ComexPO.dfm"
"fComexPO.cINCOTERMS";"INCOTERMS";"en-US";"";"FieldLabel";"c:\projetos\AtlasWeb\ComexPO.dfm"
"fComexPO.pProdutos";"Itens";"en-US";"";"Caption";"c:\projetos\AtlasWeb\ComexPO.dfm"
"fComexPO.UniPanel1";"DADOS GERAIS";"en-US";"";"Title";"c:\projetos\AtlasWeb\ComexPO.dfm"
"fComexPO.bAddItem";"Adicionar novo registro.";"en-US";"";"Hint";"c:\projetos\AtlasWeb\ComexPO.dfm"
"fComexPO.bEditItem";"Editar registro corrente.";"en-US";"";"Hint";"c:\projetos\AtlasWeb\ComexPO.dfm"
"fComexPO.bExcItem";"Excluir reegistro corrente.";"en-US";"";"Hint";"c:\projetos\AtlasWeb\ComexPO.dfm"
"fComexPO.bCancItem";"Cancelar modificações feitas no registro corrente.";"en-US";"";"Hint";"c:\projetos\AtlasWeb\ComexPO.dfm"
"fComexPO.bSalvarItem";"Salva o registro corrente.";"en-US";"";"Hint";"c:\projetos\AtlasWeb\ComexPO.dfm"
"fComexPO.cItensValor";"Valor Total";"en-US";"";"FieldLabel";"c:\projetos\AtlasWeb\ComexPO.dfm"
"fComexPO.cItensQtde";"Itens";"en-US";"";"FieldLabel";"c:\projetos\AtlasWeb\ComexPO.dfm"
"fComexPO.cQtde";"Quantidade";"en-US";"";"FieldLabel";"c:\projetos\AtlasWeb\ComexPO.dfm"
"fComexPO.cValor";"Valor Unitário";"en-US";"";"FieldLabel";"c:\projetos\AtlasWeb\ComexPO.dfm"
"fComexPO.cProduto";"Produto";"en-US";"";"FieldLabel";"c:\projetos\AtlasWeb\ComexPO.dfm"
"fComexPO.cQuantidade_Unidade";"Qtde.p/Unidade";"en-US";"";"FieldLabel";"c:\projetos\AtlasWeb\ComexPO.dfm"
"fComexPO.cQuantidade_Volumes";"Volumes";"en-US";"";"FieldLabel";"c:\projetos\AtlasWeb\ComexPO.dfm"
"fComexPO.DBEdit3";"PO Nº";"en-US";"";"FieldLabel";"c:\projetos\AtlasWeb\ComexPO.dfm"
"fComexPO.bAdicionar";"Adicionar novo registro.";"en-US";"";"Hint";"c:\projetos\AtlasWeb\ComexPO.dfm"
"fComexPO.bEditar";"Editar registro corrente.";"en-US";"";"Hint";"c:\projetos\AtlasWeb\ComexPO.dfm"
"fComexPO.bExcluir";"Excluir reegistro corrente.";"en-US";"";"Hint";"c:\projetos\AtlasWeb\ComexPO.dfm"
"fComexPO.bCancelar";"Cancelar modificações feitas no registro corrente.";"en-US";"";"Hint";"c:\projetos\AtlasWeb\ComexPO.dfm"
"fComexPO.bSalvar";"Salva o registro corrente.";"en-US";"";"Hint";"c:\projetos\AtlasWeb\ComexPO.dfm"
"fComexPO.bFechar";"Fecha a tela de cadastro atual.";"en-US";"";"Hint";"c:\projetos\AtlasWeb\ComexPO.dfm"
"fComexPO.bImportar";"Importar &Excel";"en-US";"";"Caption";"c:\projetos\AtlasWeb\ComexPO.dfm"
"fComexPO.bImprimir";"Im&primir";"en-US";"";"Caption";"c:\projetos\AtlasWeb\ComexPO.dfm"
"fComexPOImportar.bImportarCli";"&Importar";"en-US";"";"Caption";"c:\projetos\AtlasWeb\ComexPOImportar.dfm"
"fComexPOImportar.blayout";"&Salvar Layout";"en-US";"";"Caption";"c:\projetos\AtlasWeb\ComexPOImportar.dfm"
"fComexPOImportar.bSair";"Fecha a tela de cadastro atual.";"en-US";"";"Hint";"c:\projetos\AtlasWeb\ComexPOImportar.dfm"
"fComexPOImportar.TabSheet2";"Produtos";"en-US";"";"Caption";"c:\projetos\AtlasWeb\ComexPOImportar.dfm"
"fComexPOImportar.UniPanel1";"UniPanel1";"en-US";"";"Caption";"c:\projetos\AtlasWeb\ComexPOImportar.dfm"
"fComexPOImportar.cArqProd";"Arquivo";"en-US";"";"FieldLabel";"c:\projetos\AtlasWeb\ComexPOImportar.dfm"
"fComexPOImportar.cLinhaIniCli";"Linha Inicial";"en-US";"";"FieldLabel";"c:\projetos\AtlasWeb\ComexPOImportar.dfm"
"fComexPOImportar.cApagarCli";"Apagar os itens existentes.";"en-US";"";"Caption";"c:\projetos\AtlasWeb\ComexPOImportar.dfm"
"fComexPOImportar.cCodigo";"Utilizar código dos cadastros da planilha.";"en-US";"";"Caption";"c:\projetos\AtlasWeb\ComexPOImportar.dfm"
"fComexPOImportar.cLinhaFimCli";"Linha Final";"en-US";"";"FieldLabel";"c:\projetos\AtlasWeb\ComexPOImportar.dfm"
"fComexPOImportar.UniPanel2";"UniPanel2";"en-US";"";"Caption";"c:\projetos\AtlasWeb\ComexPOImportar.dfm"
"fComexPOImportar.UniPanel3";"UniPanel3";"en-US";"";"Caption";"c:\projetos\AtlasWeb\ComexPOImportar.dfm"
"fComexPOImportar.cCampos";"Campos da tabela";"en-US";"";"FieldLabel";"c:\projetos\AtlasWeb\ComexPOImportar.dfm"
"fComexPOImportar.UniPanel4";"UniPanel4";"en-US";"";"Caption";"c:\projetos\AtlasWeb\ComexPOImportar.dfm"
"fComexPOImportar.bAdicionar";"Adicionar novo registro.";"en-US";"";"Hint";"c:\projetos\AtlasWeb\ComexPOImportar.dfm"
"fComexPOImportar.bExcluir";"Excluir reegistro corrente.";"en-US";"";"Hint";"c:\projetos\AtlasWeb\ComexPOImportar.dfm"
"fComexPOImportar.TabSheet1";"Purchase Order (PO)";"en-US";"";"Caption";"c:\projetos\AtlasWeb\ComexPOImportar.dfm"
"fComexPOImportar.cLinhaIniPO";"Intervalo de Linhas";"en-US";"";"FieldLabel";"c:\projetos\AtlasWeb\ComexPOImportar.dfm"
"fComexPOImportar.cLinhaFimPO";"Até";"en-US";"";"FieldLabel";"c:\projetos\AtlasWeb\ComexPOImportar.dfm"
"fComexPOImportar.bImportarPO";"&Importar";"en-US";"";"Caption";"c:\projetos\AtlasWeb\ComexPOImportar.dfm"
"fComexPOImportar.cApagarPO";"Apagar os itens existentes.";"en-US";"";"Caption";"c:\projetos\AtlasWeb\ComexPOImportar.dfm"
"fComexPOImportar.cArqPO";"Arquivo";"en-US";"";"FieldLabel";"c:\projetos\AtlasWeb\ComexPOImportar.dfm"
"fComexPOImportar.TabSheet3";"LOG";"en-US";"";"Caption";"c:\projetos\AtlasWeb\ComexPOImportar.dfm"
"fComexPOImportar.UniFileUpload1";"Upload";"en-US";"";"Title";"c:\projetos\AtlasWeb\ComexPOImportar.dfm"
"fComexProcessoImp.bAdicionar";"Adicionar novo registro.";"en-US";"";"Hint";"c:\projetos\AtlasWeb\ComexProcessoImp.dfm"
"fComexProcessoImp.bEditar";"Editar registro corrente.";"en-US";"";"Hint";"c:\projetos\AtlasWeb\ComexProcessoImp.dfm"
"fComexProcessoImp.bExcluir";"Excluir registro corrente.";"en-US";"";"Hint";"c:\projetos\AtlasWeb\ComexProcessoImp.dfm"
"fComexProcessoImp.bCancelar";"Cancelar modificações feitas no registro corrente.";"en-US";"";"Hint";"c:\projetos\AtlasWeb\ComexProcessoImp.dfm"
"fComexProcessoImp.bGravar";"Salva o registro corrente.";"en-US";"";"Hint";"c:\projetos\AtlasWeb\ComexProcessoImp.dfm"
"fComexProcessoImp.bFechar";"Fecha a tela de cadastro atual.";"en-US";"";"Hint";"c:\projetos\AtlasWeb\ComexProcessoImp.dfm"
"fComexProcessoImp.bAdicoes";"  Cadastrar todos os itens da DI (Adições).  ";"en-US";"";"Hint";"c:\projetos\AtlasWeb\ComexProcessoImp.dfm"
"fComexProcessoImp.bAdicoes";"Itens DI [0000]";"en-US";"";"Caption";"c:\projetos\AtlasWeb\ComexProcessoImp.dfm"
"fComexProcessoImp.aLista";"Lista";"en-US";"";"Caption";"c:\projetos\AtlasWeb\ComexProcessoImp.dfm"
"fComexProcessoImp.TabSheet1";"Dados do Processo";"en-US";"";"Caption";"c:\projetos\AtlasWeb\ComexProcessoImp.dfm"
"fComexProcessoImp.UniPanel1";"DADOS GERAIS";"en-US";"";"Title";"c:\projetos\AtlasWeb\ComexProcessoImp.dfm"
"fComexProcessoImp.PainelInterno1";"VALORES DO PROCESSO";"en-US";"";"Title";"c:\projetos\AtlasWeb\ComexProcessoImp.dfm"
"fComexProcessoImp.cFOB";"FOB (Real)";"en-US";"";"FieldLabel";"c:\projetos\AtlasWeb\ComexProcessoImp.dfm"
"fComexProcessoImp.cFrete";"Frete (Real)";"en-US";"";"FieldLabel";"c:\projetos\AtlasWeb\ComexProcessoImp.dfm"
"fComexProcessoImp.cAliquota_ICMS";"% ICMS";"en-US";"";"FieldLabel";"c:\projetos\AtlasWeb\ComexProcessoImp.dfm"
"fComexProcessoImp.cSeguro";"Seguro (Real)";"en-US";"";"FieldLabel";"c:\projetos\AtlasWeb\ComexProcessoImp.dfm"
"fComexProcessoImp.cValor_ICMS";"Valor ICMS(R$)";"en-US";"";"FieldLabel";"c:\projetos\AtlasWeb\ComexProcessoImp.dfm"
"fComexProcessoImp.cTaxa_FOB";"Taxa";"en-US";"";"FieldLabel";"c:\projetos\AtlasWeb\ComexProcessoImp.dfm"
"fComexProcessoImp.cTaxa_Frete";"Taxa";"en-US";"";"FieldLabel";"c:\projetos\AtlasWeb\ComexProcessoImp.dfm"
"fComexProcessoImp.cTaxa_Seguro";"Taxa";"en-US";"";"FieldLabel";"c:\projetos\AtlasWeb\ComexProcessoImp.dfm"
"fComexProcessoImp.cValor_PIS";"PIS Majorado";"en-US";"";"FieldLabel";"c:\projetos\AtlasWeb\ComexProcessoImp.dfm"
"fComexProcessoImp.cValor_COFINS";"COFINS Major.";"en-US";"";"FieldLabel";"c:\projetos\AtlasWeb\ComexProcessoImp.dfm"
"fComexProcessoImp.cII";"II (R$)";"en-US";"";"FieldLabel";"c:\projetos\AtlasWeb\ComexProcessoImp.dfm"
"fComexProcessoImp.cValor_IPI";"IPI (R$)";"en-US";"";"FieldLabel";"c:\projetos\AtlasWeb\ComexProcessoImp.dfm"
"fComexProcessoImp.clMoeda_FOB";"Moeda FOB";"en-US";"";"FieldLabel";"c:\projetos\AtlasWeb\ComexProcessoImp.dfm"
"fComexProcessoImp.cFOB_ME";"FOB (ME)";"en-US";"";"FieldLabel";"c:\projetos\AtlasWeb\ComexProcessoImp.dfm"
"fComexProcessoImp.clMoeda_Frete";"Moeda Frete";"en-US";"";"FieldLabel";"c:\projetos\AtlasWeb\ComexProcessoImp.dfm"
"fComexProcessoImp.cFrete_ME";"Frete (ME)";"en-US";"";"FieldLabel";"c:\projetos\AtlasWeb\ComexProcessoImp.dfm"
"fComexProcessoImp.clMoeda_Seguro";"Moeda Seguro";"en-US";"";"FieldLabel";"c:\projetos\AtlasWeb\ComexProcessoImp.dfm"
"fComexProcessoImp.cSeguro_ME";"Seguro (ME)";"en-US";"";"FieldLabel";"c:\projetos\AtlasWeb\ComexProcessoImp.dfm"
"fComexProcessoImp.cAd_Valorem";"Acréscimo(Real)";"en-US";"";"FieldLabel";"c:\projetos\AtlasWeb\ComexProcessoImp.dfm"
"fComexProcessoImp.cAdValorem";"Acréscimo (ME)";"en-US";"";"FieldLabel";"c:\projetos\AtlasWeb\ComexProcessoImp.dfm"
"fComexProcessoImp.cValor_Dumping";"Anti-Dumping (R$)";"en-US";"";"FieldLabel";"c:\projetos\AtlasWeb\ComexProcessoImp.dfm"
"fComexProcessoImp.cTaxa_SISCOMEX";"Taxa SISCOMEX";"en-US";"";"FieldLabel";"c:\projetos\AtlasWeb\ComexProcessoImp.dfm"
"fComexProcessoImp.cReducao_ICMS";"Red.% ICMS";"en-US";"";"FieldLabel";"c:\projetos\AtlasWeb\ComexProcessoImp.dfm"
"fComexProcessoImp.cFOB_MEAdicoes";"FOB Adições(ME)";"en-US";"";"FieldLabel";"c:\projetos\AtlasWeb\ComexProcessoImp.dfm"
"fComexProcessoImp.cFOB_Adicoes";"FOB Adições(Real)";"en-US";"";"FieldLabel";"c:\projetos\AtlasWeb\ComexProcessoImp.dfm"
"fComexProcessoImp.cReducao_BC";"%Red.BC ICMS";"en-US";"";"FieldLabel";"c:\projetos\AtlasWeb\ComexProcessoImp.dfm"
"fComexProcessoImp.cValor_PIS2";"Valor PIS";"en-US";"";"FieldLabel";"c:\projetos\AtlasWeb\ComexProcessoImp.dfm"
"fComexProcessoImp.cValor_COFINS2";"Valor COFINS";"en-US";"";"FieldLabel";"c:\projetos\AtlasWeb\ComexProcessoImp.dfm"
"fComexProcessoImp.cAFRMM";"AFRMM";"en-US";"";"FieldLabel";"c:\projetos\AtlasWeb\ComexProcessoImp.dfm"
"fComexProcessoImp.cFOB_SemADVal";"FOB s/Adval (Real)";"en-US";"";"FieldLabel";"c:\projetos\AtlasWeb\ComexProcessoImp.dfm"
"fComexProcessoImp.cFOB_SemADValReal";"FOB s/Adval (ME)";"en-US";"";"FieldLabel";"c:\projetos\AtlasWeb\ComexProcessoImp.dfm"
"fComexProcessoImp.cFrete_NacionalReal";"Frete Terr.Nac.(Real)";"en-US";"";"FieldLabel";"c:\projetos\AtlasWeb\ComexProcessoImp.dfm"
"fComexProcessoImp.cFrete_NacionalME";"Frete Terr.Nac.(ME)";"en-US";"";"FieldLabel";"c:\projetos\AtlasWeb\ComexProcessoImp.dfm"
"fComexProcessoImp.PainelInterno2";"DADOS DO PROCESSO";"en-US";"";"Title";"c:\projetos\AtlasWeb\ComexProcessoImp.dfm"
"fComexProcessoImp.cData_RegistroDeclaracao";"Data do Registro";"en-US";"";"FieldLabel";"c:\projetos\AtlasWeb\ComexProcessoImp.dfm"
"fComexProcessoImp.cNumero_Declaracao";"DUIMP Nº";"en-US";"";"FieldLabel";"c:\projetos\AtlasWeb\ComexProcessoImp.dfm"
"fComexProcessoImp.cData_DesembaracoDeclaracao";"Data do Desembaraço";"en-US";"";"FieldLabel";"c:\projetos\AtlasWeb\ComexProcessoImp.dfm"
"fComexProcessoImp.cVolumes";"Volumes";"en-US";"";"FieldLabel";"c:\projetos\AtlasWeb\ComexProcessoImp.dfm"
"fComexProcessoImp.cQuantidade";"Quantidade Total";"en-US";"";"FieldLabel";"c:\projetos\AtlasWeb\ComexProcessoImp.dfm"
"fComexProcessoImp.cPeso_Liquido";"Peso Líquido";"en-US";"";"FieldLabel";"c:\projetos\AtlasWeb\ComexProcessoImp.dfm"
"fComexProcessoImp.cPeso_Bruto";"Peso Bruto";"en-US";"";"FieldLabel";"c:\projetos\AtlasWeb\ComexProcessoImp.dfm"
"fComexProcessoImp.cEspecie";"Espécie";"en-US";"";"FieldLabel";"c:\projetos\AtlasWeb\ComexProcessoImp.dfm"
"fComexProcessoImp.cProcesso";"Processo Nº";"en-US";"";"FieldLabel";"c:\projetos\AtlasWeb\ComexProcessoImp.dfm"
"fComexProcessoImp.clCliente";"Cliente";"en-US";"";"FieldLabel";"c:\projetos\AtlasWeb\ComexProcessoImp.dfm"
"fComexProcessoImp.cProcesso_Abertura";"Abertura";"en-US";"";"FieldLabel";"c:\projetos\AtlasWeb\ComexProcessoImp.dfm"
"fComexProcessoImp.cProcesso_Fechamento";"Fechamento";"en-US";"";"FieldLabel";"c:\projetos\AtlasWeb\ComexProcessoImp.dfm"
"fComexProcessoImp.clModalidade_Importacao";"Modalidade";"en-US";"";"FieldLabel";"c:\projetos\AtlasWeb\ComexProcessoImp.dfm"
"fComexProcessoImp.cIncentivo";"Incentivo Fiscal";"en-US";"";"FieldLabel";"c:\projetos\AtlasWeb\ComexProcessoImp.dfm"
"fComexProcessoImp.clResponsavel";"Responsável";"en-US";"";"FieldLabel";"c:\projetos\AtlasWeb\ComexProcessoImp.dfm"
"fComexProcessoImp.cProcesso_Mestre";"Mestre";"en-US";"";"FieldLabel";"c:\projetos\AtlasWeb\ComexProcessoImp.dfm"
"fComexProcessoImp.cData_Encerramento";"Encerramento";"en-US";"";"FieldLabel";"c:\projetos\AtlasWeb\ComexProcessoImp.dfm"
"fComexProcessoImp.cCondicaoVenda";"INCOTERMS";"en-US";"";"FieldLabel";"c:\projetos\AtlasWeb\ComexProcessoImp.dfm"
"fComexProcessoImp.cReferencia_Cliente";"Ref.(Cliente)";"en-US";"";"FieldLabel";"c:\projetos\AtlasWeb\ComexProcessoImp.dfm"
"fComexProcessoImp.cReferencia_DataEntrega";"Data da Entrega";"en-US";"";"FieldLabel";"c:\projetos\AtlasWeb\ComexProcessoImp.dfm"
"fComexProcessoImp.cData";"Data";"en-US";"";"FieldLabel";"c:\projetos\AtlasWeb\ComexProcessoImp.dfm"
"fComexProcessoImp.cReferencia_Despachante";"Ref.(Despachante)";"en-US";"";"FieldLabel";"c:\projetos\AtlasWeb\ComexProcessoImp.dfm"
"fComexProcessoImp.cNavio_DataChegada";"Data da Chegada";"en-US";"";"FieldLabel";"c:\projetos\AtlasWeb\ComexProcessoImp.dfm"
"fComexProcessoImp.cNumero_Fatura";"Fatura Nº";"en-US";"";"FieldLabel";"c:\projetos\AtlasWeb\ComexProcessoImp.dfm"
"fComexProcessoImp.cNome_Transporte";"Nome Transporte";"en-US";"";"FieldLabel";"c:\projetos\AtlasWeb\ComexProcessoImp.dfm"
"fComexProcessoImp.cConhecimento";"Conhec. Embarque";"en-US";"";"FieldLabel";"c:\projetos\AtlasWeb\ComexProcessoImp.dfm"
"fComexProcessoImp.cAgencia_Maritima";"Agência";"en-US";"";"FieldLabel";"c:\projetos\AtlasWeb\ComexProcessoImp.dfm"
"fComexProcessoImp.cNavio_DataPrevista";"Data Prevista";"en-US";"";"FieldLabel";"c:\projetos\AtlasWeb\ComexProcessoImp.dfm"
"fComexProcessoImp.clTipo_Mercadoria";"Tipo Mercadoria";"en-US";"";"FieldLabel";"c:\projetos\AtlasWeb\ComexProcessoImp.dfm"
"fComexProcessoImp.cData_Fatura";"Data";"en-US";"";"FieldLabel";"c:\projetos\AtlasWeb\ComexProcessoImp.dfm"
"fComexProcessoImp.cDocumento_Carga";"Documento de Carga Nº";"en-US";"";"FieldLabel";"c:\projetos\AtlasWeb\ComexProcessoImp.dfm"
"fComexProcessoImp.cValor_FaturaME";"Valor Fatura (ME)";"en-US";"";"FieldLabel";"c:\projetos\AtlasWeb\ComexProcessoImp.dfm"
"fComexProcessoImp.cData_BL";"Data BL";"en-US";"";"FieldLabel";"c:\projetos\AtlasWeb\ComexProcessoImp.dfm"
"fComexProcessoImp.cCondicaoCambio";"Condição Cambial";"en-US";"";"FieldLabel";"c:\projetos\AtlasWeb\ComexProcessoImp.dfm"
"fComexProcessoImp.clFornecedor";"Exportador";"en-US";"";"FieldLabel";"c:\projetos\AtlasWeb\ComexProcessoImp.dfm"
"fComexProcessoImp.cROF_Numero";"ROF Nº";"en-US";"";"FieldLabel";"c:\projetos\AtlasWeb\ComexProcessoImp.dfm"
"fComexProcessoImp.cROF_Emissao";"Emissão";"en-US";"";"FieldLabel";"c:\projetos\AtlasWeb\ComexProcessoImp.dfm"
"fComexProcessoImp.cROF_Dias";"Vencimento (Dias)";"en-US";"";"FieldLabel";"c:\projetos\AtlasWeb\ComexProcessoImp.dfm"
"fComexProcessoImp.clVia_Transporte";"Via de Transporte";"en-US";"";"FieldLabel";"c:\projetos\AtlasWeb\ComexProcessoImp.dfm"
"fComexProcessoImp.cCanal";"Canal";"en-US";"";"FieldLabel";"c:\projetos\AtlasWeb\ComexProcessoImp.dfm"
"fComexProcessoImp.cEmpresa";"Empresa";"en-US";"";"FieldLabel";"c:\projetos\AtlasWeb\ComexProcessoImp.dfm"
"fComexProcessoImp.PainelInterno3";"CARACTERÍSTICAS DA IMPORTAÇÃO";"en-US";"";"Title";"c:\projetos\AtlasWeb\ComexProcessoImp.dfm"
"fComexProcessoImp.cPreco_Venda";"Utiliza o valor de entrada dos produtos como valor de venda";"en-US";"";"Caption";"c:\projetos\AtlasWeb\ComexProcessoImp.dfm"
"fComexProcessoImp.cRateia_FretePeso";"Este processo rateia o valor das despesas pelo peso.";"en-US";"";"Caption";"c:\projetos\AtlasWeb\ComexProcessoImp.dfm"
"fComexProcessoImp.cICMS_DIferido";"ICMS Diferido";"en-US";"";"Caption";"c:\projetos\AtlasWeb\ComexProcessoImp.dfm"
"fComexProcessoImp.UniDBCheckBox1";"Courrier";"en-US";"";"Caption";"c:\projetos\AtlasWeb\ComexProcessoImp.dfm"
"fComexProcessoImp.UniDBCheckBox2";"Desativado";"en-US";"";"Caption";"c:\projetos\AtlasWeb\ComexProcessoImp.dfm"
"fComexProcessoImp.UniDBCheckBox3";"Entreposto";"en-US";"";"Caption";"c:\projetos\AtlasWeb\ComexProcessoImp.dfm"
"fComexProcessoImp.UniDBCheckBox4";"Desemb.Aduaneiro (DA)";"en-US";"";"Caption";"c:\projetos\AtlasWeb\ComexProcessoImp.dfm"
"fComexProcessoImp.UniDBCheckBox5";"Adm.Temporária";"en-US";"";"Caption";"c:\projetos\AtlasWeb\ComexProcessoImp.dfm"
"fComexProcessoImp.UniDBCheckBox6";"Apura PIS/COFINS";"en-US";"";"Caption";"c:\projetos\AtlasWeb\ComexProcessoImp.dfm"
"fComexProcessoImp.UniDBCheckBox7";"Exonerado";"en-US";"";"Caption";"c:\projetos\AtlasWeb\ComexProcessoImp.dfm"
"fComexProcessoImp.UniDBCheckBox8";"Estoque da Declaração Bloqueado";"en-US";"";"Caption";"c:\projetos\AtlasWeb\ComexProcessoImp.dfm"
"fComexProcessoImp.TabSheet3";"Outras Informações";"en-US";"";"Caption";"c:\projetos\AtlasWeb\ComexProcessoImp.dfm"
"fComexProcessoImp.UniPanel3";"DADOS GERAIS";"en-US";"";"Title";"c:\projetos\AtlasWeb\ComexProcessoImp.dfm"
"fComexProcessoImp.cCondicao_Pgto";"Condição Pagamento";"en-US";"";"FieldLabel";"c:\projetos\AtlasWeb\ComexProcessoImp.dfm"
"fComexProcessoImp.cLocal_Embarque";"Local Embarque";"en-US";"";"FieldLabel";"c:\projetos\AtlasWeb\ComexProcessoImp.dfm"
"fComexProcessoImp.cLocal_Desembarque";"Local Desembarque";"en-US";"";"FieldLabel";"c:\projetos\AtlasWeb\ComexProcessoImp.dfm"
"fComexProcessoImp.clUF_Desembaraco";"UF Desemb.";"en-US";"";"FieldLabel";"c:\projetos\AtlasWeb\ComexProcessoImp.dfm"
"fComexProcessoImp.cMargem_Lucro";"Margem de Lucro";"en-US";"";"FieldLabel";"c:\projetos\AtlasWeb\ComexProcessoImp.dfm"
"fComexProcessoImp.cDesconto_Operacional";"Desconto Operacional";"en-US";"";"FieldLabel";"c:\projetos\AtlasWeb\ComexProcessoImp.dfm"
"fComexProcessoImp.cDesconto_Adicional";"Desconto Adicional";"en-US";"";"FieldLabel";"c:\projetos\AtlasWeb\ComexProcessoImp.dfm"
"fComexProcessoImp.clLocal_Desembaraco";"Local Desembaraço";"en-US";"";"FieldLabel";"c:\projetos\AtlasWeb\ComexProcessoImp.dfm"
"fComexProcessoImp.GroupBox6";"Previsões";"en-US";"";"Caption";"c:\projetos\AtlasWeb\ComexProcessoImp.dfm"
"fComexProcessoImp.cFator_FaturamentoValor";"ME";"en-US";"";"FieldLabel";"c:\projetos\AtlasWeb\ComexProcessoImp.dfm"
"fComexProcessoImp.cFator_SISCOMEXValor";"ME";"en-US";"";"FieldLabel";"c:\projetos\AtlasWeb\ComexProcessoImp.dfm"
"fComexProcessoImp.cData_PrevRegistro";"Previsão Registro";"en-US";"";"FieldLabel";"c:\projetos\AtlasWeb\ComexProcessoImp.dfm"
"fComexProcessoImp.cData_PrevFaturamento";"Previsão Faturamento";"en-US";"";"FieldLabel";"c:\projetos\AtlasWeb\ComexProcessoImp.dfm"
"fComexProcessoImp.cCondicao_Pagamento";"Condição Pgto. (Dupl)";"en-US";"";"FieldLabel";"c:\projetos\AtlasWeb\ComexProcessoImp.dfm"
"fComexProcessoImp.cFator_FreteValor";"ME";"en-US";"";"FieldLabel";"c:\projetos\AtlasWeb\ComexProcessoImp.dfm"
"fComexProcessoImp.cData_PrevFrete";"Previsão Frete";"en-US";"";"FieldLabel";"c:\projetos\AtlasWeb\ComexProcessoImp.dfm"
"fComexProcessoImp.clPrevisao_FreteTransportador";"Fornecedor";"en-US";"";"FieldLabel";"c:\projetos\AtlasWeb\ComexProcessoImp.dfm"
"fComexProcessoImp.cFator_FaturamentoValorReal";"R$";"en-US";"";"FieldLabel";"c:\projetos\AtlasWeb\ComexProcessoImp.dfm"
"fComexProcessoImp.cFator_SISCOMEXValorReal";"R$";"en-US";"";"FieldLabel";"c:\projetos\AtlasWeb\ComexProcessoImp.dfm"
"fComexProcessoImp.cFator_FreteValorReal";"R$";"en-US";"";"FieldLabel";"c:\projetos\AtlasWeb\ComexProcessoImp.dfm"
"fComexProcessoImp.cFator_ArmazemValor";"ME";"en-US";"";"FieldLabel";"c:\projetos\AtlasWeb\ComexProcessoImp.dfm"
"fComexProcessoImp.cData_PrevArmazem";"Previsão Armazenagem";"en-US";"";"FieldLabel";"c:\projetos\AtlasWeb\ComexProcessoImp.dfm"
"fComexProcessoImp.clPrevisao_ArmazemFornecedor";"Fornecedor";"en-US";"";"FieldLabel";"c:\projetos\AtlasWeb\ComexProcessoImp.dfm"
"fComexProcessoImp.cFator_ArmazemValorReal";"R$";"en-US";"";"FieldLabel";"c:\projetos\AtlasWeb\ComexProcessoImp.dfm"
"fComexProcessoImp.cMargem_LucroValor";".";"en-US";"";"FieldLabel";"c:\projetos\AtlasWeb\ComexProcessoImp.dfm"
"fComexProcessoImp.cDesconto_OperacionalValor";".";"en-US";"";"FieldLabel";"c:\projetos\AtlasWeb\ComexProcessoImp.dfm"
"fComexProcessoImp.cDesconto_AdicionalValor";".";"en-US";"";"FieldLabel";"c:\projetos\AtlasWeb\ComexProcessoImp.dfm"
"fComexProcessoImp.cVencimento_Cambio";"Período Pgto.Câmbio";"en-US";"";"FieldLabel";"c:\projetos\AtlasWeb\ComexProcessoImp.dfm"
"fComexProcessoImp.cPais_Origem";"País Origem";"en-US";"";"FieldLabel";"c:\projetos\AtlasWeb\ComexProcessoImp.dfm"
"fComexProcessoImp.cObservacao";"Observações";"en-US";"";"FieldLabel";"c:\projetos\AtlasWeb\ComexProcessoImp.dfm"
"fComexProcessoImp.cCSTPIS";"CST PIS";"en-US";"";"FieldLabel";"c:\projetos\AtlasWeb\ComexProcessoImp.dfm"
"fComexProcessoImp.cCSTCOFINS";"CST COFINS";"en-US";"";"FieldLabel";"c:\projetos\AtlasWeb\ComexProcessoImp.dfm"
"fComexProcessoImp.cBCCredito";"Cód.B.C dos Créditos";"en-US";"";"FieldLabel";"c:\projetos\AtlasWeb\ComexProcessoImp.dfm"
"fComexProcessoImp.cConsignatario_CNPJ";"CNPJ Consignatário ";"en-US";"";"FieldLabel";"c:\projetos\AtlasWeb\ComexProcessoImp.dfm"
"fComexProcessoImp.cRecinto_Aduaneiro";"Recinto Aduaneiro";"en-US";"";"FieldLabel";"c:\projetos\AtlasWeb\ComexProcessoImp.dfm"
"fComexProcessoImp.cConsignatario_UF";"Consignatário UF";"en-US";"";"FieldLabel";"c:\projetos\AtlasWeb\ComexProcessoImp.dfm"
"fComexProcessoImp.TabSheet2";"Inf Compl";"en-US";"";"Caption";"c:\projetos\AtlasWeb\ComexProcessoImp.dfm"
"fComexProcessoImp.UniPanel4";"DADOS GERAIS";"en-US";"";"Title";"c:\projetos\AtlasWeb\ComexProcessoImp.dfm"
"fComexProcessoImp.cTexto";"Informações Complementares";"en-US";"";"FieldLabel";"c:\projetos\AtlasWeb\ComexProcessoImp.dfm"
"fComexProcessoImp.TabSheet8";" Financeiro";"en-US";"";"Caption";"c:\projetos\AtlasWeb\ComexProcessoImp.dfm"
"fComexProcessoImp.UniPanel5";"MOVIMENTAÇÃO FINANCEIRA";"en-US";"";"Title";"c:\projetos\AtlasWeb\ComexProcessoImp.dfm"
"fComexProcessoImp.bDespesas";"  Contas a pagar/Receber.  ";"en-US";"";"Hint";"c:\projetos\AtlasWeb\ComexProcessoImp.dfm"
"fComexProcessoImp.bDespesas";"Gerar Contas a Pagar";"en-US";"";"Caption";"c:\projetos\AtlasWeb\ComexProcessoImp.dfm"
"fComexProcessoImp.UniGroupBox1";"Custo Geral";"en-US";"";"Caption";"c:\projetos\AtlasWeb\ComexProcessoImp.dfm"
"fComexProcessoImp.cPgtoSai";"Saída";"en-US";"";"FieldLabel";"c:\projetos\AtlasWeb\ComexProcessoImp.dfm"
"fComexProcessoImp.cPgtoSel";"Seletivo";"en-US";"";"FieldLabel";"c:\projetos\AtlasWeb\ComexProcessoImp.dfm"
"fComexProcessoImp.cPgtoEnt";"Entrada";"en-US";"";"FieldLabel";"c:\projetos\AtlasWeb\ComexProcessoImp.dfm"
"fComexProcessoImp.cPgtoOut";"Outros";"en-US";"";"FieldLabel";"c:\projetos\AtlasWeb\ComexProcessoImp.dfm"
"fComexProcessoImp.UniGroupBox3";"Processo Mestre";"en-US";"";"Caption";"c:\projetos\AtlasWeb\ComexProcessoImp.dfm"
"fComexProcessoImp.cTotalMestreDespesas2";"Pagamentos";"en-US";"";"FieldLabel";"c:\projetos\AtlasWeb\ComexProcessoImp.dfm"
"fComexProcessoImp.cTotalMestreCusto2";"Custo Geral";"en-US";"";"FieldLabel";"c:\projetos\AtlasWeb\ComexProcessoImp.dfm"
"fComexProcessoImp.cMestreRecebimentos2";"Recebimentos";"en-US";"";"FieldLabel";"c:\projetos\AtlasWeb\ComexProcessoImp.dfm"
"fComexProcessoImp.UniGroupBox4";"Total Geral";"en-US";"";"Caption";"c:\projetos\AtlasWeb\ComexProcessoImp.dfm"
"fComexProcessoImp.cTotalCusto2";"Custo";"en-US";"";"FieldLabel";"c:\projetos\AtlasWeb\ComexProcessoImp.dfm"
"fComexProcessoImp.cTotalRecebimentos2";"Pagamentos";"en-US";"";"FieldLabel";"c:\projetos\AtlasWeb\ComexProcessoImp.dfm"
"fComexProcessoImp.cTotalPagamentos2";"Recebimentos";"en-US";"";"FieldLabel";"c:\projetos\AtlasWeb\ComexProcessoImp.dfm"
"fComexProcessoImp.TabSheet9";"Seriais";"en-US";"";"Caption";"c:\projetos\AtlasWeb\ComexProcessoImp.dfm"
"fComexProcessoImp.UniPanel6";"RELAÇÃO DE CHASSIS / SERIAIS";"en-US";"";"Title";"c:\projetos\AtlasWeb\ComexProcessoImp.dfm"
"fComexProcessoImp.TabSheet7";"Containers";"en-US";"";"Caption";"c:\projetos\AtlasWeb\ComexProcessoImp.dfm"
"fComexProcessoImp.UniPanel7";"RELAÇÃO DE CONTAINERS";"en-US";"";"Title";"c:\projetos\AtlasWeb\ComexProcessoImp.dfm"
"fComexProcessoImp.bCadastroContainer";"  Ativa ou desativa processos.";"en-US";"";"Hint";"c:\projetos\AtlasWeb\ComexProcessoImp.dfm"
"fComexProcessoImp.bCadastroContainer";"Cadastro de Containers";"en-US";"";"Caption";"c:\projetos\AtlasWeb\ComexProcessoImp.dfm"
"fComexProcessoImp.TabSheet4";"Histórico";"en-US";"";"Caption";"c:\projetos\AtlasWeb\ComexProcessoImp.dfm"
"fComexProcessoImp.UniPanel10";"HISTÓRICO DE ANDAMENTO D(FOLLOW-UP)";"en-US";"";"Title";"c:\projetos\AtlasWeb\ComexProcessoImp.dfm"
"fComexProcessoImp.bHistorico";"  Ativa ou desativa processos.";"en-US";"";"Hint";"c:\projetos\AtlasWeb\ComexProcessoImp.dfm"
"fComexProcessoImp.bHistorico";"Editar";"en-US";"";"Caption";"c:\projetos\AtlasWeb\ComexProcessoImp.dfm"
"fComexProcessoImp.TabSheet10";"Documentos";"en-US";"";"Caption";"c:\projetos\AtlasWeb\ComexProcessoImp.dfm"
"fComexProcessoImp.UniPanel9";"RELAÇÃO DE DOCUMENTOS";"en-US";"";"Title";"c:\projetos\AtlasWeb\ComexProcessoImp.dfm"
"fComexProcessoImp.bDocumento";"Adicionar DOC";"en-US";"";"Caption";"c:\projetos\AtlasWeb\ComexProcessoImp.dfm"
"fComexProcessoImp.BitBtn2";"Remover DOC";"en-US";"";"Caption";"c:\projetos\AtlasWeb\ComexProcessoImp.dfm"
"fComexProcessoImp.BitBtn1";"Limpar Tudo";"en-US";"";"Caption";"c:\projetos\AtlasWeb\ComexProcessoImp.dfm"
"fComexProcessoImp.BitBtn3";"Salvar";"en-US";"";"Caption";"c:\projetos\AtlasWeb\ComexProcessoImp.dfm"
"fComexProcessoImp.mnMarcarCustoEntrada";"Marcar como Custo Geral (Entrada)";"en-US";"";"Caption";"c:\projetos\AtlasWeb\ComexProcessoImp.dfm"
"fComexProcessoImp.mnDesmarcarCustoEntrada";"Desmarcar como Custo Geral (Entrada)";"en-US";"";"Caption";"c:\projetos\AtlasWeb\ComexProcessoImp.dfm"
"fComexProcessoImp.mnMarcarCustoTodosEntrada";"Marcar todos como Custo Geral (Entrada)";"en-US";"";"Caption";"c:\projetos\AtlasWeb\ComexProcessoImp.dfm"
"fComexProcessoImp.mnDesmarcarCustoTodosEntrada";"Desmarcar todos como Custo Geral (Entrada)";"en-US";"";"Caption";"c:\projetos\AtlasWeb\ComexProcessoImp.dfm"
"fComexProcessoImp.N2";"-";"en-US";"";"Caption";"c:\projetos\AtlasWeb\ComexProcessoImp.dfm"
"fComexProcessoImp.mnMarcarCusto";"Marcar como Custo Geral (Saída)";"en-US";"";"Caption";"c:\projetos\AtlasWeb\ComexProcessoImp.dfm"
"fComexProcessoImp.mnDesmarcarCusto";"Desmarcar como Custo Geral (Saída)";"en-US";"";"Caption";"c:\projetos\AtlasWeb\ComexProcessoImp.dfm"
"fComexProcessoImp.mnMarcarCustoTodos";"Marcar todos como Custo Geral (Saída)";"en-US";"";"Caption";"c:\projetos\AtlasWeb\ComexProcessoImp.dfm"
"fComexProcessoImp.mnDesmarcarCustoTodos";"Desmarcar todos como Custo Geral (Saída)";"en-US";"";"Caption";"c:\projetos\AtlasWeb\ComexProcessoImp.dfm"
"fComexProcessoImp.N3";"-";"en-US";"";"Caption";"c:\projetos\AtlasWeb\ComexProcessoImp.dfm"
"fComexProcessoImp.mnMarcarCustoOutros";"Marcar como Custo Geral (Outros)";"en-US";"";"Caption";"c:\projetos\AtlasWeb\ComexProcessoImp.dfm"
"fComexProcessoImp.mnDesmarcarCustoOutros";"Desmarcar como Custo Geral (Outros)";"en-US";"";"Caption";"c:\projetos\AtlasWeb\ComexProcessoImp.dfm"
"fComexProcessoImp.mnMarcarCustoTodosOutros";"Marcar todos como Custo Geral (Outros)";"en-US";"";"Caption";"c:\projetos\AtlasWeb\ComexProcessoImp.dfm"
"fComexProcessoImp.mnDesmarcarCustoTodosOutros";"Desmarcar todos como Custo Geral (Outros)";"en-US";"";"Caption";"c:\projetos\AtlasWeb\ComexProcessoImp.dfm"
"fComexProcessoImp.N1";"-";"en-US";"";"Caption";"c:\projetos\AtlasWeb\ComexProcessoImp.dfm"
"fComexProcessoImp.mnMarcarSeletivo";"Marcar Como Custo Seletivo";"en-US";"";"Caption";"c:\projetos\AtlasWeb\ComexProcessoImp.dfm"
"fComexProcessoImp.mnDesmarcarSeletivo";"Desmarcar como Custo Seletivo";"en-US";"";"Caption";"c:\projetos\AtlasWeb\ComexProcessoImp.dfm"
"fComexProcessoImp.mnMarcarSeletivoTodos";"Marcar todos como Custo Seletivo";"en-US";"";"Caption";"c:\projetos\AtlasWeb\ComexProcessoImp.dfm"
"fComexProcessoImp.mnDesmarcarSeletivoTodos";"Desmarcar todos como Custo Seletivo";"en-US";"";"Caption";"c:\projetos\AtlasWeb\ComexProcessoImp.dfm"
"fConfigAtalhos.pFicha";"Selecione as opções para os Atalhos";"en-US";"";"Title";"c:\projetos\AtlasWeb\ConfigAtalhos.dfm"
"fConfigAtalhos.bCriarAtalhos";"Criar Atalhos";"en-US";"";"Caption";"c:\projetos\AtlasWeb\ConfigAtalhos.dfm"
"fConfigCampos.pFicha5";"DADOS GERAIS";"en-US";"";"Title";"c:\projetos\AtlasWeb\ConfigCampos.dfm"
"fConfigCampos.cTab";"Filtrar Tabela";"en-US";"";"FieldLabel";"c:\projetos\AtlasWeb\ConfigCampos.dfm"
"fConfigCampos.cCam";"Filtrar Campo";"en-US";"";"FieldLabel";"c:\projetos\AtlasWeb\ConfigCampos.dfm"
"fConfigCampos.cFiltro";"Filtros";"en-US";"";"Caption";"c:\projetos\AtlasWeb\ConfigCampos.dfm"
"fConfigCampos.cCal";"Calculaveis";"en-US";"";"Caption";"c:\projetos\AtlasWeb\ConfigCampos.dfm"
"fConfigCampos.cFun";"Funções";"en-US";"";"Caption";"c:\projetos\AtlasWeb\ConfigCampos.dfm"
"fConfigCampos.cSQL";"Com SQL";"en-US";"";"Caption";"c:\projetos\AtlasWeb\ConfigCampos.dfm"
"fConfigCampos.cVis";"Visíveis";"en-US";"";"Caption";"c:\projetos\AtlasWeb\ConfigCampos.dfm"
"fConfigCampos.cRec";"Recebe fórmula";"en-US";"";"Caption";"c:\projetos\AtlasWeb\ConfigCampos.dfm"
"fConfigCampos.cImp";"Imposto";"en-US";"";"Caption";"c:\projetos\AtlasWeb\ConfigCampos.dfm"
"fConfigCampos.cPer";"Percentual";"en-US";"";"Caption";"c:\projetos\AtlasWeb\ConfigCampos.dfm"
"fConfigCampos.cDes";"Filtrar Descrição";"en-US";"";"FieldLabel";"c:\projetos\AtlasWeb\ConfigCampos.dfm"
"fConfigCampos.bExcluir";"Excluir registro corrente.";"en-US";"";"Hint";"c:\projetos\AtlasWeb\ConfigCampos.dfm"
"fConfigCampos.bFechar";"Fecha a tela de cadastro atual.";"en-US";"";"Hint";"c:\projetos\AtlasWeb\ConfigCampos.dfm"
"fConfigCampos.bAdicionar";"Adicionar novo registro.";"en-US";"";"Hint";"c:\projetos\AtlasWeb\ConfigCampos.dfm"
"fConfigSis.bAdicionar";"Adicionar novo registro.";"en-US";"";"Hint";"c:\projetos\AtlasWeb\ConfigSis.dfm"
"fConfigSis.bEditar";"Editar registro corrente.";"en-US";"";"Hint";"c:\projetos\AtlasWeb\ConfigSis.dfm"
"fConfigSis.bExcluir";"Excluir registro corrente.";"en-US";"";"Hint";"c:\projetos\AtlasWeb\ConfigSis.dfm"
"fConfigSis.bCancelar";"Cancelar modificações feitas no registro corrente.";"en-US";"";"Hint";"c:\projetos\AtlasWeb\ConfigSis.dfm"
"fConfigSis.bGravar";"Salva o registro corrente.";"en-US";"";"Hint";"c:\projetos\AtlasWeb\ConfigSis.dfm"
"fConfigSis.bFechar";"Fecha a tela de cadastro atual.";"en-US";"";"Hint";"c:\projetos\AtlasWeb\ConfigSis.dfm"
"fConfigSis.TabSheet1";"Sistema";"en-US";"";"Caption";"c:\projetos\AtlasWeb\ConfigSis.dfm"
"fConfigSis.pFicha1";"DADOS GERAIS";"en-US";"";"Title";"c:\projetos\AtlasWeb\ConfigSis.dfm"
"fConfigSis.GroupBox9";"Backup";"en-US";"";"Caption";"c:\projetos\AtlasWeb\ConfigSis.dfm"
"fConfigSis.cBackup_Automatico";"Backup automático.";"en-US";"";"Caption";"c:\projetos\AtlasWeb\ConfigSis.dfm"
"fConfigSis.cBackup_Hora";"Hora do Backup";"en-US";"";"FieldLabel";"c:\projetos\AtlasWeb\ConfigSis.dfm"
"fConfigSis.GroupBox3";"Rede / Internet";"en-US";"";"Caption";"c:\projetos\AtlasWeb\ConfigSis.dfm"
"fConfigSis.cSite";"Site";"en-US";"";"FieldLabel";"c:\projetos\AtlasWeb\ConfigSis.dfm"
"fConfigSis.cEmail_Suporte";"E-mail do Suporte";"en-US";"";"FieldLabel";"c:\projetos\AtlasWeb\ConfigSis.dfm"
"fConfigSis.cIP_Suporte";"IP do Suporte";"en-US";"";"FieldLabel";"c:\projetos\AtlasWeb\ConfigSis.dfm"
"fConfigSis.cServidor_Proxy";"Endereço do servidor Proxy ";"en-US";"";"FieldLabel";"c:\projetos\AtlasWeb\ConfigSis.dfm"
"fConfigSis.cUsuario_Proxy";"Usuário Proxy";"en-US";"";"FieldLabel";"c:\projetos\AtlasWeb\ConfigSis.dfm"
"fConfigSis.cSenha_FTP";"Senha";"en-US";"";"FieldLabel";"c:\projetos\AtlasWeb\ConfigSis.dfm"
"fConfigSis.cUsuario_FTP";"Usuário FTP";"en-US";"";"FieldLabel";"c:\projetos\AtlasWeb\ConfigSis.dfm"
"fConfigSis.cSenha_Proxy";"Senha";"en-US";"";"FieldLabel";"c:\projetos\AtlasWeb\ConfigSis.dfm"
"fConfigSis.cPassive_FTP";"FTP Passive mode";"en-US";"";"Caption";"c:\projetos\AtlasWeb\ConfigSis.dfm"
"fConfigSis.bDLL";"Versão DLL";"en-US";"";"Caption";"c:\projetos\AtlasWeb\ConfigSis.dfm"
"fConfigSis.TabSheet4";"Impressão";"en-US";"";"Caption";"c:\projetos\AtlasWeb\ConfigSis.dfm"
"fConfigSis.UniPanel2";"DADOS GERAIS";"en-US";"";"Title";"c:\projetos\AtlasWeb\ConfigSis.dfm"
"fConfigSis.cExtenso_Maiusculo";"Impressão de valores por extenso em maíusculo.";"en-US";"";"Caption";"c:\projetos\AtlasWeb\ConfigSis.dfm"
"fConfigSis.cAbrir_PDFDANFE";"Abrir PDF do DANFE após envio de NF-e para SEFAZ.";"en-US";"";"Caption";"c:\projetos\AtlasWeb\ConfigSis.dfm"
"fConfigSis.GroupBox35";"NF-e";"en-US";"";"Caption";"c:\projetos\AtlasWeb\ConfigSis.dfm"
"fConfigSis.cSeparar_NFE";"Pastas separadas (Entrada/Saída)";"en-US";"";"Caption";"c:\projetos\AtlasWeb\ConfigSis.dfm"
"fConfigSis.cSeparar_NFEMes";"Pastas separadas (Mês)";"en-US";"";"Caption";"c:\projetos\AtlasWeb\ConfigSis.dfm"
"fConfigSis.GroupBox36";"Boletos";"en-US";"";"Caption";"c:\projetos\AtlasWeb\ConfigSis.dfm"
"fConfigSis.cSeparar_BoletoBanco";"Pastas separadas (Bancos)";"en-US";"";"Caption";"c:\projetos\AtlasWeb\ConfigSis.dfm"
"fConfigSis.cSeparar_BoletoData";"Pastas separadas (Data)";"en-US";"";"Caption";"c:\projetos\AtlasWeb\ConfigSis.dfm"
"fConfigSis.cNFE_DANFE_CodigoProduto";"Código da Mercadoria na Impressão do DANFE";"en-US";"";"Caption";"c:\projetos\AtlasWeb\ConfigSis.dfm"
"fConfigSis.TabSheet11";"Faturamento";"en-US";"";"Caption";"c:\projetos\AtlasWeb\ConfigSis.dfm"
"fConfigSis.UniPanel3";"DADOS GERAIS";"en-US";"";"Title";"c:\projetos\AtlasWeb\ConfigSis.dfm"
"fConfigSis.GroupBox2";"Rateios";"en-US";"";"Caption";"c:\projetos\AtlasWeb\ConfigSis.dfm"
"fConfigSis.cRateio_Frete";"Frete";"en-US";"";"Caption";"c:\projetos\AtlasWeb\ConfigSis.dfm"
"fConfigSis.cRateio_Seguro";"Seguro";"en-US";"";"Caption";"c:\projetos\AtlasWeb\ConfigSis.dfm"
"fConfigSis.cRateio_Despesas";"Despesas";"en-US";"";"Caption";"c:\projetos\AtlasWeb\ConfigSis.dfm"
"fConfigSis.cRateio_COFINS";"COFINS";"en-US";"";"Caption";"c:\projetos\AtlasWeb\ConfigSis.dfm"
"fConfigSis.cRateio_PIS";"PIS";"en-US";"";"Caption";"c:\projetos\AtlasWeb\ConfigSis.dfm"
"fConfigSis.cRateio_Valoracao";"Acréscimo";"en-US";"";"Caption";"c:\projetos\AtlasWeb\ConfigSis.dfm"
"fConfigSis.cRateio_DespesasValor";"Ratear Despesas";"en-US";"";"Caption";"c:\projetos\AtlasWeb\ConfigSis.dfm"
"fConfigSis.cValor_Despesas";"Valor das Despesas de Custo do processo";"en-US";"";"Caption";"c:\projetos\AtlasWeb\ConfigSis.dfm"
"fConfigSis.cEmail_NFE";"Enviar todas as Notas/C.Correção/Cancelamentos para o E-mail";"en-US";"";"FieldLabel";"c:\projetos\AtlasWeb\ConfigSis.dfm"
"fConfigSis.GroupBox27";"Diversos";"en-US";"";"Caption";"c:\projetos\AtlasWeb\ConfigSis.dfm"
"fConfigSis.cBotao_Duplicata";"Desabilitar botão ""Gerar Duplicatas"" das telas de Pedido.";"en-US";"";"Caption";"c:\projetos\AtlasWeb\ConfigSis.dfm"
"fConfigSis.cCalculo_Reverso";"Habilitar cálculo reverso nos pedidos.";"en-US";"";"Caption";"c:\projetos\AtlasWeb\ConfigSis.dfm"
"fConfigSis.cFaturamento_BloquearAtraso";"Bloquear pedidos para clientes com pagamentos em atraso.";"en-US";"";"Caption";"c:\projetos\AtlasWeb\ConfigSis.dfm"
"fConfigSis.GroupBox30";"Estoque Minímo";"en-US";"";"Caption";"c:\projetos\AtlasWeb\ConfigSis.dfm"
"fConfigSis.cEstoque_MinimoPerc";"Percentual";"en-US";"";"FieldLabel";"c:\projetos\AtlasWeb\ConfigSis.dfm"
"fConfigSis.bMinimo";"Reprocessar Estoque Minímo de todos os produtos";"en-US";"";"Caption";"c:\projetos\AtlasWeb\ConfigSis.dfm"
"fConfigSis.TabSheet12";"Fiscais";"en-US";"";"Caption";"c:\projetos\AtlasWeb\ConfigSis.dfm"
"fConfigSis.UniPanel5";"DADOS GERAIS";"en-US";"";"Title";"c:\projetos\AtlasWeb\ConfigSis.dfm"
"fConfigSis.GroupBox10";"Vencimentos dos  Impostos (Dia)";"en-US";"";"Caption";"c:\projetos\AtlasWeb\ConfigSis.dfm"
"fConfigSis.cVencimento_ICMSFUNDAP";"ICMS FUNDAP";"en-US";"";"FieldLabel";"c:\projetos\AtlasWeb\ConfigSis.dfm"
"fConfigSis.cVencimento_ICMSINVEST";"ICMS INVEST";"en-US";"";"FieldLabel";"c:\projetos\AtlasWeb\ConfigSis.dfm"
"fConfigSis.cVencimento_ICMSComercio";"ICMS Comércio";"en-US";"";"FieldLabel";"c:\projetos\AtlasWeb\ConfigSis.dfm"
"fConfigSis.cVencimento_PIS";"PIS";"en-US";"";"FieldLabel";"c:\projetos\AtlasWeb\ConfigSis.dfm"
"fConfigSis.cVencimento_COFINS";"COFINS";"en-US";"";"FieldLabel";"c:\projetos\AtlasWeb\ConfigSis.dfm"
"fConfigSis.cVencimento_IPI";"IPI";"en-US";"";"FieldLabel";"c:\projetos\AtlasWeb\ConfigSis.dfm"
"fConfigSis.cVencimento_IRPJ";"IRPJ";"en-US";"";"FieldLabel";"c:\projetos\AtlasWeb\ConfigSis.dfm"
"fConfigSis.cVencimento_CSLL";"CSLL";"en-US";"";"FieldLabel";"c:\projetos\AtlasWeb\ConfigSis.dfm"
"fConfigSis.cClassICMS";"Orgão";"en-US";"";"FieldLabel";"c:\projetos\AtlasWeb\ConfigSis.dfm"
"fConfigSis.RxDBLookupCombo3";"Tipo DOC";"en-US";"";"FieldLabel";"c:\projetos\AtlasWeb\ConfigSis.dfm"
"fConfigSis.RxDBLookupCombo4";"Orgão";"en-US";"";"FieldLabel";"c:\projetos\AtlasWeb\ConfigSis.dfm"
"fConfigSis.RxDBLookupCombo5";"Tipo DOC";"en-US";"";"FieldLabel";"c:\projetos\AtlasWeb\ConfigSis.dfm"
"fConfigSis.RxDBLookupCombo6";"Orgão";"en-US";"";"FieldLabel";"c:\projetos\AtlasWeb\ConfigSis.dfm"
"fConfigSis.RxDBLookupCombo7";"Tipo DOC";"en-US";"";"FieldLabel";"c:\projetos\AtlasWeb\ConfigSis.dfm"
"fConfigSis.RxDBLookupCombo8";"Orgão";"en-US";"";"FieldLabel";"c:\projetos\AtlasWeb\ConfigSis.dfm"
"fConfigSis.RxDBLookupCombo9";"Tipo DOC";"en-US";"";"FieldLabel";"c:\projetos\AtlasWeb\ConfigSis.dfm"
"fConfigSis.RxDBLookupCombo10";"Orgão";"en-US";"";"FieldLabel";"c:\projetos\AtlasWeb\ConfigSis.dfm"
"fConfigSis.RxDBLookupCombo11";"Tipo DOC";"en-US";"";"FieldLabel";"c:\projetos\AtlasWeb\ConfigSis.dfm"
"fConfigSis.RxDBLookupCombo12";"Orgão";"en-US";"";"FieldLabel";"c:\projetos\AtlasWeb\ConfigSis.dfm"
"fConfigSis.RxDBLookupCombo13";"Tipo DOC";"en-US";"";"FieldLabel";"c:\projetos\AtlasWeb\ConfigSis.dfm"
"fConfigSis.GroupBox29";"CIAP";"en-US";"";"Caption";"c:\projetos\AtlasWeb\ConfigSis.dfm"
"fConfigSis.cValor_CIAP";"Valor Mínimo para imobilizado (CIAP)";"en-US";"";"FieldLabel";"c:\projetos\AtlasWeb\ConfigSis.dfm"
"fConfigSis.cParcelas_CIAP";"Parcelas (Meses)";"en-US";"";"FieldLabel";"c:\projetos\AtlasWeb\ConfigSis.dfm"
"fConfigSis.GroupBox33";"Diferencial de Alíquota ICMS (DIFAL)";"en-US";"";"Caption";"c:\projetos\AtlasWeb\ConfigSis.dfm"
"fConfigSis.cDIFAL_ICMSPart";"Percentual participação ano Corrente (Estado Destino)";"en-US";"";"FieldLabel";"c:\projetos\AtlasWeb\ConfigSis.dfm"
"fConfigSis.GroupBox7";"Conhecimento de Transporte (CTR)";"en-US";"";"Caption";"c:\projetos\AtlasWeb\ConfigSis.dfm"
"fConfigSis.cPIS_CTR";"PIS";"en-US";"";"FieldLabel";"c:\projetos\AtlasWeb\ConfigSis.dfm"
"fConfigSis.cCOFINS_CTR";"COFINS";"en-US";"";"FieldLabel";"c:\projetos\AtlasWeb\ConfigSis.dfm"
"fConfigSis.clRamo_CTR";"Ramo de Atividade";"en-US";"";"FieldLabel";"c:\projetos\AtlasWeb\ConfigSis.dfm"
"fConfigSis.cItem_CTR";"Código Produto";"en-US";"";"FieldLabel";"c:\projetos\AtlasWeb\ConfigSis.dfm"
"fConfigSis.UniGroupBox1";"SPED (Fiscal/PISCOFINS)";"en-US";"";"Caption";"c:\projetos\AtlasWeb\ConfigSis.dfm"
"fConfigSis.GroupBox11";"Inventario (SPED FISCAL)";"en-US";"";"Caption";"c:\projetos\AtlasWeb\ConfigSis.dfm"
"fConfigSis.cSPED_MesInventario";"Ramo de Atividade";"en-US";"";"FieldLabel";"c:\projetos\AtlasWeb\ConfigSis.dfm"
"fConfigSis.cConta_Inventario";"Conta";"en-US";"";"FieldLabel";"c:\projetos\AtlasWeb\ConfigSis.dfm"
"fConfigSis.GroupBox18";"Contas Contábeis para o PIS (SPED PIS/COFINS)";"en-US";"";"Caption";"c:\projetos\AtlasWeb\ConfigSis.dfm"
"fConfigSis.cPIS_ContaCodigo";"Conta";"en-US";"";"FieldLabel";"c:\projetos\AtlasWeb\ConfigSis.dfm"
"fConfigSis.cCOFINS_ContaCodigo";"Conta";"en-US";"";"FieldLabel";"c:\projetos\AtlasWeb\ConfigSis.dfm"
"fConfigSis.TabSheet7";"Contábeis";"en-US";"";"Caption";"c:\projetos\AtlasWeb\ConfigSis.dfm"
"fConfigSis.UniPanel4";"DADOS GERAIS";"en-US";"";"Title";"c:\projetos\AtlasWeb\ConfigSis.dfm"
"fConfigSis.GroupBox15";"Criação de Contas automático no Plano de Contas";"en-US";"";"Caption";"c:\projetos\AtlasWeb\ConfigSis.dfm"
"fConfigSis.clContab_GrupoBanco";"Grupo de Bancos para criação de Contas automático ";"en-US";"";"FieldLabel";"c:\projetos\AtlasWeb\ConfigSis.dfm"
"fConfigSis.cParametrizacao_Contabil";"Obrigar parametrização contabíl nos cadastros";"en-US";"";"Caption";"c:\projetos\AtlasWeb\ConfigSis.dfm"
"fConfigSis.GroupBox34";"Lançamentos de Encerramento";"en-US";"";"Caption";"c:\projetos\AtlasWeb\ConfigSis.dfm"
"fConfigSis.clContab_HistoricoEncPrejuizo";"Histórico (Prejuízo Acumulado)";"en-US";"";"FieldLabel";"c:\projetos\AtlasWeb\ConfigSis.dfm"
"fConfigSis.clContab_ContaEncLucro";"Conta (Lucro Acumulado)";"en-US";"";"FieldLabel";"c:\projetos\AtlasWeb\ConfigSis.dfm"
"fConfigSis.clContab_ContaEncPrejuizo";"Conta (Prejuízo Acumulado)";"en-US";"";"FieldLabel";"c:\projetos\AtlasWeb\ConfigSis.dfm"
"fConfigSis.clContab_ContaResultado";"Conta (Resultado)";"en-US";"";"FieldLabel";"c:\projetos\AtlasWeb\ConfigSis.dfm"
"fConfigSis.clContab_HistoricoResultado";"Histórico (Resultado)";"en-US";"";"FieldLabel";"c:\projetos\AtlasWeb\ConfigSis.dfm"
"fConfigSis.clContab_HistoricoEncLucro";"Histórico (Lucro Acumulado)";"en-US";"";"FieldLabel";"c:\projetos\AtlasWeb\ConfigSis.dfm"
"fConfigSis.cContab_Numeracao";"Numeração sequêncial das contas do Plano de Contas";"en-US";"";"Caption";"c:\projetos\AtlasWeb\ConfigSis.dfm"
"fConfigSis.UniDBRadioGroup1";"Método de Parâmetrização Contabil";"en-US";"";"Caption";"c:\projetos\AtlasWeb\ConfigSis.dfm"
"fConfigSis.TabSheet13";"Financeiros";"en-US";"";"Caption";"c:\projetos\AtlasWeb\ConfigSis.dfm"
"fConfigSis.TabSheet6";"Lançamentos";"en-US";"";"Caption";"c:\projetos\AtlasWeb\ConfigSis.dfm"
"fConfigSis.UniPanel6";"DADOS GERAIS";"en-US";"";"Title";"c:\projetos\AtlasWeb\ConfigSis.dfm"
"fConfigSis.clClassificacao_DescontosRC";"Descontos Recebidos";"en-US";"";"FieldLabel";"c:\projetos\AtlasWeb\ConfigSis.dfm"
"fConfigSis.clClassificacao_DescontosPG";"Descontos Concedidos";"en-US";"";"FieldLabel";"c:\projetos\AtlasWeb\ConfigSis.dfm"
"fConfigSis.clClassificacao_MultaRC";"Multas Recebidas";"en-US";"";"FieldLabel";"c:\projetos\AtlasWeb\ConfigSis.dfm"
"fConfigSis.clClassificacao_JurosPG";"Juros Pagos";"en-US";"";"FieldLabel";"c:\projetos\AtlasWeb\ConfigSis.dfm"
"fConfigSis.clClassificacao_JurosRC";"Juros Recebidos";"en-US";"";"FieldLabel";"c:\projetos\AtlasWeb\ConfigSis.dfm"
"fConfigSis.clClassificacao_MultaPG";"Multas Pagas";"en-US";"";"FieldLabel";"c:\projetos\AtlasWeb\ConfigSis.dfm"
"fConfigSis.GroupBox13";"Classificações Financeiras de Recebimento para Transferências";"en-US";"";"Caption";"c:\projetos\AtlasWeb\ConfigSis.dfm"
"fConfigSis.clClassificacao_TransfBanco";"Transferência Bancária";"en-US";"";"FieldLabel";"c:\projetos\AtlasWeb\ConfigSis.dfm"
"fConfigSis.clClassificacao_TransfProcesso";"Transferência Processo";"en-US";"";"FieldLabel";"c:\projetos\AtlasWeb\ConfigSis.dfm"
"fConfigSis.GroupBox14";"Classificações Financeiras para Fechamento de Câmbio";"en-US";"";"Caption";"c:\projetos\AtlasWeb\ConfigSis.dfm"
"fConfigSis.clClassificacao_CambioVarAtiva";"Variação (Ativa)";"en-US";"";"FieldLabel";"c:\projetos\AtlasWeb\ConfigSis.dfm"
"fConfigSis.clDocumento_Cambio";"Documento";"en-US";"";"FieldLabel";"c:\projetos\AtlasWeb\ConfigSis.dfm"
"fConfigSis.clClassificacao_CambioVarPassiva";"Variação (Passiva)";"en-US";"";"FieldLabel";"c:\projetos\AtlasWeb\ConfigSis.dfm"
"fConfigSis.GroupBox16";"Classificação Financeira para o Lançamento do Contrato de Câmbio";"en-US";"";"Caption";"c:\projetos\AtlasWeb\ConfigSis.dfm"
"fConfigSis.clContratoCambio_Classificacao";"Lançamento Financeiro";"en-US";"";"FieldLabel";"c:\projetos\AtlasWeb\ConfigSis.dfm"
"fConfigSis.clContratoCambio_Documento";"Documento";"en-US";"";"FieldLabel";"c:\projetos\AtlasWeb\ConfigSis.dfm"
"fConfigSis.TabSheet5";"Duplicatas";"en-US";"";"Caption";"c:\projetos\AtlasWeb\ConfigSis.dfm"
"fConfigSis.UniPanel7";"DADOS GERAIS";"en-US";"";"Title";"c:\projetos\AtlasWeb\ConfigSis.dfm"
"fConfigSis.GroupBox4";"Geração das Duplicatas dos Impostos";"en-US";"";"Caption";"c:\projetos\AtlasWeb\ConfigSis.dfm"
"fConfigSis.cDuplicata01_Dias";"Vencto.(Dias)";"en-US";"";"FieldLabel";"c:\projetos\AtlasWeb\ConfigSis.dfm"
"fConfigSis.cDuplicata02_Dias";"Vencto.(Dias)";"en-US";"";"FieldLabel";"c:\projetos\AtlasWeb\ConfigSis.dfm"
"fConfigSis.cDuplicata03_Dias";"Vencto.(Dias)";"en-US";"";"FieldLabel";"c:\projetos\AtlasWeb\ConfigSis.dfm"
"fConfigSis.cDuplicata04_Dias";"Vencto.(Dias)";"en-US";"";"FieldLabel";"c:\projetos\AtlasWeb\ConfigSis.dfm"
"fConfigSis.cDuplicata05_Dias";"Vencto.(Dias)";"en-US";"";"FieldLabel";"c:\projetos\AtlasWeb\ConfigSis.dfm"
"fConfigSis.cDuplicata06_Dias";"Vencto.(Dias)";"en-US";"";"FieldLabel";"c:\projetos\AtlasWeb\ConfigSis.dfm"
"fConfigSis.cDuplicata07_Dias";"Vencto.(Dias)";"en-US";"";"FieldLabel";"c:\projetos\AtlasWeb\ConfigSis.dfm"
"fConfigSis.cDuplicata08_Dias";"Vencto.(Dias)";"en-US";"";"FieldLabel";"c:\projetos\AtlasWeb\ConfigSis.dfm"
"fConfigSis.cDuplicata01_Sub";"Mês Subsequente";"en-US";"";"Caption";"c:\projetos\AtlasWeb\ConfigSis.dfm"
"fConfigSis.cDuplicata02_Sub";"Mês Subsequente";"en-US";"";"Caption";"c:\projetos\AtlasWeb\ConfigSis.dfm"
"fConfigSis.cDuplicata03_Sub";"Mês Subsequente";"en-US";"";"Caption";"c:\projetos\AtlasWeb\ConfigSis.dfm"
"fConfigSis.cDuplicata04_Sub";"Mês Subsequente";"en-US";"";"Caption";"c:\projetos\AtlasWeb\ConfigSis.dfm"
"fConfigSis.cDuplicata05_Sub";"Mês Subsequente";"en-US";"";"Caption";"c:\projetos\AtlasWeb\ConfigSis.dfm"
"fConfigSis.cDuplicata06_Sub";"Mês Subsequente";"en-US";"";"Caption";"c:\projetos\AtlasWeb\ConfigSis.dfm"
"fConfigSis.cDuplicata07_Sub";"Mês Subsequente";"en-US";"";"Caption";"c:\projetos\AtlasWeb\ConfigSis.dfm"
"fConfigSis.cDuplicata08_Sub";"Mês Subsequente";"en-US";"";"Caption";"c:\projetos\AtlasWeb\ConfigSis.dfm"
"fConfigSis.clDuplicata01";"Duplicata 1";"en-US";"";"FieldLabel";"c:\projetos\AtlasWeb\ConfigSis.dfm"
"fConfigSis.clDuplicata02";"Duplicata 2";"en-US";"";"FieldLabel";"c:\projetos\AtlasWeb\ConfigSis.dfm"
"fConfigSis.clDuplicata03";"Duplicata 3";"en-US";"";"FieldLabel";"c:\projetos\AtlasWeb\ConfigSis.dfm"
"fConfigSis.clDuplicata06";"Duplicata 6";"en-US";"";"FieldLabel";"c:\projetos\AtlasWeb\ConfigSis.dfm"
"fConfigSis.clDuplicata05";"Duplicata 5";"en-US";"";"FieldLabel";"c:\projetos\AtlasWeb\ConfigSis.dfm"
"fConfigSis.clDuplicata04";"Duplicata 4";"en-US";"";"FieldLabel";"c:\projetos\AtlasWeb\ConfigSis.dfm"
"fConfigSis.clDuplicata08";"Duplicata 8";"en-US";"";"FieldLabel";"c:\projetos\AtlasWeb\ConfigSis.dfm"
"fConfigSis.clDuplicata07";"Duplicata 7";"en-US";"";"FieldLabel";"c:\projetos\AtlasWeb\ConfigSis.dfm"
"fConfigSis.cGerar_DuplImpostos";"Gerar as duplicatas dos impostos na emissão da nota fiscal.";"en-US";"";"Caption";"c:\projetos\AtlasWeb\ConfigSis.dfm"
"fConfigSis.clDuplicata01_Class";"Classificação";"en-US";"";"FieldLabel";"c:\projetos\AtlasWeb\ConfigSis.dfm"
"fConfigSis.clDuplicata02_Class";"Classificação";"en-US";"";"FieldLabel";"c:\projetos\AtlasWeb\ConfigSis.dfm"
"fConfigSis.clDuplicata03_Class";"Classificação";"en-US";"";"FieldLabel";"c:\projetos\AtlasWeb\ConfigSis.dfm"
"fConfigSis.clDuplicata06_Class";"Classificação";"en-US";"";"FieldLabel";"c:\projetos\AtlasWeb\ConfigSis.dfm"
"fConfigSis.clDuplicata05_Class";"Classificação";"en-US";"";"FieldLabel";"c:\projetos\AtlasWeb\ConfigSis.dfm"
"fConfigSis.clDuplicata04_Class";"Classificação";"en-US";"";"FieldLabel";"c:\projetos\AtlasWeb\ConfigSis.dfm"
"fConfigSis.clDuplicata08_Class";"Classificação";"en-US";"";"FieldLabel";"c:\projetos\AtlasWeb\ConfigSis.dfm"
"fConfigSis.clDuplicata07_Class";"Classificação";"en-US";"";"FieldLabel";"c:\projetos\AtlasWeb\ConfigSis.dfm"
"fConfigSis.cDia_Util";"Vencimentos em final de semana?";"en-US";"";"Caption";"c:\projetos\AtlasWeb\ConfigSis.dfm"
"fConfigSis.cDiferenca_Duplicata";"Diferença de arredondamento";"en-US";"";"Caption";"c:\projetos\AtlasWeb\ConfigSis.dfm"
"fConfigSis.cSequencial_Duplicata";"Numero da Duplicata";"en-US";"";"Caption";"c:\projetos\AtlasWeb\ConfigSis.dfm"
"fConfigSis.TabSheet9";"Diversos";"en-US";"";"Caption";"c:\projetos\AtlasWeb\ConfigSis.dfm"
"fConfigSis.UniPanel8";"DADOS GERAIS";"en-US";"";"Title";"c:\projetos\AtlasWeb\ConfigSis.dfm"
"fConfigSis.cCalculo_Comissao";"Calcular comissão de representantes";"en-US";"";"Caption";"c:\projetos\AtlasWeb\ConfigSis.dfm"
"fConfigSis.cHora_Solicitacao";"Hora limite para solicitação de numerários";"en-US";"";"FieldLabel";"c:\projetos\AtlasWeb\ConfigSis.dfm"
"fConfigSis.GroupBox20";"Lançamento Financeiro (Pagamento Comissões a Representantes)";"en-US";"";"Caption";"c:\projetos\AtlasWeb\ConfigSis.dfm"
"fConfigSis.clTipo_DocumentoPagamento";"Tipo de Documento";"en-US";"";"FieldLabel";"c:\projetos\AtlasWeb\ConfigSis.dfm"
"fConfigSis.clCentro_CustoPagamento";"Centro de Custo";"en-US";"";"FieldLabel";"c:\projetos\AtlasWeb\ConfigSis.dfm"
"fConfigSis.clClassificacao_Pagamento";"Classificação Financeira";"en-US";"";"FieldLabel";"c:\projetos\AtlasWeb\ConfigSis.dfm"
"fConfigSis.GroupBox25";"Informações default para empréstimos bancários (Capital de Giro)";"en-US";"";"Caption";"c:\projetos\AtlasWeb\ConfigSis.dfm"
"fConfigSis.clEmprestimoBancario_CentroCusto";"Centro de Custo";"en-US";"";"FieldLabel";"c:\projetos\AtlasWeb\ConfigSis.dfm"
"fConfigSis.clEmprestimoBancario_ClassificacaoR";"Classificação Financeira (Recebimento)";"en-US";"";"FieldLabel";"c:\projetos\AtlasWeb\ConfigSis.dfm"
"fConfigSis.clEmprestimoBancario_TipoDocumento";"Tipo de Documento";"en-US";"";"FieldLabel";"c:\projetos\AtlasWeb\ConfigSis.dfm"
"fConfigSis.clEmprestimoBancario_ClassificacaoP";"Classificação Financeira (Pagamento)";"en-US";"";"FieldLabel";"c:\projetos\AtlasWeb\ConfigSis.dfm"
"fConfigSis.cEmprestimoBancario_FormaRecebimento";"Forma de Recebimento";"en-US";"";"FieldLabel";"c:\projetos\AtlasWeb\ConfigSis.dfm"
"fConfigSis.clTipo_DocumentoPagamentoTelevendas";"Tipo de Documento";"en-US";"";"FieldLabel";"c:\projetos\AtlasWeb\ConfigSis.dfm"
"fConfigSis.clCentro_CustoPagamentoTelevendas";"Centro de Custo";"en-US";"";"FieldLabel";"c:\projetos\AtlasWeb\ConfigSis.dfm"
"fConfigSis.clClassificacao_PagamentoTelevendas";"Classificação Financeira";"en-US";"";"FieldLabel";"c:\projetos\AtlasWeb\ConfigSis.dfm"
"fConfigSis.GroupBox32";"Lançamento Financeiro (Pagamento Comissões - Outras)";"en-US";"";"Caption";"c:\projetos\AtlasWeb\ConfigSis.dfm"
"fConfigSis.clTipo_DocumentoPagamentoOutros";"Tipo de Documento";"en-US";"";"FieldLabel";"c:\projetos\AtlasWeb\ConfigSis.dfm"
"fConfigSis.clCentro_CustoPagamentoOutros";"Centro de Custo";"en-US";"";"FieldLabel";"c:\projetos\AtlasWeb\ConfigSis.dfm"
"fConfigSis.clClassificacao_PagamentoOutros";"Classificação Financeira";"en-US";"";"FieldLabel";"c:\projetos\AtlasWeb\ConfigSis.dfm"
"fConfigSis.TabSheet15";"Boleto Bancário";"en-US";"";"Caption";"c:\projetos\AtlasWeb\ConfigSis.dfm"
"fConfigSis.UniPanel9";"DADOS GERAIS";"en-US";"";"Title";"c:\projetos\AtlasWeb\ConfigSis.dfm"
"fConfigSis.cBoleto_Contato";"Imprimir dados de contato no boleto.";"en-US";"";"Caption";"c:\projetos\AtlasWeb\ConfigSis.dfm"
"fConfigSis.cBoleto_EspecieDOC";"Espécie Documento";"en-US";"";"FieldLabel";"c:\projetos\AtlasWeb\ConfigSis.dfm"
"fConfigSis.cBoleto_InstrucaoCod";"Instruções 1 (Código/Descrição)";"en-US";"";"FieldLabel";"c:\projetos\AtlasWeb\ConfigSis.dfm"
"fConfigSis.cBoleto_InstrucaoCod2";"Instruções 2 (Código)";"en-US";"";"FieldLabel";"c:\projetos\AtlasWeb\ConfigSis.dfm"
"fConfigSis.cBoleto_Instrucoes";"Instruções 1 (Código/Descrição)";"en-US";"";"FieldLabel";"c:\projetos\AtlasWeb\ConfigSis.dfm"
"fConfigSis.cBoleto_LocalPagamento";"Local de Pagamento";"en-US";"";"FieldLabel";"c:\projetos\AtlasWeb\ConfigSis.dfm"
"fConfigSis.cBoleto_PercentualJuros";"Percentual de Juros por dia de atraso";"en-US";"";"FieldLabel";"c:\projetos\AtlasWeb\ConfigSis.dfm"
"fConfigSis.cBoleto_PercentualMulta";"Percentual de multa após o vencimento";"en-US";"";"FieldLabel";"c:\projetos\AtlasWeb\ConfigSis.dfm"
"fConfigSis.cBoleto_ProtestoDias";"Protestar após quantos dias";"en-US";"";"FieldLabel";"c:\projetos\AtlasWeb\ConfigSis.dfm"
"fConfigSis.TabSheet3";"Processos";"en-US";"";"Caption";"c:\projetos\AtlasWeb\ConfigSis.dfm"
"fConfigSis.TabSheet19";"Diversos";"en-US";"";"Caption";"c:\projetos\AtlasWeb\ConfigSis.dfm"
"fConfigSis.UniPanel11";"DADOS GERAIS";"en-US";"";"Title";"c:\projetos\AtlasWeb\ConfigSis.dfm"
"fConfigSis.cProcesso_Numero";"Geração do Número do Processo/PO Automático";"en-US";"";"Caption";"c:\projetos\AtlasWeb\ConfigSis.dfm"
"fConfigSis.cBloquear_ProcessoFechado";"Bloquear a movimentação financeira para processos fechados.";"en-US";"";"Caption";"c:\projetos\AtlasWeb\ConfigSis.dfm"
"fConfigSis.cProcesso_ObrigarFatura";"Obrigar campos da fatura no cadastro do processo.";"en-US";"";"Caption";"c:\projetos\AtlasWeb\ConfigSis.dfm"
"fConfigSis.cValor_DI";"Valor da DI";"en-US";"";"FieldLabel";"c:\projetos\AtlasWeb\ConfigSis.dfm"
"fConfigSis.TabSheet17";"Importação de DI";"en-US";"";"Caption";"c:\projetos\AtlasWeb\ConfigSis.dfm"
"fConfigSis.UniPanel12";"DADOS GERAIS";"en-US";"";"Title";"c:\projetos\AtlasWeb\ConfigSis.dfm"
"fConfigSis.clMoeda_Importacao";"Moeda padrão p/conversão p/DI's com mais de uma moeda";"en-US";"";"FieldLabel";"c:\projetos\AtlasWeb\ConfigSis.dfm"
"fConfigSis.clRamo_Atividade";"Ramo de atividade padrão para fornecedores do exterior";"en-US";"";"FieldLabel";"c:\projetos\AtlasWeb\ConfigSis.dfm"
"fConfigSis.cAdicao_PesoLiquido";"Peso Unitário Produto";"en-US";"";"Caption";"c:\projetos\AtlasWeb\ConfigSis.dfm"
"fConfigSis.cSISCOMEX_MascaraReferencia";"Máscara p/importação cód.referência na descrição do prod.";"en-US";"";"FieldLabel";"c:\projetos\AtlasWeb\ConfigSis.dfm"
"fConfigSis.cProcesso_ImportarFechado";"Importar processos com notas fiscais já emitidas.";"en-US";"";"Caption";"c:\projetos\AtlasWeb\ConfigSis.dfm"
"fConfigSis.cAFRMM_Calcular";"Calcular valor de AFRMM e gerar lançamento no financeiro.";"en-US";"";"Caption";"c:\projetos\AtlasWeb\ConfigSis.dfm"
"fConfigSis.cAFRMM_Tarifa";"Tarifa";"en-US";"";"FieldLabel";"c:\projetos\AtlasWeb\ConfigSis.dfm"
"fConfigSis.cAFRMM_Taxa";"Taxa Utilização Mercante";"en-US";"";"FieldLabel";"c:\projetos\AtlasWeb\ConfigSis.dfm"
"fConfigSis.cAFRMM_Percentual";"Percentual p/Cálculo";"en-US";"";"FieldLabel";"c:\projetos\AtlasWeb\ConfigSis.dfm"
"fConfigSis.cSISCOMEX_MascaraPosicao";"Posição do código de referência na descrição";"en-US";"";"Caption";"c:\projetos\AtlasWeb\ConfigSis.dfm"
"fConfigSis.cSISCOMEX_MascaraPO";"Máscara p/importação do nº do PO na descrição do prod.";"en-US";"";"FieldLabel";"c:\projetos\AtlasWeb\ConfigSis.dfm"
"fConfigSis.cSISCOMEX_MascaraITEM";"Máscara p/importação do nº do ITEM na descrição do prod.";"en-US";"";"FieldLabel";"c:\projetos\AtlasWeb\ConfigSis.dfm"
"fConfigSis.TabSheet18";"Fechamento de Processos";"en-US";"";"Caption";"c:\projetos\AtlasWeb\ConfigSis.dfm"
"fConfigSis.UniPanel13";"DADOS GERAIS";"en-US";"";"Title";"c:\projetos\AtlasWeb\ConfigSis.dfm"
"fConfigSis.clProcesso_FechamentoCSLL";"CSLL";"en-US";"";"FieldLabel";"c:\projetos\AtlasWeb\ConfigSis.dfm"
"fConfigSis.clProcesso_FechamentoIRPJ";"IRPJ";"en-US";"";"FieldLabel";"c:\projetos\AtlasWeb\ConfigSis.dfm"
"fConfigSis.cProcesso_FechamentoICMSPagar";"Percentual ICMS (Pagar)";"en-US";"";"FieldLabel";"c:\projetos\AtlasWeb\ConfigSis.dfm"
"fConfigSis.cProcesso_FechamentoFDE";"Percentual FDE";"en-US";"";"FieldLabel";"c:\projetos\AtlasWeb\ConfigSis.dfm"
"fConfigSis.cProcesso_FechamentoAssAduaneira";"Assessoria Aduaneira";"en-US";"";"FieldLabel";"c:\projetos\AtlasWeb\ConfigSis.dfm"
"fConfigSis.clProcesso_FechamentoClassPgtoCliente";"Classificação Pgto. Cliente";"en-US";"";"FieldLabel";"c:\projetos\AtlasWeb\ConfigSis.dfm"
"fConfigSis.clProcesso_FechamentoClassCorrecao";"Classificação Corr.Financ.";"en-US";"";"FieldLabel";"c:\projetos\AtlasWeb\ConfigSis.dfm"
"fConfigSis.cProcesso_FechamentoCorrecao";"Percentual Correção Dia";"en-US";"";"FieldLabel";"c:\projetos\AtlasWeb\ConfigSis.dfm"
"fConfigSis.cProcesso_FechamentoObservacao";"Observação das Despesas";"en-US";"";"Caption";"c:\projetos\AtlasWeb\ConfigSis.dfm"
"fConfigSis.cProcesso_FechamentoObsTexto";"Observação para o Fechamento";"en-US";"";"FieldLabel";"c:\projetos\AtlasWeb\ConfigSis.dfm"
"fConfigSis.clProcesso_FechamentoDRE";"Código da DRE";"en-US";"";"FieldLabel";"c:\projetos\AtlasWeb\ConfigSis.dfm"
"fConfigSis.TabSheet8";"Checagens";"en-US";"";"Caption";"c:\projetos\AtlasWeb\ConfigSis.dfm"
"fConfigSis.UniPanel14";"DADOS GERAIS";"en-US";"";"Title";"c:\projetos\AtlasWeb\ConfigSis.dfm"
"fConfigSis.GroupBox22";"Entrega de Arquivos Fiscais";"en-US";"";"Caption";"c:\projetos\AtlasWeb\ConfigSis.dfm"
"fConfigSis.cVencimento_FISCALDias";"Avisar quantos dias antes?";"en-US";"";"FieldLabel";"c:\projetos\AtlasWeb\ConfigSis.dfm"
"fConfigSis.cVencimento_PISCOFINSDias";"Avisar quantos dias antes?";"en-US";"";"FieldLabel";"c:\projetos\AtlasWeb\ConfigSis.dfm"
"fConfigSis.cVencimento_CONTABILDias";"Avisar quantos dias antes?";"en-US";"";"FieldLabel";"c:\projetos\AtlasWeb\ConfigSis.dfm"
"fConfigSis.cVencimento_SINTEGRADias";"Avisar quantos dias antes?";"en-US";"";"FieldLabel";"c:\projetos\AtlasWeb\ConfigSis.dfm"
"fConfigSis.cVencimento_FISCAL";"Dia Vencimento SPED FISCAL";"en-US";"";"FieldLabel";"c:\projetos\AtlasWeb\ConfigSis.dfm"
"fConfigSis.cVencimento_PISCOFINS";"Dia Vencimento SPED PIS/COFINS";"en-US";"";"FieldLabel";"c:\projetos\AtlasWeb\ConfigSis.dfm"
"fConfigSis.cVencimento_CONTABIL";"Dia Vencimento SPED CONTABIL";"en-US";"";"FieldLabel";"c:\projetos\AtlasWeb\ConfigSis.dfm"
"fConfigSis.cVencimento_SINTEGRA";"Dia Vencimento SINTEGRA";"en-US";"";"FieldLabel";"c:\projetos\AtlasWeb\ConfigSis.dfm"
"fConfigSis.cVencimento_CONTABILMes";"Mês Específico";"en-US";"";"FieldLabel";"c:\projetos\AtlasWeb\ConfigSis.dfm"
"fConfigSis.UniGroupBox2";"Avisos de Vencimentos";"en-US";"";"Caption";"c:\projetos\AtlasWeb\ConfigSis.dfm"
"fConfigSis.cAviso_VencimentoContrato";"Contrato do cliente quantos dias antes?";"en-US";"";"FieldLabel";"c:\projetos\AtlasWeb\ConfigSis.dfm"
"fConfigSis.cAviso_VencimentoRetorno";"Retorno de Notas Fiscals Quantos dias Antes?";"en-US";"";"FieldLabel";"c:\projetos\AtlasWeb\ConfigSis.dfm"
"fConfigSis.cAviso_VencimentoRadar";"Radar do cliente quantos dias antes?";"en-US";"";"FieldLabel";"c:\projetos\AtlasWeb\ConfigSis.dfm"
"fConfigSis.cAviso_VencimentoVinculacao";"Vinculação do cliente quantos dias antes?";"en-US";"";"FieldLabel";"c:\projetos\AtlasWeb\ConfigSis.dfm"
"fConfigSis.cAviso_MovimentoMinimo";"Clientes sem movimentação  quantos dias?";"en-US";"";"FieldLabel";"c:\projetos\AtlasWeb\ConfigSis.dfm"
"fConfigSis.cAviso_MovimentoMaximo";"Maxímo";"en-US";"";"FieldLabel";"c:\projetos\AtlasWeb\ConfigSis.dfm"
"fConfigSis.TabSheet14";"Televendas";"en-US";"";"Caption";"c:\projetos\AtlasWeb\ConfigSis.dfm"
"fConfigSis.UniPanel10";"DADOS GERAIS";"en-US";"";"Title";"c:\projetos\AtlasWeb\ConfigSis.dfm"
"fConfigSis.GroupBox28";"Dados de Faturamento para pedidos de Televendas";"en-US";"";"Caption";"c:\projetos\AtlasWeb\ConfigSis.dfm"
"fConfigSis.clTelevendas_Transportador";"Transportador";"en-US";"";"FieldLabel";"c:\projetos\AtlasWeb\ConfigSis.dfm"
"fConfigSis.cTipoNota";"Tipo Nota";"en-US";"";"FieldLabel";"c:\projetos\AtlasWeb\ConfigSis.dfm"
"fConfigSis.cModalidadeFrete";"Modalidade de Frete";"en-US";"";"FieldLabel";"c:\projetos\AtlasWeb\ConfigSis.dfm"
"fConfigSis.cTelevendas_NaturezaFora";"Natureza Operação (Fora do Estado)";"en-US";"";"FieldLabel";"c:\projetos\AtlasWeb\ConfigSis.dfm"
"fConfigSis.cModalidade";"Modalidade Pgto";"en-US";"";"FieldLabel";"c:\projetos\AtlasWeb\ConfigSis.dfm"
"fConfigSis.cTelevendas_NaturezaDentro";"Natureza Operação (Dentro do Estado)";"en-US";"";"FieldLabel";"c:\projetos\AtlasWeb\ConfigSis.dfm"
"fConfigSis.Alerta";"Title";"en-US";"";"Title";"c:\projetos\AtlasWeb\ConfigSis.dfm"
"fContab_BloquearPeriodo.bFechar";"Fecha a tela de cadastro atual.";"en-US";"";"Hint";"c:\projetos\AtlasWeb\Contab_BloquearPeriodo.dfm"
"fContab_BloquearPeriodo.bBloquearMes";"Fecha a janela atual e cancela os processos pendentes.";"en-US";"";"Hint";"c:\projetos\AtlasWeb\Contab_BloquearPeriodo.dfm"
"fContab_BloquearPeriodo.bBloquearMes";"Desbloquear Mês";"en-US";"";"Caption";"c:\projetos\AtlasWeb\Contab_BloquearPeriodo.dfm"
"fContab_BloquearPeriodo.bBloqTudo";"Fecha a janela atual e cancela os processos pendentes.";"en-US";"";"Hint";"c:\projetos\AtlasWeb\Contab_BloquearPeriodo.dfm"
"fContab_BloquearPeriodo.bBloqTudo";"Bloquear Tudo";"en-US";"";"Caption";"c:\projetos\AtlasWeb\Contab_BloquearPeriodo.dfm"
"fContab_BloquearPeriodo.bDesTudo";"Fecha a janela atual e cancela os processos pendentes.";"en-US";"";"Hint";"c:\projetos\AtlasWeb\Contab_BloquearPeriodo.dfm"
"fContab_BloquearPeriodo.bDesTudo";"Desbloquear Tudo";"en-US";"";"Caption";"c:\projetos\AtlasWeb\Contab_BloquearPeriodo.dfm"
"fContab_BloquearPeriodo.aLista";"Meses Movimentados";"en-US";"";"Caption";"c:\projetos\AtlasWeb\Contab_BloquearPeriodo.dfm"
"fContab_BloquearPeriodo.cAno";"Ano";"en-US";"";"FieldLabel";"c:\projetos\AtlasWeb\Contab_BloquearPeriodo.dfm"
"fContab_BloquearPeriodo.cTodos";"Todos os Anos";"en-US";"";"Caption";"c:\projetos\AtlasWeb\Contab_BloquearPeriodo.dfm"
"fContab_BloquearPeriodo.UniSpeedButton1";"  Atualiza os dados do endereço";"en-US";"";"Hint";"c:\projetos\AtlasWeb\Contab_BloquearPeriodo.dfm"
"fContab_BloquearPeriodo.Alerta";"Data inválida!";"en-US";"";"Title";"c:\projetos\AtlasWeb\Contab_BloquearPeriodo.dfm"
"fCtbLancamentos.pLista";"Lista";"en-US";"";"Caption";"c:\projetos\AtlasWeb\CtbLancamentos.dfm"
"fCtbLancamentos.cAno";"Ano";"en-US";"";"FieldLabel";"c:\projetos\AtlasWeb\CtbLancamentos.dfm"
"fCtbLancamentos.bFiltro";"  Atualiza os dados do endereço";"en-US";"";"Hint";"c:\projetos\AtlasWeb\CtbLancamentos.dfm"
"fCtbLancamentos.cMes";"Mês";"en-US";"";"FieldLabel";"c:\projetos\AtlasWeb\CtbLancamentos.dfm"
"fCtbLancamentos.cDia";"Dia";"en-US";"";"FieldLabel";"c:\projetos\AtlasWeb\CtbLancamentos.dfm"
"fCtbLancamentos.cTodos";"Todos os Dias";"en-US";"";"Caption";"c:\projetos\AtlasWeb\CtbLancamentos.dfm"
"fCtbLancamentos.GroupBox1";"Total do Lote";"en-US";"";"Caption";"c:\projetos\AtlasWeb\CtbLancamentos.dfm"
"fCtbLancamentos.cDebLote";"Débitos";"en-US";"";"FieldLabel";"c:\projetos\AtlasWeb\CtbLancamentos.dfm"
"fCtbLancamentos.cDifLote";"Diferença";"en-US";"";"FieldLabel";"c:\projetos\AtlasWeb\CtbLancamentos.dfm"
"fCtbLancamentos.cCredLote";"Créditos";"en-US";"";"FieldLabel";"c:\projetos\AtlasWeb\CtbLancamentos.dfm"
"fCtbLancamentos.cLanLote";"Lançamentos";"en-US";"";"FieldLabel";"c:\projetos\AtlasWeb\CtbLancamentos.dfm"
"fCtbLancamentos.cLote";"Lote";"en-US";"";"FieldLabel";"c:\projetos\AtlasWeb\CtbLancamentos.dfm"
"fCtbLancamentos.UniGroupBox3";"Total do Dia";"en-US";"";"Caption";"c:\projetos\AtlasWeb\CtbLancamentos.dfm"
"fCtbLancamentos.UniDBEdit3";"Débitos";"en-US";"";"FieldLabel";"c:\projetos\AtlasWeb\CtbLancamentos.dfm"
"fCtbLancamentos.UniDBEdit4";"Diferença";"en-US";"";"FieldLabel";"c:\projetos\AtlasWeb\CtbLancamentos.dfm"
"fCtbLancamentos.UniDBEdit5";"Créditos";"en-US";"";"FieldLabel";"c:\projetos\AtlasWeb\CtbLancamentos.dfm"
"fCtbLancamentos.UniDBEdit6";"Lançamentos";"en-US";"";"FieldLabel";"c:\projetos\AtlasWeb\CtbLancamentos.dfm"
"fCtbLancamentos.UniDBEdit7";"Lote";"en-US";"";"FieldLabel";"c:\projetos\AtlasWeb\CtbLancamentos.dfm"
"fCtbLancamentos.UniGroupBox4";"Total do Mês";"en-US";"";"Caption";"c:\projetos\AtlasWeb\CtbLancamentos.dfm"
"fCtbLancamentos.UniDBEdit8";"Débitos";"en-US";"";"FieldLabel";"c:\projetos\AtlasWeb\CtbLancamentos.dfm"
"fCtbLancamentos.UniDBEdit9";"Diferença";"en-US";"";"FieldLabel";"c:\projetos\AtlasWeb\CtbLancamentos.dfm"
"fCtbLancamentos.UniDBEdit10";"Créditos";"en-US";"";"FieldLabel";"c:\projetos\AtlasWeb\CtbLancamentos.dfm"
"fCtbLancamentos.UniDBEdit11";"Lançamentos";"en-US";"";"FieldLabel";"c:\projetos\AtlasWeb\CtbLancamentos.dfm"
"fCtbLancamentos.UniDBEdit12";"Lote";"en-US";"";"FieldLabel";"c:\projetos\AtlasWeb\CtbLancamentos.dfm"
"fCtbLancamentos.UniGroupBox5";"Total do Ano";"en-US";"";"Caption";"c:\projetos\AtlasWeb\CtbLancamentos.dfm"
"fCtbLancamentos.UniDBEdit13";"Débitos";"en-US";"";"FieldLabel";"c:\projetos\AtlasWeb\CtbLancamentos.dfm"
"fCtbLancamentos.UniDBEdit14";"Diferença";"en-US";"";"FieldLabel";"c:\projetos\AtlasWeb\CtbLancamentos.dfm"
"fCtbLancamentos.UniDBEdit15";"Créditos";"en-US";"";"FieldLabel";"c:\projetos\AtlasWeb\CtbLancamentos.dfm"
"fCtbLancamentos.UniDBEdit16";"Lançamentos";"en-US";"";"FieldLabel";"c:\projetos\AtlasWeb\CtbLancamentos.dfm"
"fCtbLancamentos.UniDBEdit17";"Lote";"en-US";"";"FieldLabel";"c:\projetos\AtlasWeb\CtbLancamentos.dfm"
"fCtbLancamentos.UniPanel2";"UniPanel2";"en-US";"";"Caption";"c:\projetos\AtlasWeb\CtbLancamentos.dfm"
"fCtbLancamentos.UniTabSheet1";"Lote/Lançamento";"en-US";"";"Caption";"c:\projetos\AtlasWeb\CtbLancamentos.dfm"
"fCtbLancamentos.UniPanel5";"DADOS DO LOTE";"en-US";"";"Title";"c:\projetos\AtlasWeb\CtbLancamentos.dfm"
"fCtbLancamentos.cDescricao";"Descrição";"en-US";"";"FieldLabel";"c:\projetos\AtlasWeb\CtbLancamentos.dfm"
"fCtbLancamentos.UniDBDateTimePicker3";"Data";"en-US";"";"FieldLabel";"c:\projetos\AtlasWeb\CtbLancamentos.dfm"
"fCtbLancamentos.UniDBEdit26";"Lote nº";"en-US";"";"FieldLabel";"c:\projetos\AtlasWeb\CtbLancamentos.dfm"
"fCtbLancamentos.UniDBEdit27";"Código";"en-US";"";"FieldLabel";"c:\projetos\AtlasWeb\CtbLancamentos.dfm"
"fCtbLancamentos.UniDBCheckBox3";"Aberto";"en-US";"";"Caption";"c:\projetos\AtlasWeb\CtbLancamentos.dfm"
"fCtbLancamentos.UniDBCheckBox4";"Contabilizar";"en-US";"";"Caption";"c:\projetos\AtlasWeb\CtbLancamentos.dfm"
"fCtbLancamentos.cEmpresa";"Empresa";"en-US";"";"FieldLabel";"c:\projetos\AtlasWeb\CtbLancamentos.dfm"
"fCtbLancamentos.bAdLote";"Adicionar novo registro.";"en-US";"";"Hint";"c:\projetos\AtlasWeb\CtbLancamentos.dfm"
"fCtbLancamentos.bEdLote";"Editar registro corrente.";"en-US";"";"Hint";"c:\projetos\AtlasWeb\CtbLancamentos.dfm"
"fCtbLancamentos.bExcLote";"Excluir registro corrente.";"en-US";"";"Hint";"c:\projetos\AtlasWeb\CtbLancamentos.dfm"
"fCtbLancamentos.bCancLote";"Cancelar modificações feitas no registro corrente.";"en-US";"";"Hint";"c:\projetos\AtlasWeb\CtbLancamentos.dfm"
"fCtbLancamentos.bGravLote";"Salva o registro corrente.";"en-US";"";"Hint";"c:\projetos\AtlasWeb\CtbLancamentos.dfm"
"fCtbLancamentos.UniPanel7";"DADOS DO LANÇAMENTO";"en-US";"";"Title";"c:\projetos\AtlasWeb\CtbLancamentos.dfm"
"fCtbLancamentos.cConta_Credito";"Conta Crédito";"en-US";"";"FieldLabel";"c:\projetos\AtlasWeb\CtbLancamentos.dfm"
"fCtbLancamentos.cConta_Debito";"Conta Débito";"en-US";"";"FieldLabel";"c:\projetos\AtlasWeb\CtbLancamentos.dfm"
"fCtbLancamentos.UniDBLookupComboBox4";"Processo Débito";"en-US";"";"FieldLabel";"c:\projetos\AtlasWeb\CtbLancamentos.dfm"
"fCtbLancamentos.UniDBEdit21";"Número";"en-US";"";"FieldLabel";"c:\projetos\AtlasWeb\CtbLancamentos.dfm"
"fCtbLancamentos.UniDBDateTimePicker2";"Data Doc";"en-US";"";"FieldLabel";"c:\projetos\AtlasWeb\CtbLancamentos.dfm"
"fCtbLancamentos.UniDBLookupComboBox5";"Tipo Documento";"en-US";"";"FieldLabel";"c:\projetos\AtlasWeb\CtbLancamentos.dfm"
"fCtbLancamentos.UniDBLookupComboBox6";"Processo Crédito";"en-US";"";"FieldLabel";"c:\projetos\AtlasWeb\CtbLancamentos.dfm"
"fCtbLancamentos.cEmpresaLan";"Descrição";"en-US";"";"FieldLabel";"c:\projetos\AtlasWeb\CtbLancamentos.dfm"
"fCtbLancamentos.cHistorico_Codigo";"Histórico (Código)";"en-US";"";"FieldLabel";"c:\projetos\AtlasWeb\CtbLancamentos.dfm"
"fCtbLancamentos.cHistorico_Complemento";"Histórico Complemento ";"en-US";"";"FieldLabel";"c:\projetos\AtlasWeb\CtbLancamentos.dfm"
"fCtbLancamentos.UniDBLookupComboBox7";"Beneficiário";"en-US";"";"FieldLabel";"c:\projetos\AtlasWeb\CtbLancamentos.dfm"
"fCtbLancamentos.cHistorico";"Histórico (Descrição)";"en-US";"";"FieldLabel";"c:\projetos\AtlasWeb\CtbLancamentos.dfm"
"fCtbLancamentos.UniDBEdit18";"Origem";"en-US";"";"FieldLabel";"c:\projetos\AtlasWeb\CtbLancamentos.dfm"
"fCtbLancamentos.cValor";"Valor";"en-US";"";"FieldLabel";"c:\projetos\AtlasWeb\CtbLancamentos.dfm"
"fCtbLancamentos.bAdLan";"Adicionar novo registro.";"en-US";"";"Hint";"c:\projetos\AtlasWeb\CtbLancamentos.dfm"
"fCtbLancamentos.bEdLan";"Editar registro corrente.";"en-US";"";"Hint";"c:\projetos\AtlasWeb\CtbLancamentos.dfm"
"fCtbLancamentos.bExcLan";"Excluir registro corrente.";"en-US";"";"Hint";"c:\projetos\AtlasWeb\CtbLancamentos.dfm"
"fCtbLancamentos.bCancLan";"Cancelar modificações feitas no registro corrente.";"en-US";"";"Hint";"c:\projetos\AtlasWeb\CtbLancamentos.dfm"
"fCtbLancamentos.bGravLan";"Salva o registro corrente.";"en-US";"";"Hint";"c:\projetos\AtlasWeb\CtbLancamentos.dfm"
"fCtbLancamentos.bFechar";"Fecha a tela de cadastro atual.";"en-US";"";"Hint";"c:\projetos\AtlasWeb\CtbLancamentos.dfm"
"fCtbLancamentos.Alerta";"Data inválida!";"en-US";"";"Title";"c:\projetos\AtlasWeb\CtbLancamentos.dfm"
"fDespRegistroDI.bAdicionar";"Adicionar novo registro.";"en-US";"";"Hint";"c:\projetos\AtlasWeb\DespRegistroDI.dfm"
"fDespRegistroDI.bEditar";"Editar registro corrente.";"en-US";"";"Hint";"c:\projetos\AtlasWeb\DespRegistroDI.dfm"
"fDespRegistroDI.bExcluir";"Excluir registro corrente.";"en-US";"";"Hint";"c:\projetos\AtlasWeb\DespRegistroDI.dfm"
"fDespRegistroDI.bCancelar";"Cancelar modificações feitas no registro corrente.";"en-US";"";"Hint";"c:\projetos\AtlasWeb\DespRegistroDI.dfm"
"fDespRegistroDI.bGravar";"Salva o registro corrente.";"en-US";"";"Hint";"c:\projetos\AtlasWeb\DespRegistroDI.dfm"
"fDespRegistroDI.bFechar";"Fecha a tela de cadastro atual.";"en-US";"";"Hint";"c:\projetos\AtlasWeb\DespRegistroDI.dfm"
"fDespRegistroDI.aLista";"Lista";"en-US";"";"Caption";"c:\projetos\AtlasWeb\DespRegistroDI.dfm"
"fDespRegistroDI.tDadosDI";"Dados da DI";"en-US";"";"Caption";"c:\projetos\AtlasWeb\DespRegistroDI.dfm"
"fDespRegistroDI.UniPanel1";"DADOS GERAIS";"en-US";"";"Title";"c:\projetos\AtlasWeb\DespRegistroDI.dfm"
"fDespRegistroDI.cDI";"DI";"en-US";"";"FieldLabel";"c:\projetos\AtlasWeb\DespRegistroDI.dfm"
"fDespRegistroDI.cFUNDAP";"FUNDAP";"en-US";"";"Caption";"c:\projetos\AtlasWeb\DespRegistroDI.dfm"
"fDespRegistroDI.cMultimodal";"Multimodal";"en-US";"";"Caption";"c:\projetos\AtlasWeb\DespRegistroDI.dfm"
"fDespRegistroDI.cData";"Data";"en-US";"";"FieldLabel";"c:\projetos\AtlasWeb\DespRegistroDI.dfm"
"fDespRegistroDI.cURF_Entrega";"URF de Entrega";"en-US";"";"FieldLabel";"c:\projetos\AtlasWeb\DespRegistroDI.dfm"
"fDespRegistroDI.cURF_Despacho";"URF de Despacho";"en-US";"";"FieldLabel";"c:\projetos\AtlasWeb\DespRegistroDI.dfm"
"fDespRegistroDI.clModalidade_Importacao";"Modalidade de Importação";"en-US";"";"FieldLabel";"c:\projetos\AtlasWeb\DespRegistroDI.dfm"
"fDespRegistroDI.cConsignatario";"Consignatário";"en-US";"";"FieldLabel";"c:\projetos\AtlasWeb\DespRegistroDI.dfm"
"fDespRegistroDI.cPais_Procedencia";"País Procedência Carga";"en-US";"";"FieldLabel";"c:\projetos\AtlasWeb\DespRegistroDI.dfm"
"fDespRegistroDI.cProcesso";"Processo";"en-US";"";"FieldLabel";"c:\projetos\AtlasWeb\DespRegistroDI.dfm"
"fDespRegistroDI.cMotivo_AdmissaoTemp";"Motivo Adm.Temporaria";"en-US";"";"FieldLabel";"c:\projetos\AtlasWeb\DespRegistroDI.dfm"
"fDespRegistroDI.cTipo_Pagamento";"Pgto Tributos";"en-US";"";"Caption";"c:\projetos\AtlasWeb\DespRegistroDI.dfm"
"fDespRegistroDI.cTipo_Declaracao";"Tipo de Declaração";"en-US";"";"FieldLabel";"c:\projetos\AtlasWeb\DespRegistroDI.dfm"
"fDespRegistroDI.cTipo_Importador";"Tipo de Importador";"en-US";"";"FieldLabel";"c:\projetos\AtlasWeb\DespRegistroDI.dfm"
"fDespRegistroDI.cModalidade_Despacho";"Modalidade de Despacho";"en-US";"";"FieldLabel";"c:\projetos\AtlasWeb\DespRegistroDI.dfm"
"fDespRegistroDI.cBanco";"Banco";"en-US";"";"FieldLabel";"c:\projetos\AtlasWeb\DespRegistroDI.dfm"
"fDespRegistroDI.UniDBEdit1";"Registro";"en-US";"";"FieldLabel";"c:\projetos\AtlasWeb\DespRegistroDI.dfm"
"fDespRegistroDI.UniTabSheet2";"Carga";"en-US";"";"Caption";"c:\projetos\AtlasWeb\DespRegistroDI.dfm"
"fDespRegistroDI.UniPanel2";"DADOS GERAIS";"en-US";"";"Title";"c:\projetos\AtlasWeb\DespRegistroDI.dfm"
"fDespRegistroDI.cNumero_Veiculo";"Número Veículo";"en-US";"";"FieldLabel";"c:\projetos\AtlasWeb\DespRegistroDI.dfm"
"fDespRegistroDI.cNomeVei";"Nome Veículo";"en-US";"";"FieldLabel";"c:\projetos\AtlasWeb\DespRegistroDI.dfm"
"fDespRegistroDI.cNomeAgente";"Agente Transportador";"en-US";"";"FieldLabel";"c:\projetos\AtlasWeb\DespRegistroDI.dfm"
"fDespRegistroDI.cData_Embarque";"Data de Embarque";"en-US";"";"FieldLabel";"c:\projetos\AtlasWeb\DespRegistroDI.dfm"
"fDespRegistroDI.cAgente_Numero";"Agente Numero";"en-US";"";"FieldLabel";"c:\projetos\AtlasWeb\DespRegistroDI.dfm"
"fDespRegistroDI.cDocumento_Chegada";"Doc.Chegada Nº";"en-US";"";"FieldLabel";"c:\projetos\AtlasWeb\DespRegistroDI.dfm"
"fDespRegistroDI.cTipoConhecimento";"Tipo de Conhecimento de Carga";"en-US";"";"FieldLabel";"c:\projetos\AtlasWeb\DespRegistroDI.dfm"
"fDespRegistroDI.cNumero_Manifesto";"Nº do Manifesto";"en-US";"";"FieldLabel";"c:\projetos\AtlasWeb\DespRegistroDI.dfm"
"fDespRegistroDI.cData_Chegada";"Data de Chegada";"en-US";"";"FieldLabel";"c:\projetos\AtlasWeb\DespRegistroDI.dfm"
"fDespRegistroDI.cLocalEmb";"Local de Embarque";"en-US";"";"FieldLabel";"c:\projetos\AtlasWeb\DespRegistroDI.dfm"
"fDespRegistroDI.cNumero_DocCargaMaster";"Nº Doc.de Carga (Master)";"en-US";"";"FieldLabel";"c:\projetos\AtlasWeb\DespRegistroDI.dfm"
"fDespRegistroDI.cNumero_DocCarga";"Nº Doc.de Carga";"en-US";"";"FieldLabel";"c:\projetos\AtlasWeb\DespRegistroDI.dfm"
"fDespRegistroDI.cVia_Transporte";"Via de Transporte";"en-US";"";"FieldLabel";"c:\projetos\AtlasWeb\DespRegistroDI.dfm"
"fDespRegistroDI.cTipo_DocCarga";"Documento Carga";"en-US";"";"FieldLabel";"c:\projetos\AtlasWeb\DespRegistroDI.dfm"
"fDespRegistroDI.cFrete_PrePaid";"Valor do Frete Prepaid";"en-US";"";"FieldLabel";"c:\projetos\AtlasWeb\DespRegistroDI.dfm"
"fDespRegistroDI.cFrete_Collect";"Valor do Frete Collect";"en-US";"";"FieldLabel";"c:\projetos\AtlasWeb\DespRegistroDI.dfm"
"fDespRegistroDI.cSeguro_Real";"Segure em Real";"en-US";"";"FieldLabel";"c:\projetos\AtlasWeb\DespRegistroDI.dfm"
"fDespRegistroDI.cRecinto_Aduaneiro";"Recinto Aduaneiro";"en-US";"";"FieldLabel";"c:\projetos\AtlasWeb\DespRegistroDI.dfm"
"fDespRegistroDI.cMoedaFrete";"Moeda do Frete";"en-US";"";"FieldLabel";"c:\projetos\AtlasWeb\DespRegistroDI.dfm"
"fDespRegistroDI.cMoedaSeguro";"Moeda do Seguro";"en-US";"";"FieldLabel";"c:\projetos\AtlasWeb\DespRegistroDI.dfm"
"fDespRegistroDI.cFrete_Real";"Frete em Real";"en-US";"";"FieldLabel";"c:\projetos\AtlasWeb\DespRegistroDI.dfm"
"fDespRegistroDI.cRecinto_AduaneiroSetor";"Recinto Aduaneiro (Setor)";"en-US";"";"FieldLabel";"c:\projetos\AtlasWeb\DespRegistroDI.dfm"
"fDespRegistroDI.cVolumes_Embalagem";"Qtde Volumes";"en-US";"";"FieldLabel";"c:\projetos\AtlasWeb\DespRegistroDI.dfm"
"fDespRegistroDI.cFrete_TerritorioNac";"Frete Território Nacional";"en-US";"";"FieldLabel";"c:\projetos\AtlasWeb\DespRegistroDI.dfm"
"fDespRegistroDI.cSeguro_ME";"Valor do Seguro";"en-US";"";"FieldLabel";"c:\projetos\AtlasWeb\DespRegistroDI.dfm"
"fDespRegistroDI.cLocal_Embarque";"Local de Embarque";"en-US";"";"FieldLabel";"c:\projetos\AtlasWeb\DespRegistroDI.dfm"
"fDespRegistroDI.cEmbalagem";"Tipo de Embalagem";"en-US";"";"FieldLabel";"c:\projetos\AtlasWeb\DespRegistroDI.dfm"
"fDespRegistroDI.cPeso_Liquido";"Peso Líquido";"en-US";"";"FieldLabel";"c:\projetos\AtlasWeb\DespRegistroDI.dfm"
"fDespRegistroDI.cPeso_Bruto";"Peso Bruto";"en-US";"";"FieldLabel";"c:\projetos\AtlasWeb\DespRegistroDI.dfm"
"fDespRegistroDI.UniDBLookupComboBox3";"Tipo de Manifesto";"en-US";"";"FieldLabel";"c:\projetos\AtlasWeb\DespRegistroDI.dfm"
"fDespRegistroDI.UniTabSheet4";"Acréscimos";"en-US";"";"Caption";"c:\projetos\AtlasWeb\DespRegistroDI.dfm"
"fDespRegistroDI.UniPanel8";"DADOS GERAIS";"en-US";"";"Title";"c:\projetos\AtlasWeb\DespRegistroDI.dfm"
"fDespRegistroDI.cAcrescimo";"Acréscimo";"en-US";"";"FieldLabel";"c:\projetos\AtlasWeb\DespRegistroDI.dfm"
"fDespRegistroDI.cMoedaAcrescimo";"Moeda Negociada";"en-US";"";"FieldLabel";"c:\projetos\AtlasWeb\DespRegistroDI.dfm"
"fDespRegistroDI.cValorAcrescimoME";"Valor na Moeda Negociada";"en-US";"";"FieldLabel";"c:\projetos\AtlasWeb\DespRegistroDI.dfm"
"fDespRegistroDI.cValorAcrescimoReal";"Valor em Real";"en-US";"";"FieldLabel";"c:\projetos\AtlasWeb\DespRegistroDI.dfm"
"fDespRegistroDI.bAddTrib";"Adicionar novo registro.";"en-US";"";"Hint";"c:\projetos\AtlasWeb\DespRegistroDI.dfm"
"fDespRegistroDI.bEditTrib";"Editar registro corrente.";"en-US";"";"Hint";"c:\projetos\AtlasWeb\DespRegistroDI.dfm"
"fDespRegistroDI.bExcTrib";"Excluir registro corrente.";"en-US";"";"Hint";"c:\projetos\AtlasWeb\DespRegistroDI.dfm"
"fDespRegistroDI.bCancTrib";"Cancelar modificações feitas no registro corrente.";"en-US";"";"Hint";"c:\projetos\AtlasWeb\DespRegistroDI.dfm"
"fDespRegistroDI.bGravTrib";"Salva o registro corrente.";"en-US";"";"Hint";"c:\projetos\AtlasWeb\DespRegistroDI.dfm"
"fDespRegistroDI.UniTabSheet3";"Adições";"en-US";"";"Caption";"c:\projetos\AtlasWeb\DespRegistroDI.dfm"
"fDespRegistroDI.UniPanel3";"DADOS GERAIS";"en-US";"";"Title";"c:\projetos\AtlasWeb\DespRegistroDI.dfm"
"fDespRegistroDI.UniDBFormattedNumberEdit1";"Valor Total (VMLE)";"en-US";"";"FieldLabel";"c:\projetos\AtlasWeb\DespRegistroDI.dfm"
"fDespRegistroDI.TabSheet1";"XML da DI";"en-US";"";"Caption";"c:\projetos\AtlasWeb\DespRegistroDI.dfm"
"fDespRegistroDI.UniTabSheet1";"UniTabSheet1";"en-US";"";"Caption";"c:\projetos\AtlasWeb\DespRegistroDI.dfm"
"fDespRegistroDI.pFicha";"DADOS GERAIS";"en-US";"";"Title";"c:\projetos\AtlasWeb\DespRegistroDI.dfm"
"fDespRegistroDUIMP.bAdicionar";"Adicionar novo registro.";"en-US";"";"Hint";"c:\projetos\AtlasWeb\DespRegistroDUIMP.dfm"
"fDespRegistroDUIMP.bEditar";"Editar registro corrente.";"en-US";"";"Hint";"c:\projetos\AtlasWeb\DespRegistroDUIMP.dfm"
"fDespRegistroDUIMP.bExcluir";"Excluir registro corrente.";"en-US";"";"Hint";"c:\projetos\AtlasWeb\DespRegistroDUIMP.dfm"
"fDespRegistroDUIMP.bCancelar";"Cancelar modificações feitas no registro corrente.";"en-US";"";"Hint";"c:\projetos\AtlasWeb\DespRegistroDUIMP.dfm"
"fDespRegistroDUIMP.bGravar";"Salva o registro corrente.";"en-US";"";"Hint";"c:\projetos\AtlasWeb\DespRegistroDUIMP.dfm"
"fDespRegistroDUIMP.bFechar";"Fecha a tela de cadastro atual.";"en-US";"";"Hint";"c:\projetos\AtlasWeb\DespRegistroDUIMP.dfm"
"fDespRegistroDUIMP.UniButton1";"Buscar CE";"en-US";"";"Caption";"c:\projetos\AtlasWeb\DespRegistroDUIMP.dfm"
"fDespRegistroDUIMP.aLista";"Lista";"en-US";"";"Caption";"c:\projetos\AtlasWeb\DespRegistroDUIMP.dfm"
"fDespRegistroDUIMP.tDadosDI";"Dados da DUIMP";"en-US";"";"Caption";"c:\projetos\AtlasWeb\DespRegistroDUIMP.dfm"
"fDespRegistroDUIMP.UniPanel1";"DADOS GERAIS";"en-US";"";"Title";"c:\projetos\AtlasWeb\DespRegistroDUIMP.dfm"
"fDespRegistroDUIMP.cDUIMP";"DUIMP Nº";"en-US";"";"FieldLabel";"c:\projetos\AtlasWeb\DespRegistroDUIMP.dfm"
"fDespRegistroDUIMP.cFUNDAP";"FUNDAP";"en-US";"";"Caption";"c:\projetos\AtlasWeb\DespRegistroDUIMP.dfm"
"fDespRegistroDUIMP.cMultimodal";"Multimodal";"en-US";"";"Caption";"c:\projetos\AtlasWeb\DespRegistroDUIMP.dfm"
"fDespRegistroDUIMP.cData";"Data";"en-US";"";"FieldLabel";"c:\projetos\AtlasWeb\DespRegistroDUIMP.dfm"
"fDespRegistroDUIMP.cURF_Entrega";"URF de Entrega";"en-US";"";"FieldLabel";"c:\projetos\AtlasWeb\DespRegistroDUIMP.dfm"
"fDespRegistroDUIMP.cURF_Despacho";"URF de Despacho";"en-US";"";"FieldLabel";"c:\projetos\AtlasWeb\DespRegistroDUIMP.dfm"
"fDespRegistroDUIMP.clModalidade_Importacao";"Modalidade de Importação";"en-US";"";"FieldLabel";"c:\projetos\AtlasWeb\DespRegistroDUIMP.dfm"
"fDespRegistroDUIMP.cConsignatario";"Consignatário";"en-US";"";"FieldLabel";"c:\projetos\AtlasWeb\DespRegistroDUIMP.dfm"
"fDespRegistroDUIMP.cPais_Procedencia";"País Procedência Carga";"en-US";"";"FieldLabel";"c:\projetos\AtlasWeb\DespRegistroDUIMP.dfm"
"fDespRegistroDUIMP.cProcesso";"Processo";"en-US";"";"FieldLabel";"c:\projetos\AtlasWeb\DespRegistroDUIMP.dfm"
"fDespRegistroDUIMP.cMotivo_AdmissaoTemp";"Motivo Adm.Temporaria";"en-US";"";"FieldLabel";"c:\projetos\AtlasWeb\DespRegistroDUIMP.dfm"
"fDespRegistroDUIMP.cTipo_Pagamento";"Pagamento dos Tributos";"en-US";"";"Caption";"c:\projetos\AtlasWeb\DespRegistroDUIMP.dfm"
"fDespRegistroDUIMP.cTipo_Declaracao";"Tipo de Declaração";"en-US";"";"FieldLabel";"c:\projetos\AtlasWeb\DespRegistroDUIMP.dfm"
"fDespRegistroDUIMP.cTipo_Importador";"Tipo de Importador";"en-US";"";"FieldLabel";"c:\projetos\AtlasWeb\DespRegistroDUIMP.dfm"
"fDespRegistroDUIMP.cModalidade_Despacho";"Modalidade de Despacho";"en-US";"";"FieldLabel";"c:\projetos\AtlasWeb\DespRegistroDUIMP.dfm"
"fDespRegistroDUIMP.cBanco";"Banco";"en-US";"";"FieldLabel";"c:\projetos\AtlasWeb\DespRegistroDUIMP.dfm"
"fDespRegistroDUIMP.UniDBEdit1";"Registro";"en-US";"";"FieldLabel";"c:\projetos\AtlasWeb\DespRegistroDUIMP.dfm"
"fDespRegistroDUIMP.UniDBLookupComboBox1";"Adquirente";"en-US";"";"FieldLabel";"c:\projetos\AtlasWeb\DespRegistroDUIMP.dfm"
"fDespRegistroDUIMP.UniDBLookupComboBox2";"MotivoSituação Especial";"en-US";"";"FieldLabel";"c:\projetos\AtlasWeb\DespRegistroDUIMP.dfm"
"fDespRegistroDUIMP.UniTabSheet2";"Carga";"en-US";"";"Caption";"c:\projetos\AtlasWeb\DespRegistroDUIMP.dfm"
"fDespRegistroDUIMP.UniPanel2";"DADOS GERAIS";"en-US";"";"Title";"c:\projetos\AtlasWeb\DespRegistroDUIMP.dfm"
"fDespRegistroDUIMP.cNumero_Veiculo";"Número Veículo";"en-US";"";"FieldLabel";"c:\projetos\AtlasWeb\DespRegistroDUIMP.dfm"
"fDespRegistroDUIMP.cNomeVei";"Nome Veículo";"en-US";"";"FieldLabel";"c:\projetos\AtlasWeb\DespRegistroDUIMP.dfm"
"fDespRegistroDUIMP.cNomeAgente";"Agente Transportador";"en-US";"";"FieldLabel";"c:\projetos\AtlasWeb\DespRegistroDUIMP.dfm"
"fDespRegistroDUIMP.cData_Embarque";"Data de Embarque";"en-US";"";"FieldLabel";"c:\projetos\AtlasWeb\DespRegistroDUIMP.dfm"
"fDespRegistroDUIMP.cAgente_Numero";"Agente Numero";"en-US";"";"FieldLabel";"c:\projetos\AtlasWeb\DespRegistroDUIMP.dfm"
"fDespRegistroDUIMP.cDocumento_Chegada";"Doc.Chegada Nº";"en-US";"";"FieldLabel";"c:\projetos\AtlasWeb\DespRegistroDUIMP.dfm"
"fDespRegistroDUIMP.cTipoConhecimento";"Tipo Conhecimento Carga";"en-US";"";"FieldLabel";"c:\projetos\AtlasWeb\DespRegistroDUIMP.dfm"
"fDespRegistroDUIMP.cNumero_Manifesto";"Nº do Manifesto";"en-US";"";"FieldLabel";"c:\projetos\AtlasWeb\DespRegistroDUIMP.dfm"
"fDespRegistroDUIMP.cData_Chegada";"Data de Chegada";"en-US";"";"FieldLabel";"c:\projetos\AtlasWeb\DespRegistroDUIMP.dfm"
"fDespRegistroDUIMP.cLocalEmb";"Local de Embarque";"en-US";"";"FieldLabel";"c:\projetos\AtlasWeb\DespRegistroDUIMP.dfm"
"fDespRegistroDUIMP.cNumero_DocCargaMaster";"Nº Doc.de Carga (Master)";"en-US";"";"FieldLabel";"c:\projetos\AtlasWeb\DespRegistroDUIMP.dfm"
"fDespRegistroDUIMP.cNumero_DocCarga";"Nº Doc.de Carga";"en-US";"";"FieldLabel";"c:\projetos\AtlasWeb\DespRegistroDUIMP.dfm"
"fDespRegistroDUIMP.cVia_Transporte";"Via de Transporte";"en-US";"";"FieldLabel";"c:\projetos\AtlasWeb\DespRegistroDUIMP.dfm"
"fDespRegistroDUIMP.cTipo_DocCarga";"Documento Carga";"en-US";"";"FieldLabel";"c:\projetos\AtlasWeb\DespRegistroDUIMP.dfm"
"fDespRegistroDUIMP.cFrete_PrePaid";"Valor do Frete Prepaid";"en-US";"";"FieldLabel";"c:\projetos\AtlasWeb\DespRegistroDUIMP.dfm"
"fDespRegistroDUIMP.cFrete_Collect";"Valor do Frete Collect";"en-US";"";"FieldLabel";"c:\projetos\AtlasWeb\DespRegistroDUIMP.dfm"
"fDespRegistroDUIMP.cSeguro_Real";"Segure em Real";"en-US";"";"FieldLabel";"c:\projetos\AtlasWeb\DespRegistroDUIMP.dfm"
"fDespRegistroDUIMP.cRecinto_Aduaneiro";"Recinto Aduaneiro";"en-US";"";"FieldLabel";"c:\projetos\AtlasWeb\DespRegistroDUIMP.dfm"
"fDespRegistroDUIMP.cMoedaFrete";"Moeda do Frete";"en-US";"";"FieldLabel";"c:\projetos\AtlasWeb\DespRegistroDUIMP.dfm"
"fDespRegistroDUIMP.cMoedaSeguro";"Moeda do Seguro";"en-US";"";"FieldLabel";"c:\projetos\AtlasWeb\DespRegistroDUIMP.dfm"
"fDespRegistroDUIMP.cFrete_Real";"Frete em Real";"en-US";"";"FieldLabel";"c:\projetos\AtlasWeb\DespRegistroDUIMP.dfm"
"fDespRegistroDUIMP.cRecinto_AduaneiroSetor";"Recinto Aduaneiro (Setor)";"en-US";"";"FieldLabel";"c:\projetos\AtlasWeb\DespRegistroDUIMP.dfm"
"fDespRegistroDUIMP.cVolumes_Embalagem";"Qtde Volumes";"en-US";"";"FieldLabel";"c:\projetos\AtlasWeb\DespRegistroDUIMP.dfm"
"fDespRegistroDUIMP.cFrete_TerritorioNac";"Frete Território Nacional";"en-US";"";"FieldLabel";"c:\projetos\AtlasWeb\DespRegistroDUIMP.dfm"
"fDespRegistroDUIMP.cSeguro_ME";"Valor do Seguro";"en-US";"";"FieldLabel";"c:\projetos\AtlasWeb\DespRegistroDUIMP.dfm"
"fDespRegistroDUIMP.cLocal_Embarque";"Local de Embarque";"en-US";"";"FieldLabel";"c:\projetos\AtlasWeb\DespRegistroDUIMP.dfm"
"fDespRegistroDUIMP.cEmbalagem";"Tipo de Embalagem";"en-US";"";"FieldLabel";"c:\projetos\AtlasWeb\DespRegistroDUIMP.dfm"
"fDespRegistroDUIMP.cPeso_Liquido";"Peso Líquido";"en-US";"";"FieldLabel";"c:\projetos\AtlasWeb\DespRegistroDUIMP.dfm"
"fDespRegistroDUIMP.cPeso_Bruto";"Peso Bruto";"en-US";"";"FieldLabel";"c:\projetos\AtlasWeb\DespRegistroDUIMP.dfm"
"fDespRegistroDUIMP.UniDBLookupComboBox3";"Tipo de Manifesto";"en-US";"";"FieldLabel";"c:\projetos\AtlasWeb\DespRegistroDUIMP.dfm"
"fDespRegistroDUIMP.UniTabSheet4";"Acréscimos";"en-US";"";"Caption";"c:\projetos\AtlasWeb\DespRegistroDUIMP.dfm"
"fDespRegistroDUIMP.UniPanel8";"DADOS GERAIS";"en-US";"";"Title";"c:\projetos\AtlasWeb\DespRegistroDUIMP.dfm"
"fDespRegistroDUIMP.cAcrescimo";"Acréscimo";"en-US";"";"FieldLabel";"c:\projetos\AtlasWeb\DespRegistroDUIMP.dfm"
"fDespRegistroDUIMP.cMoedaAcrescimo";"Moeda Negociada";"en-US";"";"FieldLabel";"c:\projetos\AtlasWeb\DespRegistroDUIMP.dfm"
"fDespRegistroDUIMP.cValorAcrescimoME";"Valor na Moeda Negociada";"en-US";"";"FieldLabel";"c:\projetos\AtlasWeb\DespRegistroDUIMP.dfm"
"fDespRegistroDUIMP.cValorAcrescimoReal";"Valor em Real";"en-US";"";"FieldLabel";"c:\projetos\AtlasWeb\DespRegistroDUIMP.dfm"
"fDespRegistroDUIMP.bAddTrib";"Adicionar novo registro.";"en-US";"";"Hint";"c:\projetos\AtlasWeb\DespRegistroDUIMP.dfm"
"fDespRegistroDUIMP.bEditTrib";"Editar registro corrente.";"en-US";"";"Hint";"c:\projetos\AtlasWeb\DespRegistroDUIMP.dfm"
"fDespRegistroDUIMP.bExcTrib";"Excluir registro corrente.";"en-US";"";"Hint";"c:\projetos\AtlasWeb\DespRegistroDUIMP.dfm"
"fDespRegistroDUIMP.bCancTrib";"Cancelar modificações feitas no registro corrente.";"en-US";"";"Hint";"c:\projetos\AtlasWeb\DespRegistroDUIMP.dfm"
"fDespRegistroDUIMP.bGravTrib";"Salva o registro corrente.";"en-US";"";"Hint";"c:\projetos\AtlasWeb\DespRegistroDUIMP.dfm"
"fDespRegistroDUIMP.UniTabSheet3";"Adições";"en-US";"";"Caption";"c:\projetos\AtlasWeb\DespRegistroDUIMP.dfm"
"fDespRegistroDUIMP.UniPanel3";"DADOS GERAIS";"en-US";"";"Title";"c:\projetos\AtlasWeb\DespRegistroDUIMP.dfm"
"fDespRegistroDUIMP.UniDBFormattedNumberEdit1";"Valor Total (VMLE)";"en-US";"";"FieldLabel";"c:\projetos\AtlasWeb\DespRegistroDUIMP.dfm"
"fDespRegistroDUIMP.TabSheet1";"XML da DUIMP";"en-US";"";"Caption";"c:\projetos\AtlasWeb\DespRegistroDUIMP.dfm"
"fDespRegistroDUIMP.UniTabSheet1";"Retorno CE";"en-US";"";"Caption";"c:\projetos\AtlasWeb\DespRegistroDUIMP.dfm"
"fDespRegistroDUIMP.pFicha";"DADOS GERAIS";"en-US";"";"Title";"c:\projetos\AtlasWeb\DespRegistroDUIMP.dfm"
"fDialogo.lTipo";"Campo Obrigatório!";"en-US";"";"Caption";"c:\projetos\AtlasWeb\Dialogo.dfm"
"fDialogo.bOK";"OK";"en-US";"";"Caption";"c:\projetos\AtlasWeb\Dialogo.dfm"
"fDUIMP.UniPanel1";"UniPanel1";"en-US";"";"Caption";"c:\projetos\AtlasWeb\DUIMP.dfm"
"fDUIMP.cToken";"TOKEN";"en-US";"";"FieldLabel";"c:\projetos\AtlasWeb\DUIMP.dfm"
"fDUIMP.bBuscar";"Buscar";"en-US";"";"Caption";"c:\projetos\AtlasWeb\DUIMP.dfm"
"fDUIMP.UniButton1";"Sair";"en-US";"";"Caption";"c:\projetos\AtlasWeb\DUIMP.dfm"
"fDUIMP.UniLabel1";"TESTE DE ACESSO AO SERVIÇO DA DUIMP";"en-US";"";"Caption";"c:\projetos\AtlasWeb\DUIMP.dfm"
"fEmbarques.bAdicionar";"Adicionar novo registro.";"en-US";"";"Hint";"c:\projetos\AtlasWeb\Embarques.dfm"
"fEmbarques.bEditar";"Editar registro corrente.";"en-US";"";"Hint";"c:\projetos\AtlasWeb\Embarques.dfm"
"fEmbarques.bExcluir";"Excluir registro corrente.";"en-US";"";"Hint";"c:\projetos\AtlasWeb\Embarques.dfm"
"fEmbarques.bCancelar";"Cancelar modificações feitas no registro corrente.";"en-US";"";"Hint";"c:\projetos\AtlasWeb\Embarques.dfm"
"fEmbarques.bGravar";"Salva o registro corrente.";"en-US";"";"Hint";"c:\projetos\AtlasWeb\Embarques.dfm"
"fEmbarques.bFechar";"Fecha a tela de cadastro atual.";"en-US";"";"Hint";"c:\projetos\AtlasWeb\Embarques.dfm"
"fEmbarques.aLista";"Lista";"en-US";"";"Caption";"c:\projetos\AtlasWeb\Embarques.dfm"
"fEmbarques.cFiltroStatus";"Status";"en-US";"";"Caption";"c:\projetos\AtlasWeb\Embarques.dfm"
"fEmbarques.cFiltroBL";"BL";"en-US";"";"Caption";"c:\projetos\AtlasWeb\Embarques.dfm"
"fEmbarques.cFiltroLaudo";"Laudo";"en-US";"";"Caption";"c:\projetos\AtlasWeb\Embarques.dfm"
"fEmbarques.TabSheet1";"Embarques";"en-US";"";"Caption";"c:\projetos\AtlasWeb\Embarques.dfm"
"fEmbarques.cStatus";"Status";"en-US";"";"FieldLabel";"c:\projetos\AtlasWeb\Embarques.dfm"
"fEmbarques.cReferencia";"Referência";"en-US";"";"FieldLabel";"c:\projetos\AtlasWeb\Embarques.dfm"
"fEmbarques.cFilial";"Filial de Destino";"en-US";"";"FieldLabel";"c:\projetos\AtlasWeb\Embarques.dfm"
"fEmbarques.cNavio";"Navio";"en-US";"";"FieldLabel";"c:\projetos\AtlasWeb\Embarques.dfm"
"fEmbarques.cData_Estimada";"Previsão  Chegada (ETA)";"en-US";"";"FieldLabel";"c:\projetos\AtlasWeb\Embarques.dfm"
"fEmbarques.cData_Chegada";"Chegada";"en-US";"";"FieldLabel";"c:\projetos\AtlasWeb\Embarques.dfm"
"fEmbarques.cData_Atracacao";"Atracação (ETB)";"en-US";"";"FieldLabel";"c:\projetos\AtlasWeb\Embarques.dfm"
"fEmbarques.cData_Descarga";"Descarga";"en-US";"";"FieldLabel";"c:\projetos\AtlasWeb\Embarques.dfm"
"fEmbarques.cTipo_Descarga";"Tipo de Descarga";"en-US";"";"FieldLabel";"c:\projetos\AtlasWeb\Embarques.dfm"
"fEmbarques.cPremium";"Desconto (Premium CPG)";"en-US";"";"FieldLabel";"c:\projetos\AtlasWeb\Embarques.dfm"
"fEmbarques.cTranshipment";"Custo Transporte (Transhipment)";"en-US";"";"FieldLabel";"c:\projetos\AtlasWeb\Embarques.dfm"
"fEmbarques.cFator_Conversao";"Fator Conversão";"en-US";"";"FieldLabel";"c:\projetos\AtlasWeb\Embarques.dfm"
"fEmbarques.cValor_Demurrage";"Valor Demurrage (ME)";"en-US";"";"FieldLabel";"c:\projetos\AtlasWeb\Embarques.dfm"
"fEmbarques.cTempo_Demurrage";"Tempo Demurrage";"en-US";"";"FieldLabel";"c:\projetos\AtlasWeb\Embarques.dfm"
"fEmbarques.cObservacao";"Observação";"en-US";"";"FieldLabel";"c:\projetos\AtlasWeb\Embarques.dfm"
"fEmbarques.cData_Partida";"Partida";"en-US";"";"FieldLabel";"c:\projetos\AtlasWeb\Embarques.dfm"
"fEmbarques.cQuantidade_Carga";"Carga Total";"en-US";"";"FieldLabel";"c:\projetos\AtlasWeb\Embarques.dfm"
"fEmbarques.cDifer";"(Carga Total - Total BL)";"en-US";"";"FieldLabel";"c:\projetos\AtlasWeb\Embarques.dfm"
"fEmbarques.cProcesso";"Processo";"en-US";"";"FieldLabel";"c:\projetos\AtlasWeb\Embarques.dfm"
"fEmbarques.cVariacao_Termica";"Variação Térmica";"en-US";"";"FieldLabel";"c:\projetos\AtlasWeb\Embarques.dfm"
"fEmbarques.UniDBEdit1";"Total ME";"en-US";"";"FieldLabel";"c:\projetos\AtlasWeb\Embarques.dfm"
"fEmbarques.cTotal_ME";"Custo Navio";"en-US";"";"FieldLabel";"c:\projetos\AtlasWeb\Embarques.dfm"
"fEmbarques.cDescargaLT";"Descarga em LT";"en-US";"";"FieldLabel";"c:\projetos\AtlasWeb\Embarques.dfm"
"fEmbarques.TabSheet4";"BL's";"en-US";"";"Caption";"c:\projetos\AtlasWeb\Embarques.dfm"
"fEmbarques.cBL";"Nº do BL";"en-US";"";"FieldLabel";"c:\projetos\AtlasWeb\Embarques.dfm"
"fEmbarques.cData_Emissao";"Data do BL";"en-US";"";"FieldLabel";"c:\projetos\AtlasWeb\Embarques.dfm"
"fEmbarques.cTon_Vac";"Ton Vac";"en-US";"";"FieldLabel";"c:\projetos\AtlasWeb\Embarques.dfm"
"fEmbarques.cTon_Air";"Ton Air";"en-US";"";"FieldLabel";"c:\projetos\AtlasWeb\Embarques.dfm"
"fEmbarques.cQuantidade_M315";"Quantidade BL M³ (15°) ";"en-US";"";"FieldLabel";"c:\projetos\AtlasWeb\Embarques.dfm"
"fEmbarques.cQuantidade_LT20";"Quantidade BL LT (20º)";"en-US";"";"FieldLabel";"c:\projetos\AtlasWeb\Embarques.dfm"
"fEmbarques.cQuantidade_M320";"Quantidade BL M³ (20°) ";"en-US";"";"FieldLabel";"c:\projetos\AtlasWeb\Embarques.dfm"
"fEmbarques.cQuantidade_LT15";"Quantidade BL LT (15º)";"en-US";"";"FieldLabel";"c:\projetos\AtlasWeb\Embarques.dfm"
"fEmbarques.cPorto";"Porto";"en-US";"";"FieldLabel";"c:\projetos\AtlasWeb\Embarques.dfm"
"fEmbarques.cArmazem";"Armazém";"en-US";"";"FieldLabel";"c:\projetos\AtlasWeb\Embarques.dfm"
"fEmbarques.cQuantidade_EmbM315";"Quantidade Emb M³ (15°) ";"en-US";"";"FieldLabel";"c:\projetos\AtlasWeb\Embarques.dfm"
"fEmbarques.cQuantidade_EmbLT20";"Quantidade Emb LT (20º)";"en-US";"";"FieldLabel";"c:\projetos\AtlasWeb\Embarques.dfm"
"fEmbarques.cQuantidade_EmbM320";"Quantidade Emb M³ (20°) ";"en-US";"";"FieldLabel";"c:\projetos\AtlasWeb\Embarques.dfm"
"fEmbarques.cQuantidade_EmbLT15";"Quantidade Emb LT (15º)";"en-US";"";"FieldLabel";"c:\projetos\AtlasWeb\Embarques.dfm"
"fEmbarques.cProduto";"Produto";"en-US";"";"FieldLabel";"c:\projetos\AtlasWeb\Embarques.dfm"
"fEmbarques.cDI";"Nº do DUIMP ";"en-US";"";"FieldLabel";"c:\projetos\AtlasWeb\Embarques.dfm"
"fEmbarques.UniDBCheckBox1";"Endossado";"en-US";"";"Caption";"c:\projetos\AtlasWeb\Embarques.dfm"
"fEmbarques.UniDBCheckBox2";"Bloqueado";"en-US";"";"Caption";"c:\projetos\AtlasWeb\Embarques.dfm"
"fEmbarques.UniDBCheckBox3";"Entreposto";"en-US";"";"Caption";"c:\projetos\AtlasWeb\Embarques.dfm"
"fEmbarques.bAdicionarBL";"Adicionar novo BL";"en-US";"";"Hint";"c:\projetos\AtlasWeb\Embarques.dfm"
"fEmbarques.bEditarBL";"Editar BL corrente";"en-US";"";"Hint";"c:\projetos\AtlasWeb\Embarques.dfm"
"fEmbarques.bExcluirBL";"Excluir BL corrente";"en-US";"";"Hint";"c:\projetos\AtlasWeb\Embarques.dfm"
"fEmbarques.bCancelarBL";"Cancelar modificações feitas no BL corrente";"en-US";"";"Hint";"c:\projetos\AtlasWeb\Embarques.dfm"
"fEmbarques.bGravarBL";"Salva o BL corrente.";"en-US";"";"Hint";"c:\projetos\AtlasWeb\Embarques.dfm"
"fEmbarques.TabSheet5";"Laudos";"en-US";"";"Caption";"c:\projetos\AtlasWeb\Embarques.dfm"
"fEmbarques.cVariacao_EmbLT";"Variação Embarque (LT)";"en-US";"";"FieldLabel";"c:\projetos\AtlasWeb\Embarques.dfm"
"fEmbarques.cDataOper";"Data da Operação";"en-US";"";"FieldLabel";"c:\projetos\AtlasWeb\Embarques.dfm"
"fEmbarques.cVariacao_EmbPerc";"Variação Embarque (%)";"en-US";"";"FieldLabel";"c:\projetos\AtlasWeb\Embarques.dfm"
"fEmbarques.cLaudo";"Nº Laudo";"en-US";"";"FieldLabel";"c:\projetos\AtlasWeb\Embarques.dfm"
"fEmbarques.cVariacao_DesLT";"Variação Desembarque (LT)";"en-US";"";"FieldLabel";"c:\projetos\AtlasWeb\Embarques.dfm"
"fEmbarques.cVariacao_DesPerc";"Variação Desembarque (%)";"en-US";"";"FieldLabel";"c:\projetos\AtlasWeb\Embarques.dfm"
"fEmbarques.cDataAtr";"Data da Atracação";"en-US";"";"FieldLabel";"c:\projetos\AtlasWeb\Embarques.dfm"
"fEmbarques.cQtdeRecM320";"Quantidade Recebida (M³)";"en-US";"";"FieldLabel";"c:\projetos\AtlasWeb\Embarques.dfm"
"fEmbarques.cQtdeRecLT20";"Quantidade Recebida (LT)";"en-US";"";"FieldLabel";"c:\projetos\AtlasWeb\Embarques.dfm"
"fEmbarques.bAdicionarLaudo";"Adicionar novo Laudo";"en-US";"";"Hint";"c:\projetos\AtlasWeb\Embarques.dfm"
"fEmbarques.bEditarLaudo";"Editar o Laudo corrente";"en-US";"";"Hint";"c:\projetos\AtlasWeb\Embarques.dfm"
"fEmbarques.bExcluirLaudo";"Excluir o Laudo corrente";"en-US";"";"Hint";"c:\projetos\AtlasWeb\Embarques.dfm"
"fEmbarques.bCancelarLaudo";"Cancelar modificações feitas no Laudo corrente";"en-US";"";"Hint";"c:\projetos\AtlasWeb\Embarques.dfm"
"fEmbarques.bGravarLaudo";"Salva o Laudo corrente";"en-US";"";"Hint";"c:\projetos\AtlasWeb\Embarques.dfm"
"fEmbarques.bAddLaudoBL";"Adicionar BL's ao Laudo   ";"en-US";"";"Hint";"c:\projetos\AtlasWeb\Embarques.dfm"
"fEmbarques.bAddLaudoBL";"Adicionar BL";"en-US";"";"Caption";"c:\projetos\AtlasWeb\Embarques.dfm"
"fEmbarques.bRemLaudoBL";"Remover BL's do Laudo   ";"en-US";"";"Hint";"c:\projetos\AtlasWeb\Embarques.dfm"
"fEmbarques.bRemLaudoBL";"Remover BL";"en-US";"";"Caption";"c:\projetos\AtlasWeb\Embarques.dfm"
"fEmbarques.TabSheet2";"Notas Fiscais";"en-US";"";"Caption";"c:\projetos\AtlasWeb\Embarques.dfm"
"fEmbarques.ATIVO1";"ATIVO";"en-US";"";"Caption";"c:\projetos\AtlasWeb\Embarques.dfm"
"fEmbarques.EMANDAMENTO1";"EM ANDAMENTO";"en-US";"";"Caption";"c:\projetos\AtlasWeb\Embarques.dfm"
"fEmbarques.ENCERRADO1";"ENCERRADO";"en-US";"";"Caption";"c:\projetos\AtlasWeb\Embarques.dfm"
"LaudosBL.bAdicionar";"Adicionar BL's ao Laudo   ";"en-US";"";"Hint";"c:\projetos\AtlasWeb\EmbarquesLaudosBL.dfm"
"LaudosBL.bAdicionar";"Adicionar";"en-US";"";"Caption";"c:\projetos\AtlasWeb\EmbarquesLaudosBL.dfm"
"LaudosBL.bSair";"Sair";"en-US";"";"Caption";"c:\projetos\AtlasWeb\EmbarquesLaudosBL.dfm"
"fEstoque_Imobilizado.UniTabSheet1";"Lista";"en-US";"";"Caption";"c:\projetos\AtlasWeb\Estoque_Imobilizado.dfm"
"fEstoque_Imobilizado.TabSheet1";"Item";"en-US";"";"Caption";"c:\projetos\AtlasWeb\Estoque_Imobilizado.dfm"
"fEstoque_Imobilizado.Ficha";"Ficha";"en-US";"";"Caption";"c:\projetos\AtlasWeb\Estoque_Imobilizado.dfm"
"fEstoque_Imobilizado.DBEdit2";"Série";"en-US";"";"FieldLabel";"c:\projetos\AtlasWeb\Estoque_Imobilizado.dfm"
"fEstoque_Imobilizado.cICMSProprio";"ICMS Próprio";"en-US";"";"FieldLabel";"c:\projetos\AtlasWeb\Estoque_Imobilizado.dfm"
"fEstoque_Imobilizado.cModelo";"Modelo";"en-US";"";"FieldLabel";"c:\projetos\AtlasWeb\Estoque_Imobilizado.dfm"
"fEstoque_Imobilizado.cFornecedor";"Fornecedor";"en-US";"";"FieldLabel";"c:\projetos\AtlasWeb\Estoque_Imobilizado.dfm"
"fEstoque_Imobilizado.cNotaEntrada";"Nota de Entrada";"en-US";"";"FieldLabel";"c:\projetos\AtlasWeb\Estoque_Imobilizado.dfm"
"fEstoque_Imobilizado.cDataEntrada";"Data Entrada";"en-US";"";"FieldLabel";"c:\projetos\AtlasWeb\Estoque_Imobilizado.dfm"
"fEstoque_Imobilizado.cICMS_ST";"ICMS ST";"en-US";"";"FieldLabel";"c:\projetos\AtlasWeb\Estoque_Imobilizado.dfm"
"fEstoque_Imobilizado.cICMS_Frete";"ICMS Frete";"en-US";"";"FieldLabel";"c:\projetos\AtlasWeb\Estoque_Imobilizado.dfm"
"fEstoque_Imobilizado.cICMS_Dif_Aliquota";"ICMS Dif.Alíquota";"en-US";"";"FieldLabel";"c:\projetos\AtlasWeb\Estoque_Imobilizado.dfm"
"fEstoque_Imobilizado.cValor_Credito";"Crédito";"en-US";"";"FieldLabel";"c:\projetos\AtlasWeb\Estoque_Imobilizado.dfm"
"fEstoque_Imobilizado.cDescricaoBem";"Descrição do Bem";"en-US";"";"FieldLabel";"c:\projetos\AtlasWeb\Estoque_Imobilizado.dfm"
"fEstoque_Imobilizado.cCodigo_Imobilizado";"Código Patrimônio";"en-US";"";"FieldLabel";"c:\projetos\AtlasWeb\Estoque_Imobilizado.dfm"
"fEstoque_Imobilizado.cFuncao";"Função do Bem";"en-US";"";"FieldLabel";"c:\projetos\AtlasWeb\Estoque_Imobilizado.dfm"
"fEstoque_Imobilizado.cProduto";"Produto";"en-US";"";"FieldLabel";"c:\projetos\AtlasWeb\Estoque_Imobilizado.dfm"
"fEstoque_Imobilizado.cParcelas";"Parcelas";"en-US";"";"FieldLabel";"c:\projetos\AtlasWeb\Estoque_Imobilizado.dfm"
"fEstoque_Imobilizado.cApropriadas";"Apropriadas";"en-US";"";"FieldLabel";"c:\projetos\AtlasWeb\Estoque_Imobilizado.dfm"
"fEstoque_Imobilizado.cMes_FimApropriacao";"Fim Apropriação (Mês)";"en-US";"";"FieldLabel";"c:\projetos\AtlasWeb\Estoque_Imobilizado.dfm"
"fEstoque_Imobilizado.cVida_Util";"Vida Util (Meses)";"en-US";"";"FieldLabel";"c:\projetos\AtlasWeb\Estoque_Imobilizado.dfm"
"fEstoque_Imobilizado.cOrdem";"Nº Ordem na NF";"en-US";"";"FieldLabel";"c:\projetos\AtlasWeb\Estoque_Imobilizado.dfm"
"fEstoque_Imobilizado.GroupBox2";"Crédito a ser apropriado";"en-US";"";"Caption";"c:\projetos\AtlasWeb\Estoque_Imobilizado.dfm"
"fEstoque_Imobilizado.DBEdit16";"Vlr.Aquisição";"en-US";"";"FieldLabel";"c:\projetos\AtlasWeb\Estoque_Imobilizado.dfm"
"fEstoque_Imobilizado.DBEdit15";"Vlr a ser Deprec.";"en-US";"";"FieldLabel";"c:\projetos\AtlasWeb\Estoque_Imobilizado.dfm"
"fEstoque_Imobilizado.cApropriacao_Inicial";"Período Inicial Apropr.";"en-US";"";"FieldLabel";"c:\projetos\AtlasWeb\Estoque_Imobilizado.dfm"
"fEstoque_Imobilizado.cApropriacao_Meses";"Nº de Meses Apropr.";"en-US";"";"FieldLabel";"c:\projetos\AtlasWeb\Estoque_Imobilizado.dfm"
"fEstoque_Imobilizado.UniDBLookupComboBox1";"Tipo de Cálculo";"en-US";"";"FieldLabel";"c:\projetos\AtlasWeb\Estoque_Imobilizado.dfm"
"fEstoque_Imobilizado.cQuantidade";"Quantidade";"en-US";"";"FieldLabel";"c:\projetos\AtlasWeb\Estoque_Imobilizado.dfm"
"fEstoque_Imobilizado.cAno_FimApropriacao";"Fim Apropriação (Ano)";"en-US";"";"FieldLabel";"c:\projetos\AtlasWeb\Estoque_Imobilizado.dfm"
"fEstoque_Imobilizado.cTipo_Movimentacao";"Tipo de Movimentação";"en-US";"";"FieldLabel";"c:\projetos\AtlasWeb\Estoque_Imobilizado.dfm"
"fEstoque_Imobilizado.cUso";"Uso";"en-US";"";"FieldLabel";"c:\projetos\AtlasWeb\Estoque_Imobilizado.dfm"
"fEstoque_Imobilizado.TabSheet2";"Saída";"en-US";"";"Caption";"c:\projetos\AtlasWeb\Estoque_Imobilizado.dfm"
"fEstoque_Imobilizado.UniPanel1";"Ficha";"en-US";"";"Caption";"c:\projetos\AtlasWeb\Estoque_Imobilizado.dfm"
"fEstoque_Imobilizado.TabSheet3";"Contabeis";"en-US";"";"Caption";"c:\projetos\AtlasWeb\Estoque_Imobilizado.dfm"
"fEstoque_Imobilizado.UniPanel2";"Ficha";"en-US";"";"Caption";"c:\projetos\AtlasWeb\Estoque_Imobilizado.dfm"
"fEstoque_Imobilizado.bAdicionar_";"Adicionar novo registro.";"en-US";"";"Hint";"c:\projetos\AtlasWeb\Estoque_Imobilizado.dfm"
"fEstoque_Imobilizado.bEditar_";"Editar registro corrente.";"en-US";"";"Hint";"c:\projetos\AtlasWeb\Estoque_Imobilizado.dfm"
"fEstoque_Imobilizado.bExcluir_";"Excluir reegistro corrente.";"en-US";"";"Hint";"c:\projetos\AtlasWeb\Estoque_Imobilizado.dfm"
"fEstoque_Imobilizado.bCancelar_";"Cancelar modificações feitas no registro corrente.";"en-US";"";"Hint";"c:\projetos\AtlasWeb\Estoque_Imobilizado.dfm"
"fEstoque_Imobilizado.bSalvar_";"Salva o registro corrente.";"en-US";"";"Hint";"c:\projetos\AtlasWeb\Estoque_Imobilizado.dfm"
"fEstoque_Imobilizado.bFechar_";"Fecha a tela de cadastro atual.";"en-US";"";"Hint";"c:\projetos\AtlasWeb\Estoque_Imobilizado.dfm"
"fEstoque_Industrializacao.bAdicionar_";"Adicionar novo registro.";"en-US";"";"Hint";"c:\projetos\AtlasWeb\Estoque_Industrializacao.dfm"
"fEstoque_Industrializacao.bEditar_";"Editar registro corrente.";"en-US";"";"Hint";"c:\projetos\AtlasWeb\Estoque_Industrializacao.dfm"
"fEstoque_Industrializacao.bExcluir_";"Excluir reegistro corrente.";"en-US";"";"Hint";"c:\projetos\AtlasWeb\Estoque_Industrializacao.dfm"
"fEstoque_Industrializacao.bCancelar_";"Cancelar modificações feitas no registro corrente.";"en-US";"";"Hint";"c:\projetos\AtlasWeb\Estoque_Industrializacao.dfm"
"fEstoque_Industrializacao.bSalvar_";"Salva o registro corrente.";"en-US";"";"Hint";"c:\projetos\AtlasWeb\Estoque_Industrializacao.dfm"
"fEstoque_Industrializacao.bFechar_";"Fecha a tela de cadastro atual.";"en-US";"";"Hint";"c:\projetos\AtlasWeb\Estoque_Industrializacao.dfm"
"fEstoque_Industrializacao.UniTabSheet1";"Lista";"en-US";"";"Caption";"c:\projetos\AtlasWeb\Estoque_Industrializacao.dfm"
"fEstoque_Industrializacao.TabDados";"Ficha";"en-US";"";"Caption";"c:\projetos\AtlasWeb\Estoque_Industrializacao.dfm"
"fEstoque_Industrializacao.Ficha";"Ficha";"en-US";"";"Caption";"c:\projetos\AtlasWeb\Estoque_Industrializacao.dfm"
"fEstoque_Industrializacao.cProduto";"Produto";"en-US";"";"FieldLabel";"c:\projetos\AtlasWeb\Estoque_Industrializacao.dfm"
"fEstoque_Industrializacao.cQtde";"Quantidade";"en-US";"";"FieldLabel";"c:\projetos\AtlasWeb\Estoque_Industrializacao.dfm"
"fEstoque_Industrializacao.cData";"Data Entrada";"en-US";"";"FieldLabel";"c:\projetos\AtlasWeb\Estoque_Industrializacao.dfm"
"fEstoque_Industrializacao.cValor_Unitario";"Valor Unitário";"en-US";"";"FieldLabel";"c:\projetos\AtlasWeb\Estoque_Industrializacao.dfm"
"fEstoque_Industrializacao.cProcesso";"Processo";"en-US";"";"FieldLabel";"c:\projetos\AtlasWeb\Estoque_Industrializacao.dfm"
"fEstoque_Industrializacao.cEstoque";"Estoque";"en-US";"";"FieldLabel";"c:\projetos\AtlasWeb\Estoque_Industrializacao.dfm"
"fEstoque_Industrializacao.cDestinatario";"Fornecedor";"en-US";"";"FieldLabel";"c:\projetos\AtlasWeb\Estoque_Industrializacao.dfm"
"fEstoque_Industrializacao.cCFOP";"CFOP";"en-US";"";"FieldLabel";"c:\projetos\AtlasWeb\Estoque_Industrializacao.dfm"
"fEstoque_Industrializacao.cEmpresa";"Empresa";"en-US";"";"FieldLabel";"c:\projetos\AtlasWeb\Estoque_Industrializacao.dfm"
"fEstoque_ProcessarEstoque.bCancelar";"Cancelar";"en-US";"";"Caption";"c:\projetos\AtlasWeb\Estoque_ProcessarEstoque.dfm"
"fEstoque_ProcessarEstoque.lMsg";"...";"en-US";"";"Caption";"c:\projetos\AtlasWeb\Estoque_ProcessarEstoque.dfm"
"fEstoque_ProcessarEstoque.bProcessar";"Processar";"en-US";"";"Caption";"c:\projetos\AtlasWeb\Estoque_ProcessarEstoque.dfm"
"fEstoque_ProcessarEstoque.cDescricao";"Descrição da Mercadoria";"en-US";"";"Caption";"c:\projetos\AtlasWeb\Estoque_ProcessarEstoque.dfm"
"fEstoque_ProcessarEstoque.cEmpresa";"Empresa";"en-US";"";"FieldLabel";"c:\projetos\AtlasWeb\Estoque_ProcessarEstoque.dfm"
"fEstoque_SaldoAbertura.bAdicionar";"Adicionar novo registro.";"en-US";"";"Hint";"c:\projetos\AtlasWeb\Estoque_SaldoAbertura.dfm"
"fEstoque_SaldoAbertura.bEditar";"Editar registro corrente.";"en-US";"";"Hint";"c:\projetos\AtlasWeb\Estoque_SaldoAbertura.dfm"
"fEstoque_SaldoAbertura.bExcluir";"Excluir registro corrente.";"en-US";"";"Hint";"c:\projetos\AtlasWeb\Estoque_SaldoAbertura.dfm"
"fEstoque_SaldoAbertura.bCancelar";"Cancelar modificações feitas no registro corrente.";"en-US";"";"Hint";"c:\projetos\AtlasWeb\Estoque_SaldoAbertura.dfm"
"fEstoque_SaldoAbertura.bGravar";"Salva o registro corrente.";"en-US";"";"Hint";"c:\projetos\AtlasWeb\Estoque_SaldoAbertura.dfm"
"fEstoque_SaldoAbertura.bFechar";"Fecha a tela de cadastro atual.";"en-US";"";"Hint";"c:\projetos\AtlasWeb\Estoque_SaldoAbertura.dfm"
"fEstoque_SaldoAbertura.aLista";"Lista";"en-US";"";"Caption";"c:\projetos\AtlasWeb\Estoque_SaldoAbertura.dfm"
"fEstoque_SaldoAbertura.UniTabSheet1";"Dados Gerais";"en-US";"";"Caption";"c:\projetos\AtlasWeb\Estoque_SaldoAbertura.dfm"
"fEstoque_SaldoAbertura.pFicha";"DADOS GERAIS";"en-US";"";"Title";"c:\projetos\AtlasWeb\Estoque_SaldoAbertura.dfm"
"fEstoque_SaldoAbertura.cObs";"Observação";"en-US";"";"FieldLabel";"c:\projetos\AtlasWeb\Estoque_SaldoAbertura.dfm"
"fEstoque_SaldoAbertura.cProduto";"Produto";"en-US";"";"FieldLabel";"c:\projetos\AtlasWeb\Estoque_SaldoAbertura.dfm"
"fEstoque_SaldoAbertura.cSaldo";"Saldo do Estoque";"en-US";"";"FieldLabel";"c:\projetos\AtlasWeb\Estoque_SaldoAbertura.dfm"
"fEstoque_SaldoAbertura.cData";"Data Entrada";"en-US";"";"FieldLabel";"c:\projetos\AtlasWeb\Estoque_SaldoAbertura.dfm"
"fEstoque_SaldoAbertura.cInventario";"Movimenta inventario";"en-US";"";"Caption";"c:\projetos\AtlasWeb\Estoque_SaldoAbertura.dfm"
"fEstoque_SaldoAbertura.cEstoque";"Movimenta Estoque";"en-US";"";"Caption";"c:\projetos\AtlasWeb\Estoque_SaldoAbertura.dfm"
"fEstoque_SaldoAbertura.cProcesso";"Processo";"en-US";"";"FieldLabel";"c:\projetos\AtlasWeb\Estoque_SaldoAbertura.dfm"
"fEstoque_SaldoAbertura.cQtde";"Quantidade";"en-US";"";"FieldLabel";"c:\projetos\AtlasWeb\Estoque_SaldoAbertura.dfm"
"fEstoque_SaldoAbertura.cValor";"Valor Unitário";"en-US";"";"FieldLabel";"c:\projetos\AtlasWeb\Estoque_SaldoAbertura.dfm"
"fFatPedidoItensDUIMP.bSair";"Fecha a tela de cadastro atual.";"en-US";"";"Hint";"c:\projetos\AtlasWeb\FatPedidoItensDUIMP.dfm"
"fFatPedidoItensDUIMP.bAddItem";"Adicionar um Item";"en-US";"";"Hint";"c:\projetos\AtlasWeb\FatPedidoItensDUIMP.dfm"
"fFatPedidoItensDUIMP.bAddItem";"Adicionar Item";"en-US";"";"Caption";"c:\projetos\AtlasWeb\FatPedidoItensDUIMP.dfm"
"fFatPedidoItensDUIMP.bAddTudo";"Adicionar Tudo";"en-US";"";"Hint";"c:\projetos\AtlasWeb\FatPedidoItensDUIMP.dfm"
"fFatPedidoItensDUIMP.bRemItem";"Remover um item";"en-US";"";"Hint";"c:\projetos\AtlasWeb\FatPedidoItensDUIMP.dfm"
"fFatPedidoItensDUIMP.bRemItem";"Remover Item";"en-US";"";"Caption";"c:\projetos\AtlasWeb\FatPedidoItensDUIMP.dfm"
"fFatPedidoItensDUIMP.bRemTudo";"Remover todos os itens";"en-US";"";"Hint";"c:\projetos\AtlasWeb\FatPedidoItensDUIMP.dfm"
"fFatPedidoItensDUIMP.bRemTudo";"Remover Tudo";"en-US";"";"Caption";"c:\projetos\AtlasWeb\FatPedidoItensDUIMP.dfm"
"fFatPedidoItensDUIMP.UniPanel2";"UniPanel2";"en-US";"";"Caption";"c:\projetos\AtlasWeb\FatPedidoItensDUIMP.dfm"
"fFatPedidoItensDUIMP.UniTabSheet1";"Itens do Pedido";"en-US";"";"Caption";"c:\projetos\AtlasWeb\FatPedidoItensDUIMP.dfm"
"fFatPedidoItensDUIMP.cQtdePerc";"Quantidade %";"en-US";"";"FieldLabel";"c:\projetos\AtlasWeb\FatPedidoItensDUIMP.dfm"
"fFatPedidoItensDUIMP.cValorUnitario";"Valor Unitário";"en-US";"";"FieldLabel";"c:\projetos\AtlasWeb\FatPedidoItensDUIMP.dfm"
"fFatPedidoItensDUIMP.cFracionar";"Fracionar quantidades";"en-US";"";"Caption";"c:\projetos\AtlasWeb\FatPedidoItensDUIMP.dfm"
"fFatPedidoItensDUIMP.cLucroPerc";"Margem Lucro (%)";"en-US";"";"FieldLabel";"c:\projetos\AtlasWeb\FatPedidoItensDUIMP.dfm"
"fFatPedidoItensDUIMP.cLucroValor";"Margem Lucro (Valor)";"en-US";"";"FieldLabel";"c:\projetos\AtlasWeb\FatPedidoItensDUIMP.dfm"
"fFatPedidoItensDUIMP.cDescPerc";"Desconto (%)";"en-US";"";"FieldLabel";"c:\projetos\AtlasWeb\FatPedidoItensDUIMP.dfm"
"fFatPedidoItensDUIMP.cDescValor";"Desconto (Valor)";"en-US";"";"FieldLabel";"c:\projetos\AtlasWeb\FatPedidoItensDUIMP.dfm"
"fFatPedidoItensDUIMP.cCalcVol";"Calcular quantidade total de volumes";"en-US";"";"Caption";"c:\projetos\AtlasWeb\FatPedidoItensDUIMP.dfm"
"fFatPedidoItensDUIMP.cICMSAnt";"ICMS cobrado anteriormente por ST";"en-US";"";"Caption";"c:\projetos\AtlasWeb\FatPedidoItensDUIMP.dfm"
"fFatPedidoItensDUIMP.UniCheckBox1";"Utilizar quantidade total p/quebra por percentual";"en-US";"";"Caption";"c:\projetos\AtlasWeb\FatPedidoItensDUIMP.dfm"
"fFatPedidoItensDUIMP.UniTabSheet2";"Análise";"en-US";"";"Caption";"c:\projetos\AtlasWeb\FatPedidoItensDUIMP.dfm"
"fFatPedidoItensDUIMP.cLog";"FÓRMULAS DOS CALCULOS DO PEDIDO";"en-US";"";"FieldLabel";"c:\projetos\AtlasWeb\FatPedidoItensDUIMP.dfm"
"fFatPedidoItensDUIMP.cDUIMP";"DUIMP";"en-US";"";"FieldLabel";"c:\projetos\AtlasWeb\FatPedidoItensDUIMP.dfm"
"fFatPedidoItensDUIMP.cCFOP";"CFOP";"en-US";"";"FieldLabel";"c:\projetos\AtlasWeb\FatPedidoItensDUIMP.dfm"
"fFatPedidoItensDUIMP.cEmbarque";"Embarque";"en-US";"";"FieldLabel";"c:\projetos\AtlasWeb\FatPedidoItensDUIMP.dfm"
"fFatPedidoItensDUIMP.UniSpeedButton1";"Adicionar um Item";"en-US";"";"Hint";"c:\projetos\AtlasWeb\FatPedidoItensDUIMP.dfm"
"fFatPedidoItensDUIMP.UniSpeedButton1";"Adicionar Item";"en-US";"";"Caption";"c:\projetos\AtlasWeb\FatPedidoItensDUIMP.dfm"
"fFatPedidoItensDUIMPItem.bSalvar";"Salvar informações";"en-US";"";"Hint";"c:\projetos\AtlasWeb\FatPedidoItensDUIMPItem.dfm"
"fFatPedidoItensDUIMPItem.bSalvar";"Salvar";"en-US";"";"Caption";"c:\projetos\AtlasWeb\FatPedidoItensDUIMPItem.dfm"
"fFatPedidoItensDUIMPItem.bCancelar";"Cancelar operação";"en-US";"";"Hint";"c:\projetos\AtlasWeb\FatPedidoItensDUIMPItem.dfm"
"fFatPedidoItensDUIMPItem.bCancelar";"Cancelar";"en-US";"";"Caption";"c:\projetos\AtlasWeb\FatPedidoItensDUIMPItem.dfm"
"fFatPedidoItensDUIMPItem.uniPanel1";"ADICIONANDO ITEM (CHASSI/SERIAL)";"en-US";"";"Title";"c:\projetos\AtlasWeb\FatPedidoItensDUIMPItem.dfm"
"fFatPedidoItensDUIMPItem.uniPanel1";"uniPanel1";"en-US";"";"Caption";"c:\projetos\AtlasWeb\FatPedidoItensDUIMPItem.dfm"
"fFatPedidoItensDUIMPItem.UniPanel2";"UniPanel2";"en-US";"";"Caption";"c:\projetos\AtlasWeb\FatPedidoItensDUIMPItem.dfm"
"fFatPedidoItensDUIMPItem.cQtdePerc";"Quantidade (%)";"en-US";"";"FieldLabel";"c:\projetos\AtlasWeb\FatPedidoItensDUIMPItem.dfm"
"fFatPedidoItensDUIMPItem.cQtde";"Quantidade";"en-US";"";"FieldLabel";"c:\projetos\AtlasWeb\FatPedidoItensDUIMPItem.dfm"
"fFatPedidoItensDUIMPItem.cValor";"Valor";"en-US";"";"FieldLabel";"c:\projetos\AtlasWeb\FatPedidoItensDUIMPItem.dfm"
"fFatPedidoItensDUIMPItem.UniPanel4";"UniPanel2";"en-US";"";"Caption";"c:\projetos\AtlasWeb\FatPedidoItensDUIMPItem.dfm"
"fFatPedidoItensDUIMPItem.cPesquisa";"Pesquisar";"en-US";"";"FieldLabel";"c:\projetos\AtlasWeb\FatPedidoItensDUIMPItem.dfm"
"fFatPedidoItensDUIMPItem.bPesquisa";"Fecha a tela de cadastro atual.";"en-US";"";"Hint";"c:\projetos\AtlasWeb\FatPedidoItensDUIMPItem.dfm"
"fFatPedidoItensDUIMPItem.bAdicionar";"Adiciona Serial/Chassi selecionado  do pedido.";"en-US";"";"Hint";"c:\projetos\AtlasWeb\FatPedidoItensDUIMPItem.dfm"
"fFatPedidoItensDUIMPItem.bRemover";"Remove Serial/Chassi selecionado  do pedido.";"en-US";"";"Hint";"c:\projetos\AtlasWeb\FatPedidoItensDUIMPItem.dfm"
"fFatPedidoNF.bAdicionar";"Adicionar novo registro.";"en-US";"";"Hint";"c:\projetos\AtlasWeb\FatPedidoNF.dfm"
"fFatPedidoNF.bEditar";"Editar registro corrente.";"en-US";"";"Hint";"c:\projetos\AtlasWeb\FatPedidoNF.dfm"
"fFatPedidoNF.bExcluir";"Excluir registro corrente.";"en-US";"";"Hint";"c:\projetos\AtlasWeb\FatPedidoNF.dfm"
"fFatPedidoNF.bCancelar";"Cancelar modificações feitas no registro corrente.";"en-US";"";"Hint";"c:\projetos\AtlasWeb\FatPedidoNF.dfm"
"fFatPedidoNF.bGravar";"Salva o registro corrente.";"en-US";"";"Hint";"c:\projetos\AtlasWeb\FatPedidoNF.dfm"
"fFatPedidoNF.bFechar";"Fecha a tela de cadastro atual.";"en-US";"";"Hint";"c:\projetos\AtlasWeb\FatPedidoNF.dfm"
"fFatPedidoNF.aLista";"Lista";"en-US";"";"Caption";"c:\projetos\AtlasWeb\FatPedidoNF.dfm"
"fFatPedidoNF.TabSheet1";"Capa do Pedido";"en-US";"";"Caption";"c:\projetos\AtlasWeb\FatPedidoNF.dfm"
"fFatPedidoNF.UniPanel1";"CAPA DO PEDIDO";"en-US";"";"Title";"c:\projetos\AtlasWeb\FatPedidoNF.dfm"
"fFatPedidoNF.cPedido";"Nº DO PEDIDO";"en-US";"";"FieldLabel";"c:\projetos\AtlasWeb\FatPedidoNF.dfm"
"fFatPedidoNF.cOperacao";"Operação Fiscal";"en-US";"";"FieldLabel";"c:\projetos\AtlasWeb\FatPedidoNF.dfm"
"fFatPedidoNF.cDestinatario";"Destinatário";"en-US";"";"FieldLabel";"c:\projetos\AtlasWeb\FatPedidoNF.dfm"
"fFatPedidoNF.cTransportador";"Transportador";"en-US";"";"FieldLabel";"c:\projetos\AtlasWeb\FatPedidoNF.dfm"
"fFatPedidoNF.cNFRef";"Nota Referência";"en-US";"";"FieldLabel";"c:\projetos\AtlasWeb\FatPedidoNF.dfm"
"fFatPedidoNF.cVolume_Especie";"Espécie";"en-US";"";"FieldLabel";"c:\projetos\AtlasWeb\FatPedidoNF.dfm"
"fFatPedidoNF.cVolume_Quantidade";"Volumes";"en-US";"";"FieldLabel";"c:\projetos\AtlasWeb\FatPedidoNF.dfm"
"fFatPedidoNF.cVolume_Marca";"Marca";"en-US";"";"FieldLabel";"c:\projetos\AtlasWeb\FatPedidoNF.dfm"
"fFatPedidoNF.cVolume_Numero";"Nº";"en-US";"";"FieldLabel";"c:\projetos\AtlasWeb\FatPedidoNF.dfm"
"fFatPedidoNF.cForma_Pagamento";"Forma Pgto.";"en-US";"";"FieldLabel";"c:\projetos\AtlasWeb\FatPedidoNF.dfm"
"fFatPedidoNF.cDescricao_Forma";"Descrição (Forma)";"en-US";"";"FieldLabel";"c:\projetos\AtlasWeb\FatPedidoNF.dfm"
"fFatPedidoNF.cIntermediador";"Intermediador";"en-US";"";"FieldLabel";"c:\projetos\AtlasWeb\FatPedidoNF.dfm"
"fFatPedidoNF.cBeneficio_Fiscal";"Benefício Fiscal";"en-US";"";"FieldLabel";"c:\projetos\AtlasWeb\FatPedidoNF.dfm"
"fFatPedidoNF.cModalidade_Frete";"Modalidade de Frete";"en-US";"";"FieldLabel";"c:\projetos\AtlasWeb\FatPedidoNF.dfm"
"fFatPedidoNF.cIndicador_Intermediario";"Indicador de Intermediario";"en-US";"";"FieldLabel";"c:\projetos\AtlasWeb\FatPedidoNF.dfm"
"fFatPedidoNF.cIndicador_Presenca";"Indicador Pres.Comprador";"en-US";"";"FieldLabel";"c:\projetos\AtlasWeb\FatPedidoNF.dfm"
"fFatPedidoNF.cTipoDesc";"Tipo de Desconto";"en-US";"";"FieldLabel";"c:\projetos\AtlasWeb\FatPedidoNF.dfm"
"fFatPedidoNF.cDesconto_Percentual";"% Desconto";"en-US";"";"FieldLabel";"c:\projetos\AtlasWeb\FatPedidoNF.dfm"
"fFatPedidoNF.cAliquota_IRPJ";"% IRPJ";"en-US";"";"FieldLabel";"c:\projetos\AtlasWeb\FatPedidoNF.dfm"
"fFatPedidoNF.cAliquota_CSLL";"% CSLL";"en-US";"";"FieldLabel";"c:\projetos\AtlasWeb\FatPedidoNF.dfm"
"fFatPedidoNF.cTipo_Pagamento";"Tipo de Pagamento";"en-US";"";"FieldLabel";"c:\projetos\AtlasWeb\FatPedidoNF.dfm"
"fFatPedidoNF.cOperacao_Veiculo";"Opearação com veículo";"en-US";"";"FieldLabel";"c:\projetos\AtlasWeb\FatPedidoNF.dfm"
"fFatPedidoNF.cVeiculo_Restricao";"Restrição Veículo";"en-US";"";"FieldLabel";"c:\projetos\AtlasWeb\FatPedidoNF.dfm"
"fFatPedidoNF.cTaxa_Cambio";"Taxa Fech.Câmbio";"en-US";"";"FieldLabel";"c:\projetos\AtlasWeb\FatPedidoNF.dfm"
"fFatPedidoNF.UniDBFormattedNumberEdit3";"Peso Líquido";"en-US";"";"FieldLabel";"c:\projetos\AtlasWeb\FatPedidoNF.dfm"
"fFatPedidoNF.UniDBFormattedNumberEdit4";"Peso Bruto";"en-US";"";"FieldLabel";"c:\projetos\AtlasWeb\FatPedidoNF.dfm"
"fFatPedidoNF.cLotes";"Lote de Notas";"en-US";"";"FieldLabel";"c:\projetos\AtlasWeb\FatPedidoNF.dfm"
"fFatPedidoNF.UniDBLookupComboBox3";"Armazém";"en-US";"";"FieldLabel";"c:\projetos\AtlasWeb\FatPedidoNF.dfm"
"fFatPedidoNF.UniDBComboBox1";"Tipo de Desconto";"en-US";"";"FieldLabel";"c:\projetos\AtlasWeb\FatPedidoNF.dfm"
"fFatPedidoNF.cValor_Desconto";"Valor Desconto";"en-US";"";"FieldLabel";"c:\projetos\AtlasWeb\FatPedidoNF.dfm"
"fFatPedidoNF.UniDBFormattedNumberEdit2";"% Margem Lucro";"en-US";"";"FieldLabel";"c:\projetos\AtlasWeb\FatPedidoNF.dfm"
"fFatPedidoNF.UniDBFormattedNumberEdit14";"Valor Lucro";"en-US";"";"FieldLabel";"c:\projetos\AtlasWeb\FatPedidoNF.dfm"
"fFatPedidoNF.UniDBLookupComboBox4";"Representante";"en-US";"";"FieldLabel";"c:\projetos\AtlasWeb\FatPedidoNF.dfm"
"fFatPedidoNF.UniDBFormattedNumberEdit15";"Comissão";"en-US";"";"FieldLabel";"c:\projetos\AtlasWeb\FatPedidoNF.dfm"
"fFatPedidoNF.UniDBFormattedNumberEdit16";"Comissão (Gerente)";"en-US";"";"FieldLabel";"c:\projetos\AtlasWeb\FatPedidoNF.dfm"
"fFatPedidoNF.UniDBLookupComboBox5";"Representante";"en-US";"";"FieldLabel";"c:\projetos\AtlasWeb\FatPedidoNF.dfm"
"fFatPedidoNF.UniDBFormattedNumberEdit17";"Comissão";"en-US";"";"FieldLabel";"c:\projetos\AtlasWeb\FatPedidoNF.dfm"
"fFatPedidoNF.bVeiculo";"Veículo";"en-US";"";"Caption";"c:\projetos\AtlasWeb\FatPedidoNF.dfm"
"fFatPedidoNF.cEmpresa";"Empresa";"en-US";"";"FieldLabel";"c:\projetos\AtlasWeb\FatPedidoNF.dfm"
"fFatPedidoNF.UniDBEdit2";"Pedido Representante";"en-US";"";"FieldLabel";"c:\projetos\AtlasWeb\FatPedidoNF.dfm"
"fFatPedidoNF.UniTabSheet1";"Itens do Pedido";"en-US";"";"Caption";"c:\projetos\AtlasWeb\FatPedidoNF.dfm"
"fFatPedidoNF.bAddItens";"Adicionar novo item ao pedido corrente.";"en-US";"";"Hint";"c:\projetos\AtlasWeb\FatPedidoNF.dfm"
"fFatPedidoNF.bEditItens";"Editar o item do pedido corrente.";"en-US";"";"Hint";"c:\projetos\AtlasWeb\FatPedidoNF.dfm"
"fFatPedidoNF.bExcItens";"Excluir o item do pedido corrente.";"en-US";"";"Hint";"c:\projetos\AtlasWeb\FatPedidoNF.dfm"
"fFatPedidoNF.bCancItens";"Cancelar modificações feitas no item do pedido corrente.";"en-US";"";"Hint";"c:\projetos\AtlasWeb\FatPedidoNF.dfm"
"fFatPedidoNF.bGravItens";"Salva o item do pedido corrente.";"en-US";"";"Hint";"c:\projetos\AtlasWeb\FatPedidoNF.dfm"
"fFatPedidoNF.bExcTodosItens";"Excluir todos os itens do pedido corrente.";"en-US";"";"Hint";"c:\projetos\AtlasWeb\FatPedidoNF.dfm"
"fFatPedidoNF.bNFRef";"Importar os itens de uma Nota Fiscal de Referência.";"en-US";"";"Hint";"c:\projetos\AtlasWeb\FatPedidoNF.dfm"
"fFatPedidoNF.bNFRef";"NF Ref";"en-US";"";"Caption";"c:\projetos\AtlasWeb\FatPedidoNF.dfm"
"fFatPedidoNF.bDUE";"Importar os itens de uma DUE.";"en-US";"";"Hint";"c:\projetos\AtlasWeb\FatPedidoNF.dfm"
"fFatPedidoNF.bDUE";"DUE";"en-US";"";"Caption";"c:\projetos\AtlasWeb\FatPedidoNF.dfm"
"fFatPedidoNF.bDUIMP";"Importar os itens de uma DUIMP.";"en-US";"";"Hint";"c:\projetos\AtlasWeb\FatPedidoNF.dfm"
"fFatPedidoNF.bDUIMP";"DUIMP";"en-US";"";"Caption";"c:\projetos\AtlasWeb\FatPedidoNF.dfm"
"fFatPedidoNF.TabSheet2";"Informaçãoes Complementares";"en-US";"";"Caption";"c:\projetos\AtlasWeb\FatPedidoNF.dfm"
"fFatPedidoNF.TabSheet3";"Movimentação Financeira";"en-US";"";"Caption";"c:\projetos\AtlasWeb\FatPedidoNF.dfm"
"fFatPedidoNF.UniPanel3";"TOTAIS DO PEDIDO";"en-US";"";"Title";"c:\projetos\AtlasWeb\FatPedidoNF.dfm"
"fFatPedidoNF.UniPanel3";"UniPanel3";"en-US";"";"Caption";"c:\projetos\AtlasWeb\FatPedidoNF.dfm"
"fFatPedidoNF.cValorProdutos";"Produtos";"en-US";"";"FieldLabel";"c:\projetos\AtlasWeb\FatPedidoNF.dfm"
"fFatPedidoNF.cValorDespesas";"Despesas";"en-US";"";"FieldLabel";"c:\projetos\AtlasWeb\FatPedidoNF.dfm"
"fFatPedidoNF.cValorFrete";"Frete";"en-US";"";"FieldLabel";"c:\projetos\AtlasWeb\FatPedidoNF.dfm"
"fFatPedidoNF.cValorSeguro";"Seguro";"en-US";"";"FieldLabel";"c:\projetos\AtlasWeb\FatPedidoNF.dfm"
"fFatPedidoNF.cValorII";"II";"en-US";"";"FieldLabel";"c:\projetos\AtlasWeb\FatPedidoNF.dfm"
"fFatPedidoNF.cValorIPI";"IPI";"en-US";"";"FieldLabel";"c:\projetos\AtlasWeb\FatPedidoNF.dfm"
"fFatPedidoNF.cValorPIS";"PIS";"en-US";"";"FieldLabel";"c:\projetos\AtlasWeb\FatPedidoNF.dfm"
"fFatPedidoNF.cValorCOFINS";"COFINS";"en-US";"";"FieldLabel";"c:\projetos\AtlasWeb\FatPedidoNF.dfm"
"fFatPedidoNF.cValorICMS";"ICMS Oper";"en-US";"";"FieldLabel";"c:\projetos\AtlasWeb\FatPedidoNF.dfm"
"fFatPedidoNF.cValorICMSST";"ICMS ST";"en-US";"";"FieldLabel";"c:\projetos\AtlasWeb\FatPedidoNF.dfm"
"fFatPedidoNF.cTotalDesconto";"Descontos";"en-US";"";"FieldLabel";"c:\projetos\AtlasWeb\FatPedidoNF.dfm"
"fFatPedidoNF.cValorPedido";"Total do Pedido";"en-US";"";"FieldLabel";"c:\projetos\AtlasWeb\FatPedidoNF.dfm"
"fFatPedidoNF.cValorBCII";"B.C.II";"en-US";"";"FieldLabel";"c:\projetos\AtlasWeb\FatPedidoNF.dfm"
"fFatPedidoNF.cValorBCIPI";"BC IPI";"en-US";"";"FieldLabel";"c:\projetos\AtlasWeb\FatPedidoNF.dfm"
"fFatPedidoNF.cValorBCPIS";"BC.PIS";"en-US";"";"FieldLabel";"c:\projetos\AtlasWeb\FatPedidoNF.dfm"
"fFatPedidoNF.cValorBCCOFINS";"BC COFINS";"en-US";"";"FieldLabel";"c:\projetos\AtlasWeb\FatPedidoNF.dfm"
"fFatPedidoNF.cValorBCICMS";"BC ICMS Oper";"en-US";"";"FieldLabel";"c:\projetos\AtlasWeb\FatPedidoNF.dfm"
"fFatPedidoNF.cValorBCICMSST";"BC ICMS ST";"en-US";"";"FieldLabel";"c:\projetos\AtlasWeb\FatPedidoNF.dfm"
"fFatPedidoNF.cValorAFRMM";"AFRMM";"en-US";"";"FieldLabel";"c:\projetos\AtlasWeb\FatPedidoNF.dfm"
"fFatPedidoNF.cValorDIFALDest";"DIFAL Destino";"en-US";"";"FieldLabel";"c:\projetos\AtlasWeb\FatPedidoNF.dfm"
"fFatPedidoNF.cValorDIFALOrig";"DIFAL Origem";"en-US";"";"FieldLabel";"c:\projetos\AtlasWeb\FatPedidoNF.dfm"
"fFatPedidoNF.cValorBCIS";"BC IS";"en-US";"";"FieldLabel";"c:\projetos\AtlasWeb\FatPedidoNF.dfm"
"fFatPedidoNF.cValorIS";"IS";"en-US";"";"FieldLabel";"c:\projetos\AtlasWeb\FatPedidoNF.dfm"
"fFatPedidoNF.cValorBCIBS";"BC IBS";"en-US";"";"FieldLabel";"c:\projetos\AtlasWeb\FatPedidoNF.dfm"
"fFatPedidoNF.cValorIBS";"IBS";"en-US";"";"FieldLabel";"c:\projetos\AtlasWeb\FatPedidoNF.dfm"
"fFatPedidoNF.ValorBCCBS";"BC CBS";"en-US";"";"FieldLabel";"c:\projetos\AtlasWeb\FatPedidoNF.dfm"
"fFatPedidoNF.cValorCBS";"CBS";"en-US";"";"FieldLabel";"c:\projetos\AtlasWeb\FatPedidoNF.dfm"
"fFatPedidoNF.mnMarcarCustoEntrada";"Marcar como Custo Geral (Entrada)";"en-US";"";"Caption";"c:\projetos\AtlasWeb\FatPedidoNF.dfm"
"fFatPedidoNF.mnDesmarcarCustoEntrada";"Desmarcar como Custo Geral (Entrada)";"en-US";"";"Caption";"c:\projetos\AtlasWeb\FatPedidoNF.dfm"
"fFatPedidoNF.mnMarcarCustoTodosEntrada";"Marcar todos como Custo Geral (Entrada)";"en-US";"";"Caption";"c:\projetos\AtlasWeb\FatPedidoNF.dfm"
"fFatPedidoNF.mnDesmarcarCustoTodosEntrada";"Desmarcar todos como Custo Geral (Entrada)";"en-US";"";"Caption";"c:\projetos\AtlasWeb\FatPedidoNF.dfm"
"fFatPedidoNF.N2";"-";"en-US";"";"Caption";"c:\projetos\AtlasWeb\FatPedidoNF.dfm"
"fFatPedidoNF.mnMarcarCusto";"Marcar como Custo Geral (Saída)";"en-US";"";"Caption";"c:\projetos\AtlasWeb\FatPedidoNF.dfm"
"fFatPedidoNF.mnDesmarcarCusto";"Desmarcar como Custo Geral (Saída)";"en-US";"";"Caption";"c:\projetos\AtlasWeb\FatPedidoNF.dfm"
"fFatPedidoNF.mnMarcarCustoTodos";"Marcar todos como Custo Geral (Saída)";"en-US";"";"Caption";"c:\projetos\AtlasWeb\FatPedidoNF.dfm"
"fFatPedidoNF.mnDesmarcarCustoTodos";"Desmarcar todos como Custo Geral (Saída)";"en-US";"";"Caption";"c:\projetos\AtlasWeb\FatPedidoNF.dfm"
"fFatPedidoNF.N3";"-";"en-US";"";"Caption";"c:\projetos\AtlasWeb\FatPedidoNF.dfm"
"fFatPedidoNF.mnMarcarCustoOutros";"Marcar como Custo Geral (Outros)";"en-US";"";"Caption";"c:\projetos\AtlasWeb\FatPedidoNF.dfm"
"fFatPedidoNF.mnDesmarcarCustoOutros";"Desmarcar como Custo Geral (Outros)";"en-US";"";"Caption";"c:\projetos\AtlasWeb\FatPedidoNF.dfm"
"fFatPedidoNF.mnMarcarCustoTodosOutros";"Marcar todos como Custo Geral (Outros)";"en-US";"";"Caption";"c:\projetos\AtlasWeb\FatPedidoNF.dfm"
"fFatPedidoNF.mnDesmarcarCustoTodosOutros";"Desmarcar todos como Custo Geral (Outros)";"en-US";"";"Caption";"c:\projetos\AtlasWeb\FatPedidoNF.dfm"
"fFatPedidoNF.N1";"-";"en-US";"";"Caption";"c:\projetos\AtlasWeb\FatPedidoNF.dfm"
"fFatPedidoNF.mnMarcarSeletivo";"Marcar Como Custo Seletivo";"en-US";"";"Caption";"c:\projetos\AtlasWeb\FatPedidoNF.dfm"
"fFatPedidoNF.mnDesmarcarSeletivo";"Desmarcar como Custo Seletivo";"en-US";"";"Caption";"c:\projetos\AtlasWeb\FatPedidoNF.dfm"
"fFatPedidoNF.mnMarcarSeletivoTodos";"Marcar todos como Custo Seletivo";"en-US";"";"Caption";"c:\projetos\AtlasWeb\FatPedidoNF.dfm"
"fFatPedidoNF.mnDesmarcarSeletivoTodos";"Desmarcar todos como Custo Seletivo";"en-US";"";"Caption";"c:\projetos\AtlasWeb\FatPedidoNF.dfm"
"fFatPedidoNFDetalhe.bFechar";"Fecha a tela de cadastro atual.";"en-US";"";"Hint";"c:\projetos\AtlasWeb\FatPedidoNFDetalhe.dfm"
"fFatPedidoNFDetalhe.bAdicionar";"Adicionar novo item ao pedido corrente.";"en-US";"";"Hint";"c:\projetos\AtlasWeb\FatPedidoNFDetalhe.dfm"
"fFatPedidoNFDetalhe.bEditar";"Editar o item do pedido corrente.";"en-US";"";"Hint";"c:\projetos\AtlasWeb\FatPedidoNFDetalhe.dfm"
"fFatPedidoNFDetalhe.bExcluir";"Excluir o item do pedido corrente.";"en-US";"";"Hint";"c:\projetos\AtlasWeb\FatPedidoNFDetalhe.dfm"
"fFatPedidoNFDetalhe.bCancelar";"Cancelar modificações feitas no item do pedido corrente.";"en-US";"";"Hint";"c:\projetos\AtlasWeb\FatPedidoNFDetalhe.dfm"
"fFatPedidoNFDetalhe.bGravar";"Salva o item do pedido corrente.";"en-US";"";"Hint";"c:\projetos\AtlasWeb\FatPedidoNFDetalhe.dfm"
"fFatPedidoNFDetalhe.PanelDados";"Detalhameto do Produto";"en-US";"";"Title";"c:\projetos\AtlasWeb\FatPedidoNFDetalhe.dfm"
"fFatPedidoNFDetalhe.cQtde";"Quantidade";"en-US";"";"FieldLabel";"c:\projetos\AtlasWeb\FatPedidoNFDetalhe.dfm"
"fFatPedidoNFDetalhe.cDetalhe";"Detalhe";"en-US";"";"FieldLabel";"c:\projetos\AtlasWeb\FatPedidoNFDetalhe.dfm"
"fFatPedidoNFDetalhe.cLote";"Lote";"en-US";"";"FieldLabel";"c:\projetos\AtlasWeb\FatPedidoNFDetalhe.dfm"
"fFatPedidoNFDetalhe.cEstoqueMinimo";"Estoque Minímo";"en-US";"";"FieldLabel";"c:\projetos\AtlasWeb\FatPedidoNFDetalhe.dfm"
"fFatPedidoNFDetalhe.cDisponivel";"Estoque Atual";"en-US";"";"FieldLabel";"c:\projetos\AtlasWeb\FatPedidoNFDetalhe.dfm"
"fFatPedidoNFDetalhe.cInventario";"Inventário Atual";"en-US";"";"FieldLabel";"c:\projetos\AtlasWeb\FatPedidoNFDetalhe.dfm"
"fFatPedidoNFDetalhe.cEstoqueLote";"Detalhe/Lote";"en-US";"";"FieldLabel";"c:\projetos\AtlasWeb\FatPedidoNFDetalhe.dfm"
"fFatPedidoNFDetalhe.cEstoqueNavio";"Estoque Navio";"en-US";"";"FieldLabel";"c:\projetos\AtlasWeb\FatPedidoNFDetalhe.dfm"
"fFatPedidoNFItem.UniTabSheet3";"Itens do Pedido";"en-US";"";"Caption";"c:\projetos\AtlasWeb\FatPedidoNFItem.dfm"
"fFatPedidoNFItem.UniPanel3";"UniPanel3";"en-US";"";"Caption";"c:\projetos\AtlasWeb\FatPedidoNFItem.dfm"
"fFatPedidoNFItem.UniPanel11";"Outros Valores / Rateios";"en-US";"";"Title";"c:\projetos\AtlasWeb\FatPedidoNFItem.dfm"
"fFatPedidoNFItem.UniDBFormattedNumberEdit40";"Seguro";"en-US";"";"FieldLabel";"c:\projetos\AtlasWeb\FatPedidoNFItem.dfm"
"fFatPedidoNFItem.UniDBFormattedNumberEdit38";"Frete";"en-US";"";"FieldLabel";"c:\projetos\AtlasWeb\FatPedidoNFItem.dfm"
"fFatPedidoNFItem.UniDBFormattedNumberEdit39";"Despesas";"en-US";"";"FieldLabel";"c:\projetos\AtlasWeb\FatPedidoNFItem.dfm"
"fFatPedidoNFItem.cTotalFrete";"Total";"en-US";"";"FieldLabel";"c:\projetos\AtlasWeb\FatPedidoNFItem.dfm"
"fFatPedidoNFItem.cTotalSeguro";"Total";"en-US";"";"FieldLabel";"c:\projetos\AtlasWeb\FatPedidoNFItem.dfm"
"fFatPedidoNFItem.cTotalDespesa";"Total";"en-US";"";"FieldLabel";"c:\projetos\AtlasWeb\FatPedidoNFItem.dfm"
"fFatPedidoNFItem.UniPanel12";"Reforma Tributária - IS / CBS / IBS";"en-US";"";"Title";"c:\projetos\AtlasWeb\FatPedidoNFItem.dfm"
"fFatPedidoNFItem.UniDBLookupComboBox1";"CST CBS";"en-US";"";"FieldLabel";"c:\projetos\AtlasWeb\FatPedidoNFItem.dfm"
"fFatPedidoNFItem.cTotalCBS";"Total";"en-US";"";"FieldLabel";"c:\projetos\AtlasWeb\FatPedidoNFItem.dfm"
"fFatPedidoNFItem.UniDBFormattedNumberEdit41";"Valor";"en-US";"";"FieldLabel";"c:\projetos\AtlasWeb\FatPedidoNFItem.dfm"
"fFatPedidoNFItem.UniDBFormattedNumberEdit42";"BC CBS";"en-US";"";"FieldLabel";"c:\projetos\AtlasWeb\FatPedidoNFItem.dfm"
"fFatPedidoNFItem.UniDBFormattedNumberEdit43";"Alíquota";"en-US";"";"FieldLabel";"c:\projetos\AtlasWeb\FatPedidoNFItem.dfm"
"fFatPedidoNFItem.UniDBLookupComboBox9";"CST IBS";"en-US";"";"FieldLabel";"c:\projetos\AtlasWeb\FatPedidoNFItem.dfm"
"fFatPedidoNFItem.cTotalIBS";"Total";"en-US";"";"FieldLabel";"c:\projetos\AtlasWeb\FatPedidoNFItem.dfm"
"fFatPedidoNFItem.UniDBFormattedNumberEdit44";"Valor";"en-US";"";"FieldLabel";"c:\projetos\AtlasWeb\FatPedidoNFItem.dfm"
"fFatPedidoNFItem.UniDBFormattedNumberEdit45";"BC IBS";"en-US";"";"FieldLabel";"c:\projetos\AtlasWeb\FatPedidoNFItem.dfm"
"fFatPedidoNFItem.UniDBFormattedNumberEdit46";"Alíquota";"en-US";"";"FieldLabel";"c:\projetos\AtlasWeb\FatPedidoNFItem.dfm"
"fFatPedidoNFItem.UniDBFormattedNumberEdit47";"Alíquota";"en-US";"";"FieldLabel";"c:\projetos\AtlasWeb\FatPedidoNFItem.dfm"
"fFatPedidoNFItem.UniDBFormattedNumberEdit48";"BC IS";"en-US";"";"FieldLabel";"c:\projetos\AtlasWeb\FatPedidoNFItem.dfm"
"fFatPedidoNFItem.UniDBFormattedNumberEdit49";"Valor";"en-US";"";"FieldLabel";"c:\projetos\AtlasWeb\FatPedidoNFItem.dfm"
"fFatPedidoNFItem.cTotalIS";"Total";"en-US";"";"FieldLabel";"c:\projetos\AtlasWeb\FatPedidoNFItem.dfm"
"fFatPedidoNFItem.UniPanel13";"Produto";"en-US";"";"Title";"c:\projetos\AtlasWeb\FatPedidoNFItem.dfm"
"fFatPedidoNFItem.cQtde";"Quantidade";"en-US";"";"FieldLabel";"c:\projetos\AtlasWeb\FatPedidoNFItem.dfm"
"fFatPedidoNFItem.UniDBFormattedNumberEdit17";"% Desconto";"en-US";"";"FieldLabel";"c:\projetos\AtlasWeb\FatPedidoNFItem.dfm"
"fFatPedidoNFItem.UniDBFormattedNumberEdit18";"Valor Desconto";"en-US";"";"FieldLabel";"c:\projetos\AtlasWeb\FatPedidoNFItem.dfm"
"fFatPedidoNFItem.cProduto";"Produto";"en-US";"";"FieldLabel";"c:\projetos\AtlasWeb\FatPedidoNFItem.dfm"
"fFatPedidoNFItem.cCFOP";"CFOP";"en-US";"";"FieldLabel";"c:\projetos\AtlasWeb\FatPedidoNFItem.dfm"
"fFatPedidoNFItem.cProcesso";"Processo";"en-US";"";"FieldLabel";"c:\projetos\AtlasWeb\FatPedidoNFItem.dfm"
"fFatPedidoNFItem.UniDBEdit1";"Pedido Compra";"en-US";"";"FieldLabel";"c:\projetos\AtlasWeb\FatPedidoNFItem.dfm"
"fFatPedidoNFItem.UniDBEdit2";"Ordem";"en-US";"";"FieldLabel";"c:\projetos\AtlasWeb\FatPedidoNFItem.dfm"
"fFatPedidoNFItem.cValor_Produtos";"Total Líquido";"en-US";"";"FieldLabel";"c:\projetos\AtlasWeb\FatPedidoNFItem.dfm"
"fFatPedidoNFItem.cValor_Unitario";"Valor Unitário";"en-US";"";"FieldLabel";"c:\projetos\AtlasWeb\FatPedidoNFItem.dfm"
"fFatPedidoNFItem.UniDBEdit4";"NCM";"en-US";"";"FieldLabel";"c:\projetos\AtlasWeb\FatPedidoNFItem.dfm"
"fFatPedidoNFItem.UniDBEdit5";"Unidade Medida";"en-US";"";"FieldLabel";"c:\projetos\AtlasWeb\FatPedidoNFItem.dfm"
"fFatPedidoNFItem.UniDBFormattedNumberEdit20";"% Desconto";"en-US";"";"FieldLabel";"c:\projetos\AtlasWeb\FatPedidoNFItem.dfm"
"fFatPedidoNFItem.UniDBFormattedNumberEdit21";"Valor Desconto";"en-US";"";"FieldLabel";"c:\projetos\AtlasWeb\FatPedidoNFItem.dfm"
"fFatPedidoNFItem.UniDBEdit6";"Nota Referência";"en-US";"";"FieldLabel";"c:\projetos\AtlasWeb\FatPedidoNFItem.dfm"
"fFatPedidoNFItem.UniDBDateTimePicker1";"Data";"en-US";"";"FieldLabel";"c:\projetos\AtlasWeb\FatPedidoNFItem.dfm"
"fFatPedidoNFItem.UniDBFormattedNumberEdit5";"Peso Líquido";"en-US";"";"FieldLabel";"c:\projetos\AtlasWeb\FatPedidoNFItem.dfm"
"fFatPedidoNFItem.UniDBFormattedNumberEdit6";"Peso Bruto";"en-US";"";"FieldLabel";"c:\projetos\AtlasWeb\FatPedidoNFItem.dfm"
"fFatPedidoNFItem.cEstoqueMinimo";"Estoque Minímo";"en-US";"";"FieldLabel";"c:\projetos\AtlasWeb\FatPedidoNFItem.dfm"
"fFatPedidoNFItem.cDisponivel";"Estoque Atual";"en-US";"";"FieldLabel";"c:\projetos\AtlasWeb\FatPedidoNFItem.dfm"
"fFatPedidoNFItem.cInventario";"Inventário Atual";"en-US";"";"FieldLabel";"c:\projetos\AtlasWeb\FatPedidoNFItem.dfm"
"fFatPedidoNFItem.cEstoqueLote";"Detalhe/Lote";"en-US";"";"FieldLabel";"c:\projetos\AtlasWeb\FatPedidoNFItem.dfm"
"fFatPedidoNFItem.cEstoqueNavio";"Estoque Navio";"en-US";"";"FieldLabel";"c:\projetos\AtlasWeb\FatPedidoNFItem.dfm"
"fFatPedidoNFItem.bDetalhe";"Detalhe";"en-US";"";"Caption";"c:\projetos\AtlasWeb\FatPedidoNFItem.dfm"
"fFatPedidoNFItem.bSerial";"Serial/Chassi";"en-US";"";"Caption";"c:\projetos\AtlasWeb\FatPedidoNFItem.dfm"
"fFatPedidoNFItem.UniPanel5";"Imposto sobre Circulação de Mercadorias e Serviços - ICMS";"en-US";"";"Title";"c:\projetos\AtlasWeb\FatPedidoNFItem.dfm"
"fFatPedidoNFItem.cValor_BCICMSOp";"BC ICMS Oper.";"en-US";"";"FieldLabel";"c:\projetos\AtlasWeb\FatPedidoNFItem.dfm"
"fFatPedidoNFItem.cValor_ICMS";"Valor";"en-US";"";"FieldLabel";"c:\projetos\AtlasWeb\FatPedidoNFItem.dfm"
"fFatPedidoNFItem.cTotalICMSOp";"Total";"en-US";"";"FieldLabel";"c:\projetos\AtlasWeb\FatPedidoNFItem.dfm"
"fFatPedidoNFItem.UniDBLookupComboBox3";"CST - Tabela A";"en-US";"";"FieldLabel";"c:\projetos\AtlasWeb\FatPedidoNFItem.dfm"
"fFatPedidoNFItem.cCSTICMS";"CST -  Tabela B";"en-US";"";"FieldLabel";"c:\projetos\AtlasWeb\FatPedidoNFItem.dfm"
"fFatPedidoNFItem.cAliquota_ICMSOp";"Alíquota";"en-US";"";"FieldLabel";"c:\projetos\AtlasWeb\FatPedidoNFItem.dfm"
"fFatPedidoNFItem.UniDBFormattedNumberEdit2";"BC ICMS Mono";"en-US";"";"FieldLabel";"c:\projetos\AtlasWeb\FatPedidoNFItem.dfm"
"fFatPedidoNFItem.cTotalICMSMono";"Total";"en-US";"";"FieldLabel";"c:\projetos\AtlasWeb\FatPedidoNFItem.dfm"
"fFatPedidoNFItem.cTotalICMSMonoRet";"Total";"en-US";"";"FieldLabel";"c:\projetos\AtlasWeb\FatPedidoNFItem.dfm"
"fFatPedidoNFItem.UniDBFormattedNumberEdit15";"Valor";"en-US";"";"FieldLabel";"c:\projetos\AtlasWeb\FatPedidoNFItem.dfm"
"fFatPedidoNFItem.UniDBFormattedNumberEdit14";"Alíquota";"en-US";"";"FieldLabel";"c:\projetos\AtlasWeb\FatPedidoNFItem.dfm"
"fFatPedidoNFItem.UniDBFormattedNumberEdit4";"BC ICMS Mono Ret";"en-US";"";"FieldLabel";"c:\projetos\AtlasWeb\FatPedidoNFItem.dfm"
"fFatPedidoNFItem.UniDBFormattedNumberEdit3";"Valor";"en-US";"";"FieldLabel";"c:\projetos\AtlasWeb\FatPedidoNFItem.dfm"
"fFatPedidoNFItem.UniDBFormattedNumberEdit1";"Alíquota";"en-US";"";"FieldLabel";"c:\projetos\AtlasWeb\FatPedidoNFItem.dfm"
"fFatPedidoNFItem.cValor_ICMSST";"Valor";"en-US";"";"FieldLabel";"c:\projetos\AtlasWeb\FatPedidoNFItem.dfm"
"fFatPedidoNFItem.cTotalICMSSTAnt";"Total";"en-US";"";"FieldLabel";"c:\projetos\AtlasWeb\FatPedidoNFItem.dfm"
"fFatPedidoNFItem.cValor_ICMSSTAnt";"Valor";"en-US";"";"FieldLabel";"c:\projetos\AtlasWeb\FatPedidoNFItem.dfm"
"fFatPedidoNFItem.cValor_BCICMSSTAnt";"BC - Recolhido Ant";"en-US";"";"FieldLabel";"c:\projetos\AtlasWeb\FatPedidoNFItem.dfm"
"fFatPedidoNFItem.cAliquota_ICMSSTAnt";"Alíquota";"en-US";"";"FieldLabel";"c:\projetos\AtlasWeb\FatPedidoNFItem.dfm"
"fFatPedidoNFItem.cTotalICMSST";"Total";"en-US";"";"FieldLabel";"c:\projetos\AtlasWeb\FatPedidoNFItem.dfm"
"fFatPedidoNFItem.cValor_BCICMSST";"BC ICMS ST";"en-US";"";"FieldLabel";"c:\projetos\AtlasWeb\FatPedidoNFItem.dfm"
"fFatPedidoNFItem.cAliquota_ICMSST";"Alíquota";"en-US";"";"FieldLabel";"c:\projetos\AtlasWeb\FatPedidoNFItem.dfm"
"fFatPedidoNFItem.cAliquota_MVA";"Alíquota";"en-US";"";"FieldLabel";"c:\projetos\AtlasWeb\FatPedidoNFItem.dfm"
"fFatPedidoNFItem.cValor_BCMVA";"BC MVA";"en-US";"";"FieldLabel";"c:\projetos\AtlasWeb\FatPedidoNFItem.dfm"
"fFatPedidoNFItem.cValor_MVA";"Valor";"en-US";"";"FieldLabel";"c:\projetos\AtlasWeb\FatPedidoNFItem.dfm"
"fFatPedidoNFItem.cTotalMVA";"Total";"en-US";"";"FieldLabel";"c:\projetos\AtlasWeb\FatPedidoNFItem.dfm"
"fFatPedidoNFItem.cAliquota_ICMSDif";"Alíquota";"en-US";"";"FieldLabel";"c:\projetos\AtlasWeb\FatPedidoNFItem.dfm"
"fFatPedidoNFItem.cTotalICMSDif";"Total";"en-US";"";"FieldLabel";"c:\projetos\AtlasWeb\FatPedidoNFItem.dfm"
"fFatPedidoNFItem.cValor_ICMSDif";"Valor";"en-US";"";"FieldLabel";"c:\projetos\AtlasWeb\FatPedidoNFItem.dfm"
"fFatPedidoNFItem.UniDBFormattedNumberEdit22";"BC ICMS Diferido";"en-US";"";"FieldLabel";"c:\projetos\AtlasWeb\FatPedidoNFItem.dfm"
"fFatPedidoNFItem.UniDBFormattedNumberEdit23";"ICMS Anterior";"en-US";"";"FieldLabel";"c:\projetos\AtlasWeb\FatPedidoNFItem.dfm"
"fFatPedidoNFItem.cICMSAnt";"ICMS cobrado anteriormente por substituição tributária.";"en-US";"";"Caption";"c:\projetos\AtlasWeb\FatPedidoNFItem.dfm"
"fFatPedidoNFItem.cValor_OutrasICMS";"Outras de ICMS";"en-US";"";"FieldLabel";"c:\projetos\AtlasWeb\FatPedidoNFItem.dfm"
"fFatPedidoNFItem.cValor_IsentasICMS";"Isentas de ICMS";"en-US";"";"FieldLabel";"c:\projetos\AtlasWeb\FatPedidoNFItem.dfm"
"fFatPedidoNFItem.cTotalOutrasICMS";"Total";"en-US";"";"FieldLabel";"c:\projetos\AtlasWeb\FatPedidoNFItem.dfm"
"fFatPedidoNFItem.cTotalIsentasICMS";"Total";"en-US";"";"FieldLabel";"c:\projetos\AtlasWeb\FatPedidoNFItem.dfm"
"fFatPedidoNFItem.UniDBFormattedNumberEdit10";"Alíquota";"en-US";"";"FieldLabel";"c:\projetos\AtlasWeb\FatPedidoNFItem.dfm"
"fFatPedidoNFItem.cTotalICMSPresumido";"Total";"en-US";"";"FieldLabel";"c:\projetos\AtlasWeb\FatPedidoNFItem.dfm"
"fFatPedidoNFItem.UniDBFormattedNumberEdit31";"Valor";"en-US";"";"FieldLabel";"c:\projetos\AtlasWeb\FatPedidoNFItem.dfm"
"fFatPedidoNFItem.UniDBFormattedNumberEdit32";"BC ICMS Presumido";"en-US";"";"FieldLabel";"c:\projetos\AtlasWeb\FatPedidoNFItem.dfm"
"fFatPedidoNFItem.cValor_ICMSDesonerado";"Total";"en-US";"";"FieldLabel";"c:\projetos\AtlasWeb\FatPedidoNFItem.dfm"
"fFatPedidoNFItem.UniDBFormattedNumberEdit37";"BC ICMS Presumido";"en-US";"";"FieldLabel";"c:\projetos\AtlasWeb\FatPedidoNFItem.dfm"
"fFatPedidoNFItem.UniDBEdit3";"Cód Cred.Pres.";"en-US";"";"FieldLabel";"c:\projetos\AtlasWeb\FatPedidoNFItem.dfm"
"fFatPedidoNFItem.UniDBEdit7";"Cód Benefício Fiscal";"en-US";"";"FieldLabel";"c:\projetos\AtlasWeb\FatPedidoNFItem.dfm"
"fFatPedidoNFItem.UniPanel6";"Programa de Integração Social - PIS";"en-US";"";"Title";"c:\projetos\AtlasWeb\FatPedidoNFItem.dfm"
"fFatPedidoNFItem.cValor_BCPIS";"BC PIS";"en-US";"";"FieldLabel";"c:\projetos\AtlasWeb\FatPedidoNFItem.dfm"
"fFatPedidoNFItem.cTotalPIS";"Total";"en-US";"";"FieldLabel";"c:\projetos\AtlasWeb\FatPedidoNFItem.dfm"
"fFatPedidoNFItem.cValor_PIS";"Valor";"en-US";"";"FieldLabel";"c:\projetos\AtlasWeb\FatPedidoNFItem.dfm"
"fFatPedidoNFItem.cAliquota_PIS";"Alíquota";"en-US";"";"FieldLabel";"c:\projetos\AtlasWeb\FatPedidoNFItem.dfm"
"fFatPedidoNFItem.cCSTPIS";"CST PIS";"en-US";"";"FieldLabel";"c:\projetos\AtlasWeb\FatPedidoNFItem.dfm"
"fFatPedidoNFItem.UniDBFormattedNumberEdit8";"PIS ST";"en-US";"";"FieldLabel";"c:\projetos\AtlasWeb\FatPedidoNFItem.dfm"
"fFatPedidoNFItem.cTotalPISST";"Total";"en-US";"";"FieldLabel";"c:\projetos\AtlasWeb\FatPedidoNFItem.dfm"
"fFatPedidoNFItem.UniPanel7";"Imposto sobre Produtos Industrializados - IPI";"en-US";"";"Title";"c:\projetos\AtlasWeb\FatPedidoNFItem.dfm"
"fFatPedidoNFItem.cCSTIPI";"CST IPI";"en-US";"";"FieldLabel";"c:\projetos\AtlasWeb\FatPedidoNFItem.dfm"
"fFatPedidoNFItem.cAliquota_IPI";"Alíquota";"en-US";"";"FieldLabel";"c:\projetos\AtlasWeb\FatPedidoNFItem.dfm"
"fFatPedidoNFItem.cValor_BCIPI";"BC IPI";"en-US";"";"FieldLabel";"c:\projetos\AtlasWeb\FatPedidoNFItem.dfm"
"fFatPedidoNFItem.cValor_IPI";"Valor";"en-US";"";"FieldLabel";"c:\projetos\AtlasWeb\FatPedidoNFItem.dfm"
"fFatPedidoNFItem.cValor_OutrasIPI";"Outras de IPI";"en-US";"";"FieldLabel";"c:\projetos\AtlasWeb\FatPedidoNFItem.dfm"
"fFatPedidoNFItem.cTotalIPI";"Total";"en-US";"";"FieldLabel";"c:\projetos\AtlasWeb\FatPedidoNFItem.dfm"
"fFatPedidoNFItem.cTotalOutrasIPI";"Total";"en-US";"";"FieldLabel";"c:\projetos\AtlasWeb\FatPedidoNFItem.dfm"
"fFatPedidoNFItem.cValor_IsentasIPI";"Isentas de IPI";"en-US";"";"FieldLabel";"c:\projetos\AtlasWeb\FatPedidoNFItem.dfm"
"fFatPedidoNFItem.cTotalIsentasIPI";"Total";"en-US";"";"FieldLabel";"c:\projetos\AtlasWeb\FatPedidoNFItem.dfm"
"fFatPedidoNFItem.UniDBFormattedNumberEdit33";"% IPI Devolução";"en-US";"";"FieldLabel";"c:\projetos\AtlasWeb\FatPedidoNFItem.dfm"
"fFatPedidoNFItem.UniFormattedNumberEdit2";"Total";"en-US";"";"FieldLabel";"c:\projetos\AtlasWeb\FatPedidoNFItem.dfm"
"fFatPedidoNFItem.UniDBFormattedNumberEdit34";"% Devol";"en-US";"";"FieldLabel";"c:\projetos\AtlasWeb\FatPedidoNFItem.dfm"
"fFatPedidoNFItem.UniPanel8";"Imposto de Importação - II";"en-US";"";"Title";"c:\projetos\AtlasWeb\FatPedidoNFItem.dfm"
"fFatPedidoNFItem.cTotalII";"Total";"en-US";"";"FieldLabel";"c:\projetos\AtlasWeb\FatPedidoNFItem.dfm"
"fFatPedidoNFItem.cValor_II";"Valor";"en-US";"";"FieldLabel";"c:\projetos\AtlasWeb\FatPedidoNFItem.dfm"
"fFatPedidoNFItem.cAliquota_II";"Alíquota";"en-US";"";"FieldLabel";"c:\projetos\AtlasWeb\FatPedidoNFItem.dfm"
"fFatPedidoNFItem.UniDBFormattedNumberEdit24";"BC II";"en-US";"";"FieldLabel";"c:\projetos\AtlasWeb\FatPedidoNFItem.dfm"
"fFatPedidoNFItem.UniPanel9";"Contribuição para o Financiamento da Seguridade Social - COFINS";"en-US";"";"Title";"c:\projetos\AtlasWeb\FatPedidoNFItem.dfm"
"fFatPedidoNFItem.UniDBFormattedNumberEdit25";"BC COFINS";"en-US";"";"FieldLabel";"c:\projetos\AtlasWeb\FatPedidoNFItem.dfm"
"fFatPedidoNFItem.cTotalCOFINS";"Total";"en-US";"";"FieldLabel";"c:\projetos\AtlasWeb\FatPedidoNFItem.dfm"
"fFatPedidoNFItem.UniDBFormattedNumberEdit26";"Valor";"en-US";"";"FieldLabel";"c:\projetos\AtlasWeb\FatPedidoNFItem.dfm"
"fFatPedidoNFItem.UniDBFormattedNumberEdit27";"Alíquota";"en-US";"";"FieldLabel";"c:\projetos\AtlasWeb\FatPedidoNFItem.dfm"
"fFatPedidoNFItem.UniDBLookupComboBox7";"CST COFINS";"en-US";"";"FieldLabel";"c:\projetos\AtlasWeb\FatPedidoNFItem.dfm"
"fFatPedidoNFItem.UniDBFormattedNumberEdit9";"COFINS ST";"en-US";"";"FieldLabel";"c:\projetos\AtlasWeb\FatPedidoNFItem.dfm"
"fFatPedidoNFItem.cTotalCOFINSST";"Total";"en-US";"";"FieldLabel";"c:\projetos\AtlasWeb\FatPedidoNFItem.dfm"
"fFatPedidoNFItem.UniTabSheet2";"Fórmulas";"en-US";"";"Caption";"c:\projetos\AtlasWeb\FatPedidoNFItem.dfm"
"fFatPedidoNFItem.cLog";"LOG";"en-US";"";"FieldLabel";"c:\projetos\AtlasWeb\FatPedidoNFItem.dfm"
"fFatPedidoNFLote.bFechar";"Fecha a tela de cadastro atual.";"en-US";"";"Hint";"c:\projetos\AtlasWeb\FatPedidoNFLote.dfm"
"fFatPedidoNFLote.bAddItens";"Adicionar novo item ao pedido corrente.";"en-US";"";"Hint";"c:\projetos\AtlasWeb\FatPedidoNFLote.dfm"
"fFatPedidoNFLote.bEditItens";"Editar o item do pedido corrente.";"en-US";"";"Hint";"c:\projetos\AtlasWeb\FatPedidoNFLote.dfm"
"fFatPedidoNFLote.bExcItens";"Excluir o item do pedido corrente.";"en-US";"";"Hint";"c:\projetos\AtlasWeb\FatPedidoNFLote.dfm"
"fFatPedidoNFLote.bCancItens";"Cancelar modificações feitas no item do pedido corrente.";"en-US";"";"Hint";"c:\projetos\AtlasWeb\FatPedidoNFLote.dfm"
"fFatPedidoNFLote.bGravItens";"Salva o item do pedido corrente.";"en-US";"";"Hint";"c:\projetos\AtlasWeb\FatPedidoNFLote.dfm"
"fFatPedidoNFLote.uniPanel1";"Seriais Disponíveis";"en-US";"";"Title";"c:\projetos\AtlasWeb\FatPedidoNFLote.dfm"
"fFatPedidoNFLote.UniPanel2";"Seriais Adicionados ao Pedido";"en-US";"";"Title";"c:\projetos\AtlasWeb\FatPedidoNFLote.dfm"
"fFatPedidoVeiculo.bCancelar";"Cancelar modificações feitas no registro corrente.";"en-US";"";"Hint";"c:\projetos\AtlasWeb\FatPedidoVeiculo.dfm"
"fFatPedidoVeiculo.bGravar";"Salva o registro corrente.";"en-US";"";"Hint";"c:\projetos\AtlasWeb\FatPedidoVeiculo.dfm"
"fFatPedidoVeiculo.UniPanel3";"Dados do Reboque";"en-US";"";"Title";"c:\projetos\AtlasWeb\FatPedidoVeiculo.dfm"
"fFatPedidoVeiculo.cRebPlaca";"Placa";"en-US";"";"FieldLabel";"c:\projetos\AtlasWeb\FatPedidoVeiculo.dfm"
"fFatPedidoVeiculo.cRebEstado";"UF";"en-US";"";"FieldLabel";"c:\projetos\AtlasWeb\FatPedidoVeiculo.dfm"
"fFatPedidoVeiculo.cRebANTT";"Código ANTT";"en-US";"";"FieldLabel";"c:\projetos\AtlasWeb\FatPedidoVeiculo.dfm"
"fFatPedidoVeiculo.cRebLacre";"Lacre";"en-US";"";"FieldLabel";"c:\projetos\AtlasWeb\FatPedidoVeiculo.dfm"
"fFatPedidoVeiculo.UniPanel2";"Dados do Veículo";"en-US";"";"Title";"c:\projetos\AtlasWeb\FatPedidoVeiculo.dfm"
"fFatPedidoVeiculo.cVeiPlaca";"Placa";"en-US";"";"FieldLabel";"c:\projetos\AtlasWeb\FatPedidoVeiculo.dfm"
"fFatPedidoVeiculo.cVeiEstado";"UF";"en-US";"";"FieldLabel";"c:\projetos\AtlasWeb\FatPedidoVeiculo.dfm"
"fFatPedidoVeiculo.cVeiANTT";"Código ANTT";"en-US";"";"FieldLabel";"c:\projetos\AtlasWeb\FatPedidoVeiculo.dfm"
"fFatPedidoVeiculo.cVeiLacre";"Lacre";"en-US";"";"FieldLabel";"c:\projetos\AtlasWeb\FatPedidoVeiculo.dfm"
"fFatPedidoVeiculo.UniPanel7";"Dados do Motorista";"en-US";"";"Title";"c:\projetos\AtlasWeb\FatPedidoVeiculo.dfm"
"fFatPedidoVeiculo.cCPF";"CPF";"en-US";"";"FieldLabel";"c:\projetos\AtlasWeb\FatPedidoVeiculo.dfm"
"fFatPedidoVeiculo.cRG";"RG";"en-US";"";"FieldLabel";"c:\projetos\AtlasWeb\FatPedidoVeiculo.dfm"
"fFatPedidoVeiculo.cMotorista";"Motorista";"en-US";"";"FieldLabel";"c:\projetos\AtlasWeb\FatPedidoVeiculo.dfm"
"fFinanceiro.bAdicionar";"Adicionar novo registro.";"en-US";"";"Hint";"c:\projetos\AtlasWeb\Financeiro.dfm"
"fFinanceiro.bEditar";"Editar registro corrente.";"en-US";"";"Hint";"c:\projetos\AtlasWeb\Financeiro.dfm"
"fFinanceiro.bExcluir";"Excluir registro corrente.";"en-US";"";"Hint";"c:\projetos\AtlasWeb\Financeiro.dfm"
"fFinanceiro.bCancelar";"Cancelar modificações feitas no registro corrente.";"en-US";"";"Hint";"c:\projetos\AtlasWeb\Financeiro.dfm"
"fFinanceiro.bGravar";"Salva o registro corrente.";"en-US";"";"Hint";"c:\projetos\AtlasWeb\Financeiro.dfm"
"fFinanceiro.bFechar";"Fecha a tela de cadastro atual.";"en-US";"";"Hint";"c:\projetos\AtlasWeb\Financeiro.dfm"
"fFinanceiro.bPesquisa";"Pesquisar título";"en-US";"";"Hint";"c:\projetos\AtlasWeb\Financeiro.dfm"
"fFinanceiro.bBaixar";"Liquidar";"en-US";"";"Caption";"c:\projetos\AtlasWeb\Financeiro.dfm"
"fFinanceiro.bEstornar";"Estornar Liquidação";"en-US";"";"Caption";"c:\projetos\AtlasWeb\Financeiro.dfm"
"fFinanceiro.bParcelar";"Parcelar/Duplicar";"en-US";"";"Caption";"c:\projetos\AtlasWeb\Financeiro.dfm"
"fFinanceiro.bBloquear";"Bloquear Período";"en-US";"";"Caption";"c:\projetos\AtlasWeb\Financeiro.dfm"
"fFinanceiro.UniTabSheet1";"Movimento";"en-US";"";"Caption";"c:\projetos\AtlasWeb\Financeiro.dfm"
"fFinanceiro.pFiltro";"F I L T R O S :";"en-US";"";"Title";"c:\projetos\AtlasWeb\Financeiro.dfm"
"fFinanceiro.bFiltro";"Executar Filtro";"en-US";"";"Hint";"c:\projetos\AtlasWeb\Financeiro.dfm"
"fFinanceiro.bFiltro";"Filtrar";"en-US";"";"Caption";"c:\projetos\AtlasWeb\Financeiro.dfm"
"fFinanceiro.cAgrupar";"  Agrupa todos os títulos não separando por data  ";"en-US";"";"Hint";"c:\projetos\AtlasWeb\Financeiro.dfm"
"fFinanceiro.cAgrupar";"Agrupar";"en-US";"";"Caption";"c:\projetos\AtlasWeb\Financeiro.dfm"
"fFinanceiro.cProv";"Tipo de Documento";"en-US";"";"Caption";"c:\projetos\AtlasWeb\Financeiro.dfm"
"fFinanceiro.cSituacao";"Situação do Lançamento";"en-US";"";"Caption";"c:\projetos\AtlasWeb\Financeiro.dfm"
"fFinanceiro.cTipo";"Tipo de Lançamento";"en-US";"";"Caption";"c:\projetos\AtlasWeb\Financeiro.dfm"
"fFinanceiro.bLimparFiltro";"Executar Filtro";"en-US";"";"Hint";"c:\projetos\AtlasWeb\Financeiro.dfm"
"fFinanceiro.bLimparFiltro";"Limpar Filtros";"en-US";"";"Caption";"c:\projetos\AtlasWeb\Financeiro.dfm"
"fFinanceiro.UniPanel6";"UniPanel6";"en-US";"";"Caption";"c:\projetos\AtlasWeb\Financeiro.dfm"
"fFinanceiro.cAno";"ANO";"en-US";"";"FieldLabel";"c:\projetos\AtlasWeb\Financeiro.dfm"
"fFinanceiro.cMes";"Janeiro";"en-US";"";"Caption";"c:\projetos\AtlasWeb\Financeiro.dfm"
"fFinanceiro.cMes";"Fevereiro";"en-US";"";"Caption";"c:\projetos\AtlasWeb\Financeiro.dfm"
"fFinanceiro.cMes";"Março";"en-US";"";"Caption";"c:\projetos\AtlasWeb\Financeiro.dfm"
"fFinanceiro.cMes";"Abril";"en-US";"";"Caption";"c:\projetos\AtlasWeb\Financeiro.dfm"
"fFinanceiro.cMes";"Maio";"en-US";"";"Caption";"c:\projetos\AtlasWeb\Financeiro.dfm"
"fFinanceiro.cMes";"Junho";"en-US";"";"Caption";"c:\projetos\AtlasWeb\Financeiro.dfm"
"fFinanceiro.cMes";"Julho";"en-US";"";"Caption";"c:\projetos\AtlasWeb\Financeiro.dfm"
"fFinanceiro.cMes";"Agosto";"en-US";"";"Caption";"c:\projetos\AtlasWeb\Financeiro.dfm"
"fFinanceiro.cMes";"Setembro";"en-US";"";"Caption";"c:\projetos\AtlasWeb\Financeiro.dfm"
"fFinanceiro.cMes";"Outubro";"en-US";"";"Caption";"c:\projetos\AtlasWeb\Financeiro.dfm"
"fFinanceiro.cMes";"Novembro";"en-US";"";"Caption";"c:\projetos\AtlasWeb\Financeiro.dfm"
"fFinanceiro.cMes";"Dezembro";"en-US";"";"Caption";"c:\projetos\AtlasWeb\Financeiro.dfm"
"fFinanceiro.UniDBMemo1";"Obeservações do título";"en-US";"";"FieldLabel";"c:\projetos\AtlasWeb\Financeiro.dfm"
"fFinanceiro.brTotais";"Custo Entrada: ";"en-US";"";"Caption";"c:\projetos\AtlasWeb\Financeiro.dfm"
"fFinanceiro.brTotais";"Custo Saída: ";"en-US";"";"Caption";"c:\projetos\AtlasWeb\Financeiro.dfm"
"fFinanceiro.brTotais";"Custo Seletivo:";"en-US";"";"Caption";"c:\projetos\AtlasWeb\Financeiro.dfm"
"fFinanceiro.brTotais";"Custo Outros:";"en-US";"";"Caption";"c:\projetos\AtlasWeb\Financeiro.dfm"
"fFinanceiro.brTotais";"Recebimentos:";"en-US";"";"Caption";"c:\projetos\AtlasWeb\Financeiro.dfm"
"fFinanceiro.brTotais";"Pagamentos: ";"en-US";"";"Caption";"c:\projetos\AtlasWeb\Financeiro.dfm"
"fFinanceiro.brTotais";"Pedido Pai:";"en-US";"";"Caption";"c:\projetos\AtlasWeb\Financeiro.dfm"
"fFinanceiro.brTotais";"Pedido Filho 1:";"en-US";"";"Caption";"c:\projetos\AtlasWeb\Financeiro.dfm"
"fFinanceiro.brTotais";"Pedido Filho 2:";"en-US";"";"Caption";"c:\projetos\AtlasWeb\Financeiro.dfm"
"fFinanceiro.brTotais";"Data Fechamento:";"en-US";"";"Caption";"c:\projetos\AtlasWeb\Financeiro.dfm"
"fFinanceiro.UniTabSheet2";"Lançamento";"en-US";"";"Caption";"c:\projetos\AtlasWeb\Financeiro.dfm"
"fFinanceiro.pFicha1";"DADOS GERAIS";"en-US";"";"Title";"c:\projetos\AtlasWeb\Financeiro.dfm"
"fFinanceiro.cClassificacao";"Conta";"en-US";"";"FieldLabel";"c:\projetos\AtlasWeb\Financeiro.dfm"
"fFinanceiro.cData_Previsao";"Previsão";"en-US";"";"FieldLabel";"c:\projetos\AtlasWeb\Financeiro.dfm"
"fFinanceiro.cDocumento_Data";"Data Documento";"en-US";"";"FieldLabel";"c:\projetos\AtlasWeb\Financeiro.dfm"
"fFinanceiro.cData_Vencimento";"Vencimento";"en-US";"";"FieldLabel";"c:\projetos\AtlasWeb\Financeiro.dfm"
"fFinanceiro.cBeneficiario";"Beneficiário";"en-US";"";"FieldLabel";"c:\projetos\AtlasWeb\Financeiro.dfm"
"fFinanceiro.cDocumento";"Documento";"en-US";"";"FieldLabel";"c:\projetos\AtlasWeb\Financeiro.dfm"
"fFinanceiro.cModalidade_Pgto";"Modalidade Pgto";"en-US";"";"FieldLabel";"c:\projetos\AtlasWeb\Financeiro.dfm"
"fFinanceiro.cCentro_Custo";"Centro de Custo";"en-US";"";"FieldLabel";"c:\projetos\AtlasWeb\Financeiro.dfm"
"fFinanceiro.cProcesso";"Processo";"en-US";"";"FieldLabel";"c:\projetos\AtlasWeb\Financeiro.dfm"
"fFinanceiro.cAdiantamento";"Adiantamento";"en-US";"";"FieldLabel";"c:\projetos\AtlasWeb\Financeiro.dfm"
"fFinanceiro.cNumero_Documento";"Nº  Documento";"en-US";"";"FieldLabel";"c:\projetos\AtlasWeb\Financeiro.dfm"
"fFinanceiro.cEmpresa";"Empresa";"en-US";"";"FieldLabel";"c:\projetos\AtlasWeb\Financeiro.dfm"
"fFinanceiro.cNumero";"Título";"en-US";"";"FieldLabel";"c:\projetos\AtlasWeb\Financeiro.dfm"
"fFinanceiro.cEmbarque";"Embarque";"en-US";"";"FieldLabel";"c:\projetos\AtlasWeb\Financeiro.dfm"
"fFinanceiro.cPago_Cliente";"Pago Pelo Cliente";"en-US";"";"Caption";"c:\projetos\AtlasWeb\Financeiro.dfm"
"fFinanceiro.cProvisorio";"Documerno Provisório";"en-US";"";"Caption";"c:\projetos\AtlasWeb\Financeiro.dfm"
"fFinanceiro.UniDBCheckBox1";"Permuta de Recebimento";"en-US";"";"Caption";"c:\projetos\AtlasWeb\Financeiro.dfm"
"fFinanceiro.bVeiculo";"Dados Bancários";"en-US";"";"Caption";"c:\projetos\AtlasWeb\Financeiro.dfm"
"fFinanceiro.UniButton1";"Parcelas";"en-US";"";"Caption";"c:\projetos\AtlasWeb\Financeiro.dfm"
"fFinanceiro.cValor_Documento";"Valor Documento";"en-US";"";"FieldLabel";"c:\projetos\AtlasWeb\Financeiro.dfm"
"fFinanceiro.cRecuperavel";"Recuperável";"en-US";"";"Caption";"c:\projetos\AtlasWeb\Financeiro.dfm"
"fFinanceiro.UniDBFormattedNumberEdit1";"Taxa (ME)";"en-US";"";"FieldLabel";"c:\projetos\AtlasWeb\Financeiro.dfm"
"fFinanceiro.UniDBFormattedNumberEdit2";"Valor (ME)";"en-US";"";"FieldLabel";"c:\projetos\AtlasWeb\Financeiro.dfm"
"fFinanceiro.cObservacao";"Observação";"en-US";"";"FieldLabel";"c:\projetos\AtlasWeb\Financeiro.dfm"
"fFinanceiro.cCodigoBarras";"Código de Barras";"en-US";"";"FieldLabel";"c:\projetos\AtlasWeb\Financeiro.dfm"
"fFinanceiro.cSaldoDoc";"Saldo Documento";"en-US";"";"FieldLabel";"c:\projetos\AtlasWeb\Financeiro.dfm"
"fFinanceiro.cValor_Desconto";"Valor Desconto";"en-US";"";"FieldLabel";"c:\projetos\AtlasWeb\Financeiro.dfm"
"fFinanceiro.cDesconto_Liquidacao";"Valor Desconto (Dupl)";"en-US";"";"FieldLabel";"c:\projetos\AtlasWeb\Financeiro.dfm"
"fFinanceiro.cValor_Juros";"Valor Juros";"en-US";"";"FieldLabel";"c:\projetos\AtlasWeb\Financeiro.dfm"
"fFinanceiro.cValor_Multa";"Valor Multa";"en-US";"";"FieldLabel";"c:\projetos\AtlasWeb\Financeiro.dfm"
"fFinanceiro.cValor_Total";"Valor Total";"en-US";"";"FieldLabel";"c:\projetos\AtlasWeb\Financeiro.dfm"
"fFinanceiro.cValor_Parcela";"Valor Parcela";"en-US";"";"FieldLabel";"c:\projetos\AtlasWeb\Financeiro.dfm"
"fFinanceiro.cValorBaixa";"Valor Baixa Automática";"en-US";"";"FieldLabel";"c:\projetos\AtlasWeb\Financeiro.dfm"
"fFinanceiro.cSaldo";"Saldo Aberto";"en-US";"";"FieldLabel";"c:\projetos\AtlasWeb\Financeiro.dfm"
"fFinanceiro.cNumeroPgto";"Nº do Documento";"en-US";"";"FieldLabel";"c:\projetos\AtlasWeb\Financeiro.dfm"
"fFinanceiro.cDataBaixa";"Data Baixa";"en-US";"";"FieldLabel";"c:\projetos\AtlasWeb\Financeiro.dfm"
"fFinanceiro.cBanco";"Banco";"en-US";"";"FieldLabel";"c:\projetos\AtlasWeb\Financeiro.dfm"
"fFinanceiro.UniDBLookupComboBox11";"Forma Pagamento";"en-US";"";"FieldLabel";"c:\projetos\AtlasWeb\Financeiro.dfm"
"fFinanceiro.cValor_Baixado";"Valor Baixado";"en-US";"";"FieldLabel";"c:\projetos\AtlasWeb\Financeiro.dfm"
"fFinanceiro.UniTabSheet4";"Adiantamentos";"en-US";"";"Caption";"c:\projetos\AtlasWeb\Financeiro.dfm"
"fFinanceiro.UniTabSheet5";"Contratos de Câmbio";"en-US";"";"Caption";"c:\projetos\AtlasWeb\Financeiro.dfm"
"fFinanceiro.UniTabSheet3";"Liquidação";"en-US";"";"Caption";"c:\projetos\AtlasWeb\Financeiro.dfm"
"fFinanceiro.pFicha2";"DADOS GERAIS";"en-US";"";"Title";"c:\projetos\AtlasWeb\Financeiro.dfm"
"fFinanceiro.cBxBanco";"Banco:";"en-US";"";"FieldLabel";"c:\projetos\AtlasWeb\Financeiro.dfm"
"fFinanceiro.bSalvarBaixa";"Liquidar";"en-US";"";"Caption";"c:\projetos\AtlasWeb\Financeiro.dfm"
"fFinanceiro.bCancelarBaixa";"Cancelar modificações feitas no registro corrente.";"en-US";"";"Hint";"c:\projetos\AtlasWeb\Financeiro.dfm"
"fFinanceiro.bCancelarBaixa";"Cancelar";"en-US";"";"Caption";"c:\projetos\AtlasWeb\Financeiro.dfm"
"fFinanceiro.cBxClassificacao";"Classificação Financeira";"en-US";"";"FieldLabel";"c:\projetos\AtlasWeb\Financeiro.dfm"
"fFinanceiro.UniGroupBox4";"VALORES";"en-US";"";"Caption";"c:\projetos\AtlasWeb\Financeiro.dfm"
"fFinanceiro.cBxValor_Doc";"Valor do Documento";"en-US";"";"FieldLabel";"c:\projetos\AtlasWeb\Financeiro.dfm"
"fFinanceiro.cBxValor_Parcela";"Valor da Parcela";"en-US";"";"FieldLabel";"c:\projetos\AtlasWeb\Financeiro.dfm"
"fFinanceiro.cBxValor_Baixado";"Valor Baixado";"en-US";"";"FieldLabel";"c:\projetos\AtlasWeb\Financeiro.dfm"
"fFinanceiro.cBxValor_Aberto";"Valor em Aberto";"en-US";"";"FieldLabel";"c:\projetos\AtlasWeb\Financeiro.dfm"
"fFinanceiro.cBxValor_Juros";"Valor dos Juros";"en-US";"";"FieldLabel";"c:\projetos\AtlasWeb\Financeiro.dfm"
"fFinanceiro.cBxValor_Multa";"Valor da Multa";"en-US";"";"FieldLabel";"c:\projetos\AtlasWeb\Financeiro.dfm"
"fFinanceiro.cBXValor_Desconto";"Valor dos Descontos";"en-US";"";"FieldLabel";"c:\projetos\AtlasWeb\Financeiro.dfm"
"fFinanceiro.cBxValor";"Valor Total";"en-US";"";"FieldLabel";"c:\projetos\AtlasWeb\Financeiro.dfm"
"fFinanceiro.gCambio";"CONTRATO DE CÂMBIO";"en-US";"";"Caption";"c:\projetos\AtlasWeb\Financeiro.dfm"
"fFinanceiro.cVariacaoCambial";"Variação Câmbial";"en-US";"";"FieldLabel";"c:\projetos\AtlasWeb\Financeiro.dfm"
"fFinanceiro.cTotalCambio";"Total do Câmbio";"en-US";"";"FieldLabel";"c:\projetos\AtlasWeb\Financeiro.dfm"
"fFinanceiro.cTaxa_Cambial";"Taxa Câmbio";"en-US";"";"FieldLabel";"c:\projetos\AtlasWeb\Financeiro.dfm"
"fFinanceiro.cTaxa_FechamentoCambio";"Taxa Fechamento";"en-US";"";"FieldLabel";"c:\projetos\AtlasWeb\Financeiro.dfm"
"fFinanceiro.cNumero_CC";"Nº Contrato";"en-US";"";"FieldLabel";"c:\projetos\AtlasWeb\Financeiro.dfm"
"fFinanceiro.cBxData";"Data da Liquidação";"en-US";"";"FieldLabel";"c:\projetos\AtlasWeb\Financeiro.dfm"
"fFinanceiro.cBxForma_PgtoDoc";"Nº Documento";"en-US";"";"FieldLabel";"c:\projetos\AtlasWeb\Financeiro.dfm"
"fFinanceiro.cBxForma_Pgto";"Forma de Pagamento";"en-US";"";"FieldLabel";"c:\projetos\AtlasWeb\Financeiro.dfm"
"fFinanceiro.cBxObs";"Observação";"en-US";"";"FieldLabel";"c:\projetos\AtlasWeb\Financeiro.dfm"
"fFinanceiro.UniTabSheet7";"Documentos Anexados";"en-US";"";"Caption";"c:\projetos\AtlasWeb\Financeiro.dfm"
"fFinanceiro.UniTabSheet6";"Bloqueio de Período";"en-US";"";"Caption";"c:\projetos\AtlasWeb\Financeiro.dfm"
"fFinanceiro.UniPanel7";"DADOS GERAIS";"en-US";"";"Title";"c:\projetos\AtlasWeb\Financeiro.dfm"
"fFinanceiro.bBlocPer";"Bloquear";"en-US";"";"Caption";"c:\projetos\AtlasWeb\Financeiro.dfm"
"fFinanceiro.bBlocCanc";"Cancelar modificações feitas no registro corrente.";"en-US";"";"Hint";"c:\projetos\AtlasWeb\Financeiro.dfm"
"fFinanceiro.bBlocCanc";"Cancelar";"en-US";"";"Caption";"c:\projetos\AtlasWeb\Financeiro.dfm"
"fFinanceiro.cDataBloqueio";"Data de Bloqueio";"en-US";"";"FieldLabel";"c:\projetos\AtlasWeb\Financeiro.dfm"
"fFinSolicitacaoNumerario.bAdicionar";"Adicionar novo registro.";"en-US";"";"Hint";"c:\projetos\AtlasWeb\FinSolicitacaoNumerario.dfm"
"fFinSolicitacaoNumerario.bEditar";"Editar registro corrente.";"en-US";"";"Hint";"c:\projetos\AtlasWeb\FinSolicitacaoNumerario.dfm"
"fFinSolicitacaoNumerario.bExcluir";"Excluir registro corrente.";"en-US";"";"Hint";"c:\projetos\AtlasWeb\FinSolicitacaoNumerario.dfm"
"fFinSolicitacaoNumerario.bCancelar";"Cancelar modificações feitas no registro corrente.";"en-US";"";"Hint";"c:\projetos\AtlasWeb\FinSolicitacaoNumerario.dfm"
"fFinSolicitacaoNumerario.bGravar";"Salva o registro corrente.";"en-US";"";"Hint";"c:\projetos\AtlasWeb\FinSolicitacaoNumerario.dfm"
"fFinSolicitacaoNumerario.bFechar";"Fecha a tela de cadastro atual.";"en-US";"";"Hint";"c:\projetos\AtlasWeb\FinSolicitacaoNumerario.dfm"
"fFinSolicitacaoNumerario.aLista";"Lista";"en-US";"";"Caption";"c:\projetos\AtlasWeb\FinSolicitacaoNumerario.dfm"
"fFinSolicitacaoNumerario.UniTabSheet1";"Dados Gerais";"en-US";"";"Caption";"c:\projetos\AtlasWeb\FinSolicitacaoNumerario.dfm"
"fFinSolicitacaoNumerario.pFicha";"DADOS GERAIS";"en-US";"";"Title";"c:\projetos\AtlasWeb\FinSolicitacaoNumerario.dfm"
"fFinSolicitacaoNumerario.cData";"Data";"en-US";"";"FieldLabel";"c:\projetos\AtlasWeb\FinSolicitacaoNumerario.dfm"
"fFinSolicitacaoNumerario.cData_Previsao";"Previsão";"en-US";"";"FieldLabel";"c:\projetos\AtlasWeb\FinSolicitacaoNumerario.dfm"
"fFinSolicitacaoNumerario.cData_Vencimento";"Vencimento";"en-US";"";"FieldLabel";"c:\projetos\AtlasWeb\FinSolicitacaoNumerario.dfm"
"fFinSolicitacaoNumerario.cHora_Cadastro";"Hora";"en-US";"";"FieldLabel";"c:\projetos\AtlasWeb\FinSolicitacaoNumerario.dfm"
"fFinSolicitacaoNumerario.clBanco";"Banco";"en-US";"";"FieldLabel";"c:\projetos\AtlasWeb\FinSolicitacaoNumerario.dfm"
"fFinSolicitacaoNumerario.clCentro_Custo";"Centro Custo";"en-US";"";"FieldLabel";"c:\projetos\AtlasWeb\FinSolicitacaoNumerario.dfm"
"fFinSolicitacaoNumerario.clClassificacao";"Classificação Financeira";"en-US";"";"FieldLabel";"c:\projetos\AtlasWeb\FinSolicitacaoNumerario.dfm"
"fFinSolicitacaoNumerario.clCliente";"Cliente";"en-US";"";"FieldLabel";"c:\projetos\AtlasWeb\FinSolicitacaoNumerario.dfm"
"fFinSolicitacaoNumerario.clDocumento";"Documento";"en-US";"";"FieldLabel";"c:\projetos\AtlasWeb\FinSolicitacaoNumerario.dfm"
"fFinSolicitacaoNumerario.cNumero";"Solicitação Nº";"en-US";"";"FieldLabel";"c:\projetos\AtlasWeb\FinSolicitacaoNumerario.dfm"
"fFinSolicitacaoNumerario.cObservacao";"Observação";"en-US";"";"FieldLabel";"c:\projetos\AtlasWeb\FinSolicitacaoNumerario.dfm"
"fFinSolicitacaoNumerario.cProcesso";"Nº Processo";"en-US";"";"FieldLabel";"c:\projetos\AtlasWeb\FinSolicitacaoNumerario.dfm"
"fFinSolicitacaoNumerario.cValor_Total";"Valor";"en-US";"";"FieldLabel";"c:\projetos\AtlasWeb\FinSolicitacaoNumerario.dfm"
"fFiscalNFTerceiros.TabLista";"Lista";"en-US";"";"Caption";"c:\projetos\AtlasWeb\FiscalNFTerceiros.dfm"
"fFiscalNFTerceiros.cEmpresa";"Filial";"en-US";"";"FieldLabel";"c:\projetos\AtlasWeb\FiscalNFTerceiros.dfm"
"fFiscalNFTerceiros.TabCapa";"Capa da Nota Fiscal";"en-US";"";"Caption";"c:\projetos\AtlasWeb\FiscalNFTerceiros.dfm"
"fFiscalNFTerceiros.Ficha";"DADOS GERAIS";"en-US";"";"Title";"c:\projetos\AtlasWeb\FiscalNFTerceiros.dfm"
"fFiscalNFTerceiros.cNota";"Informe o número da Nota Fiscal";"en-US";"";"Hint";"c:\projetos\AtlasWeb\FiscalNFTerceiros.dfm"
"fFiscalNFTerceiros.cNota";"Documento Nº";"en-US";"";"FieldLabel";"c:\projetos\AtlasWeb\FiscalNFTerceiros.dfm"
"fFiscalNFTerceiros.cDataEmissao";"Informe a ""Data de Emissão"" da Nota fiscal";"en-US";"";"Hint";"c:\projetos\AtlasWeb\FiscalNFTerceiros.dfm"
"fFiscalNFTerceiros.cDataEmissao";"Data Emissão";"en-US";"";"FieldLabel";"c:\projetos\AtlasWeb\FiscalNFTerceiros.dfm"
"fFiscalNFTerceiros.cDataEntrada";"Informe a ""Data de Entrada"" da Nota fiscal";"en-US";"";"Hint";"c:\projetos\AtlasWeb\FiscalNFTerceiros.dfm"
"fFiscalNFTerceiros.cDataEntrada";"Data da Entrada";"en-US";"";"FieldLabel";"c:\projetos\AtlasWeb\FiscalNFTerceiros.dfm"
"fFiscalNFTerceiros.cSerie";"Série";"en-US";"";"FieldLabel";"c:\projetos\AtlasWeb\FiscalNFTerceiros.dfm"
"fFiscalNFTerceiros.cSubSerie";"Sub-Série";"en-US";"";"FieldLabel";"c:\projetos\AtlasWeb\FiscalNFTerceiros.dfm"
"fFiscalNFTerceiros.cObservacao";"Informações adicionais (Fisco)";"en-US";"";"FieldLabel";"c:\projetos\AtlasWeb\FiscalNFTerceiros.dfm"
"fFiscalNFTerceiros.cChave";"Para modelo Eletrônico a ""Chave NF-e"" deve ser informada";"en-US";"";"Hint";"c:\projetos\AtlasWeb\FiscalNFTerceiros.dfm"
"fFiscalNFTerceiros.cChave";"Chave NF-e";"en-US";"";"FieldLabel";"c:\projetos\AtlasWeb\FiscalNFTerceiros.dfm"
"fFiscalNFTerceiros.cModelo";"Informe o ""Modelo"" da Nota Fiscal";"en-US";"";"Hint";"c:\projetos\AtlasWeb\FiscalNFTerceiros.dfm"
"fFiscalNFTerceiros.cModelo";"Modelo";"en-US";"";"FieldLabel";"c:\projetos\AtlasWeb\FiscalNFTerceiros.dfm"
"fFiscalNFTerceiros.cOperacao";"Informe qual a ""Operação Fiscal""";"en-US";"";"Hint";"c:\projetos\AtlasWeb\FiscalNFTerceiros.dfm"
"fFiscalNFTerceiros.cOperacao";"Operação Fiscal";"en-US";"";"FieldLabel";"c:\projetos\AtlasWeb\FiscalNFTerceiros.dfm"
"fFiscalNFTerceiros.cFornecedor";"Informe o ""Fornecedor""";"en-US";"";"Hint";"c:\projetos\AtlasWeb\FiscalNFTerceiros.dfm"
"fFiscalNFTerceiros.cFornecedor";"Fornecedor";"en-US";"";"FieldLabel";"c:\projetos\AtlasWeb\FiscalNFTerceiros.dfm"
"fFiscalNFTerceiros.DBCheckBox1";"NF de desdobramento";"en-US";"";"Caption";"c:\projetos\AtlasWeb\FiscalNFTerceiros.dfm"
"fFiscalNFTerceiros.cTransportador";"Transportador";"en-US";"";"FieldLabel";"c:\projetos\AtlasWeb\FiscalNFTerceiros.dfm"
"fFiscalNFTerceiros.cBeneficio";"Benefício Fiscal";"en-US";"";"FieldLabel";"c:\projetos\AtlasWeb\FiscalNFTerceiros.dfm"
"fFiscalNFTerceiros.DBCheckBox2";"NF Complementar";"en-US";"";"Caption";"c:\projetos\AtlasWeb\FiscalNFTerceiros.dfm"
"fFiscalNFTerceiros.cArmazem";"Armazém";"en-US";"";"FieldLabel";"c:\projetos\AtlasWeb\FiscalNFTerceiros.dfm"
"fFiscalNFTerceiros.cModalFrete";"Informe a ""Modalidade de Frete""";"en-US";"";"Hint";"c:\projetos\AtlasWeb\FiscalNFTerceiros.dfm"
"fFiscalNFTerceiros.cModalFrete";"Modalidade do Frete";"en-US";"";"FieldLabel";"c:\projetos\AtlasWeb\FiscalNFTerceiros.dfm"
"fFiscalNFTerceiros.cNaturezaFrete";"Informe a ""Natureza do Frete""";"en-US";"";"Hint";"c:\projetos\AtlasWeb\FiscalNFTerceiros.dfm"
"fFiscalNFTerceiros.cNaturezaFrete";"Natureza do Frete";"en-US";"";"FieldLabel";"c:\projetos\AtlasWeb\FiscalNFTerceiros.dfm"
"fFiscalNFTerceiros.cTipoPgto";"Tipo de Pagamento";"en-US";"";"Caption";"c:\projetos\AtlasWeb\FiscalNFTerceiros.dfm"
"fFiscalNFTerceiros.UniDBMemo1";"Informações complementares";"en-US";"";"FieldLabel";"c:\projetos\AtlasWeb\FiscalNFTerceiros.dfm"
"fFiscalNFTerceiros.cCentro_Custo";"Centro de Custos";"en-US";"";"FieldLabel";"c:\projetos\AtlasWeb\FiscalNFTerceiros.dfm"
"fFiscalNFTerceiros.TabItem";"Itens";"en-US";"";"Caption";"c:\projetos\AtlasWeb\FiscalNFTerceiros.dfm"
"fFiscalNFTerceiros.bAddItens";"Adicionar novo item ao pedido corrente.";"en-US";"";"Hint";"c:\projetos\AtlasWeb\FiscalNFTerceiros.dfm"
"fFiscalNFTerceiros.bEditItens";"Editar o item do pedido corrente.";"en-US";"";"Hint";"c:\projetos\AtlasWeb\FiscalNFTerceiros.dfm"
"fFiscalNFTerceiros.bExcItens";"Excluir o item do pedido corrente.";"en-US";"";"Hint";"c:\projetos\AtlasWeb\FiscalNFTerceiros.dfm"
"fFiscalNFTerceiros.bCancItens";"Cancelar modificações feitas no item do pedido corrente.";"en-US";"";"Hint";"c:\projetos\AtlasWeb\FiscalNFTerceiros.dfm"
"fFiscalNFTerceiros.bGravItens";"Salva o item do pedido corrente.";"en-US";"";"Hint";"c:\projetos\AtlasWeb\FiscalNFTerceiros.dfm"
"fFiscalNFTerceiros.bExcTodosItens";"Excluir todos os itens do pedido corrente.";"en-US";"";"Hint";"c:\projetos\AtlasWeb\FiscalNFTerceiros.dfm"
"fFiscalNFTerceiros.bNFRef";"Importar os itens de uma Nota Fiscal de Referência.";"en-US";"";"Hint";"c:\projetos\AtlasWeb\FiscalNFTerceiros.dfm"
"fFiscalNFTerceiros.bNFRef";"NF Ref";"en-US";"";"Caption";"c:\projetos\AtlasWeb\FiscalNFTerceiros.dfm"
"fFiscalNFTerceiros.TabSerial";"Seriais/Chassis";"en-US";"";"Caption";"c:\projetos\AtlasWeb\FiscalNFTerceiros.dfm"
"fFiscalNFTerceiros.TabLote";"Lotes";"en-US";"";"Caption";"c:\projetos\AtlasWeb\FiscalNFTerceiros.dfm"
"fFiscalNFTerceiros.TabManif";"Manifestação do Destinatário";"en-US";"";"Caption";"c:\projetos\AtlasWeb\FiscalNFTerceiros.dfm"
"fFiscalNFTerceiros.bSelTodos";"Selecionar Todos";"en-US";"";"Caption";"c:\projetos\AtlasWeb\FiscalNFTerceiros.dfm"
"fFiscalNFTerceiros.bSelNehum";"Selecionar Nenhum";"en-US";"";"Caption";"c:\projetos\AtlasWeb\FiscalNFTerceiros.dfm"
"fFiscalNFTerceiros.bManifestar";"   Mostrar os itens da nota fiscal.";"en-US";"";"Hint";"c:\projetos\AtlasWeb\FiscalNFTerceiros.dfm"
"fFiscalNFTerceiros.bManifestar";"Manifestar";"en-US";"";"Caption";"c:\projetos\AtlasWeb\FiscalNFTerceiros.dfm"
"fFiscalNFTerceiros.cSit";"Situação";"en-US";"";"Caption";"c:\projetos\AtlasWeb\FiscalNFTerceiros.dfm"
"fFiscalNFTerceiros.bManiFora";"Manifesto Fora da Data";"en-US";"";"Caption";"c:\projetos\AtlasWeb\FiscalNFTerceiros.dfm"
"fFiscalNFTerceiros.Button1";"Button1";"en-US";"";"Caption";"c:\projetos\AtlasWeb\FiscalNFTerceiros.dfm"
"fFiscalNFTerceiros.TabXML";"Importar XML";"en-US";"";"Caption";"c:\projetos\AtlasWeb\FiscalNFTerceiros.dfm"
"fFiscalNFTerceiros.UniPanel1";"DADOS GERAIS";"en-US";"";"Title";"c:\projetos\AtlasWeb\FiscalNFTerceiros.dfm"
"fFiscalNFTerceiros.bArquivos";"Carregar Arquivos";"en-US";"";"Caption";"c:\projetos\AtlasWeb\FiscalNFTerceiros.dfm"
"fFiscalNFTerceiros.bXMLSair";"Fecha a tela de cadastro atual.";"en-US";"";"Hint";"c:\projetos\AtlasWeb\FiscalNFTerceiros.dfm"
"fFiscalNFTerceiros.cDataEnt";"Data de Entrada";"en-US";"";"FieldLabel";"c:\projetos\AtlasWeb\FiscalNFTerceiros.dfm"
"fFiscalNFTerceiros.cOper";"Operação Fiscal";"en-US";"";"FieldLabel";"c:\projetos\AtlasWeb\FiscalNFTerceiros.dfm"
"fFiscalNFTerceiros.cRamo";"Ramo Atividade (Forn)";"en-US";"";"FieldLabel";"c:\projetos\AtlasWeb\FiscalNFTerceiros.dfm"
"fFiscalNFTerceiros.cTipoProd";"Tipo Mercadoria";"en-US";"";"FieldLabel";"c:\projetos\AtlasWeb\FiscalNFTerceiros.dfm"
"fFiscalNFTerceiros.cCCusto";"Centro de Custos";"en-US";"";"FieldLabel";"c:\projetos\AtlasWeb\FiscalNFTerceiros.dfm"
"fFiscalNFTerceiros.cProcImp";"Processo (Importação)";"en-US";"";"FieldLabel";"c:\projetos\AtlasWeb\FiscalNFTerceiros.dfm"
"fFiscalNFTerceiros.cProcExp";"Processo (Exportação)";"en-US";"";"FieldLabel";"c:\projetos\AtlasWeb\FiscalNFTerceiros.dfm"
"fFiscalNFTerceiros.cEmb";"Embarque";"en-US";"";"FieldLabel";"c:\projetos\AtlasWeb\FiscalNFTerceiros.dfm"
"fFiscalNFTerceiros.cOrig";"Origem Mercadoria";"en-US";"";"FieldLabel";"c:\projetos\AtlasWeb\FiscalNFTerceiros.dfm"
"fFiscalNFTerceiros.cClassMerc";"Classificação Mercadoria";"en-US";"";"FieldLabel";"c:\projetos\AtlasWeb\FiscalNFTerceiros.dfm"
"fFiscalNFTerceiros.cEscala";"Mercadoria Produzido em Escala Relevante";"en-US";"";"Caption";"c:\projetos\AtlasWeb\FiscalNFTerceiros.dfm"
"fFiscalNFTerceiros.UniGroupBox1";"Imobilizado";"en-US";"";"Caption";"c:\projetos\AtlasWeb\FiscalNFTerceiros.dfm"
"fFiscalNFTerceiros.cImoAliq";"Alíquota";"en-US";"";"FieldLabel";"c:\projetos\AtlasWeb\FiscalNFTerceiros.dfm"
"fFiscalNFTerceiros.cImoBC";"Base de Cálculo";"en-US";"";"FieldLabel";"c:\projetos\AtlasWeb\FiscalNFTerceiros.dfm"
"fFiscalNFTerceiros.cImoValor";"Valor";"en-US";"";"FieldLabel";"c:\projetos\AtlasWeb\FiscalNFTerceiros.dfm"
"fFiscalNFTerceiros.cUso";"Uso";"en-US";"";"FieldLabel";"c:\projetos\AtlasWeb\FiscalNFTerceiros.dfm"
"fFiscalNFTerceiros.cSubst";"Substituir Notas Fiscais ja cadastradas.";"en-US";"";"Caption";"c:\projetos\AtlasWeb\FiscalNFTerceiros.dfm"
"fFiscalNFTerceiros.cPreco";"Formação do Preço de Venda";"en-US";"";"Caption";"c:\projetos\AtlasWeb\FiscalNFTerceiros.dfm"
"fFiscalNFTerceiros.cLucro";"Lucro";"en-US";"";"FieldLabel";"c:\projetos\AtlasWeb\FiscalNFTerceiros.dfm"
"fFiscalNFTerceiros.cComissao";"Comissão";"en-US";"";"FieldLabel";"c:\projetos\AtlasWeb\FiscalNFTerceiros.dfm"
"fFiscalNFTerceiros.cCustoFin";"Custo Financeiro";"en-US";"";"FieldLabel";"c:\projetos\AtlasWeb\FiscalNFTerceiros.dfm"
"fFiscalNFTerceiros.cCustoFixo";"Custo Financeiro";"en-US";"";"FieldLabel";"c:\projetos\AtlasWeb\FiscalNFTerceiros.dfm"
"fFiscalNFTerceiros.cMargem";"Custo Financeiro";"en-US";"";"FieldLabel";"c:\projetos\AtlasWeb\FiscalNFTerceiros.dfm"
"fFiscalNFTerceiros.gPerfil";"Características do Emitente";"en-US";"";"Caption";"c:\projetos\AtlasWeb\FiscalNFTerceiros.dfm"
"fFiscalNFTerceiros.cIsento";"Isento de IE";"en-US";"";"Caption";"c:\projetos\AtlasWeb\FiscalNFTerceiros.dfm"
"fFiscalNFTerceiros.cZona_Franca";"Zona_Franca";"en-US";"";"Caption";"c:\projetos\AtlasWeb\FiscalNFTerceiros.dfm"
"fFiscalNFTerceiros.cInscricaoST";"Possui Inscrição de ST";"en-US";"";"Caption";"c:\projetos\AtlasWeb\FiscalNFTerceiros.dfm"
"fFiscalNFTerceiros.cMicro";"Micro Empresa";"en-US";"";"Caption";"c:\projetos\AtlasWeb\FiscalNFTerceiros.dfm"
"fFiscalNFTerceiros.bAdicionar";"Adicionar novo registro.";"en-US";"";"Hint";"c:\projetos\AtlasWeb\FiscalNFTerceiros.dfm"
"fFiscalNFTerceiros.bEditar";"Editar registro corrente.";"en-US";"";"Hint";"c:\projetos\AtlasWeb\FiscalNFTerceiros.dfm"
"fFiscalNFTerceiros.bExcluir";"Excluir reegistro corrente.";"en-US";"";"Hint";"c:\projetos\AtlasWeb\FiscalNFTerceiros.dfm"
"fFiscalNFTerceiros.bCancelar";"Cancelar modificações feitas no registro corrente.";"en-US";"";"Hint";"c:\projetos\AtlasWeb\FiscalNFTerceiros.dfm"
"fFiscalNFTerceiros.bSalvar";"Salva o registro corrente.";"en-US";"";"Hint";"c:\projetos\AtlasWeb\FiscalNFTerceiros.dfm"
"fFiscalNFTerceiros.bFechar";"Fecha a tela de cadastro atual.";"en-US";"";"Hint";"c:\projetos\AtlasWeb\FiscalNFTerceiros.dfm"
"fFiscalNFTerceiros.bXML";"Importar NF-e";"en-US";"";"Caption";"c:\projetos\AtlasWeb\FiscalNFTerceiros.dfm"
"fFiscalNFTerceiros.UniPanel3";"TOTAIS DA NOTA FISCAL";"en-US";"";"Title";"c:\projetos\AtlasWeb\FiscalNFTerceiros.dfm"
"fFiscalNFTerceiros.UniPanel3";"UniPanel3";"en-US";"";"Caption";"c:\projetos\AtlasWeb\FiscalNFTerceiros.dfm"
"fFiscalNFTerceiros.cValorProdutos";"Produtos";"en-US";"";"FieldLabel";"c:\projetos\AtlasWeb\FiscalNFTerceiros.dfm"
"fFiscalNFTerceiros.cValorDespesas";"Despesas";"en-US";"";"FieldLabel";"c:\projetos\AtlasWeb\FiscalNFTerceiros.dfm"
"fFiscalNFTerceiros.cValorFrete";"Frete";"en-US";"";"FieldLabel";"c:\projetos\AtlasWeb\FiscalNFTerceiros.dfm"
"fFiscalNFTerceiros.cValorSeguro";"Seguro";"en-US";"";"FieldLabel";"c:\projetos\AtlasWeb\FiscalNFTerceiros.dfm"
"fFiscalNFTerceiros.cValorII";"II";"en-US";"";"FieldLabel";"c:\projetos\AtlasWeb\FiscalNFTerceiros.dfm"
"fFiscalNFTerceiros.cValorIPI";"IPI";"en-US";"";"FieldLabel";"c:\projetos\AtlasWeb\FiscalNFTerceiros.dfm"
"fFiscalNFTerceiros.cValorPIS";"PIS";"en-US";"";"FieldLabel";"c:\projetos\AtlasWeb\FiscalNFTerceiros.dfm"
"fFiscalNFTerceiros.cValorCOFINS";"COFINS";"en-US";"";"FieldLabel";"c:\projetos\AtlasWeb\FiscalNFTerceiros.dfm"
"fFiscalNFTerceiros.cValorICMS";"ICMS Oper";"en-US";"";"FieldLabel";"c:\projetos\AtlasWeb\FiscalNFTerceiros.dfm"
"fFiscalNFTerceiros.cValorICMSST";"ICMS ST";"en-US";"";"FieldLabel";"c:\projetos\AtlasWeb\FiscalNFTerceiros.dfm"
"fFiscalNFTerceiros.cTotalDesconto";"Descontos";"en-US";"";"FieldLabel";"c:\projetos\AtlasWeb\FiscalNFTerceiros.dfm"
"fFiscalNFTerceiros.cValorPedido";"Total da Nota";"en-US";"";"FieldLabel";"c:\projetos\AtlasWeb\FiscalNFTerceiros.dfm"
"fFiscalNFTerceiros.cValorBCII";"B.C.II";"en-US";"";"FieldLabel";"c:\projetos\AtlasWeb\FiscalNFTerceiros.dfm"
"fFiscalNFTerceiros.cValorBCIPI";"BC IPI";"en-US";"";"FieldLabel";"c:\projetos\AtlasWeb\FiscalNFTerceiros.dfm"
"fFiscalNFTerceiros.cValorBCPIS";"BC.PIS";"en-US";"";"FieldLabel";"c:\projetos\AtlasWeb\FiscalNFTerceiros.dfm"
"fFiscalNFTerceiros.cValorBCCOFINS";"BC COFINS";"en-US";"";"FieldLabel";"c:\projetos\AtlasWeb\FiscalNFTerceiros.dfm"
"fFiscalNFTerceiros.cValorBCICMS";"BC ICMS Oper";"en-US";"";"FieldLabel";"c:\projetos\AtlasWeb\FiscalNFTerceiros.dfm"
"fFiscalNFTerceiros.cValorBCICMSST";"BC ICMS ST";"en-US";"";"FieldLabel";"c:\projetos\AtlasWeb\FiscalNFTerceiros.dfm"
"fFiscalNFTerceiros.cValorAFRMM";"AFRMM";"en-US";"";"FieldLabel";"c:\projetos\AtlasWeb\FiscalNFTerceiros.dfm"
"fFiscalNFTerceiros.cValorDIFALDest";"DIFAL Destino";"en-US";"";"FieldLabel";"c:\projetos\AtlasWeb\FiscalNFTerceiros.dfm"
"fFiscalNFTerceiros.cValorDIFALOrig";"DIFAL Origem";"en-US";"";"FieldLabel";"c:\projetos\AtlasWeb\FiscalNFTerceiros.dfm"
"fFiscalNFTerceiros.cValorBCIS";"BC IS";"en-US";"";"FieldLabel";"c:\projetos\AtlasWeb\FiscalNFTerceiros.dfm"
"fFiscalNFTerceiros.cValorIS";"IS";"en-US";"";"FieldLabel";"c:\projetos\AtlasWeb\FiscalNFTerceiros.dfm"
"fFiscalNFTerceiros.cValorBCIBS";"BC IBS";"en-US";"";"FieldLabel";"c:\projetos\AtlasWeb\FiscalNFTerceiros.dfm"
"fFiscalNFTerceiros.cValorIBS";"IBS";"en-US";"";"FieldLabel";"c:\projetos\AtlasWeb\FiscalNFTerceiros.dfm"
"fFiscalNFTerceiros.ValorBCCBS";"BC CBS";"en-US";"";"FieldLabel";"c:\projetos\AtlasWeb\FiscalNFTerceiros.dfm"
"fFiscalNFTerceiros.cValorCBS";"CBS";"en-US";"";"FieldLabel";"c:\projetos\AtlasWeb\FiscalNFTerceiros.dfm"
"fFiscalNFTerceirosItens.Painel";"Itens da Nota";"en-US";"";"Caption";"c:\projetos\AtlasWeb\FiscalNFTerceirosItens.dfm"
"fFiscalNFTerceirosItens.Ficha";"Ficha";"en-US";"";"Caption";"c:\projetos\AtlasWeb\FiscalNFTerceirosItens.dfm"
"fFiscalNFTerceirosItens.UniPanel11";"Ativo Imobilizado - CIAP";"en-US";"";"Title";"c:\projetos\AtlasWeb\FiscalNFTerceirosItens.dfm"
"fFiscalNFTerceirosItens.cCIAP_AliquotaICMS";"Percentual";"en-US";"";"FieldLabel";"c:\projetos\AtlasWeb\FiscalNFTerceirosItens.dfm"
"fFiscalNFTerceirosItens.cCIAP_BCICMS";"Base de Cálculo";"en-US";"";"FieldLabel";"c:\projetos\AtlasWeb\FiscalNFTerceirosItens.dfm"
"fFiscalNFTerceirosItens.cCIAP_ValorICMS";"Valor";"en-US";"";"FieldLabel";"c:\projetos\AtlasWeb\FiscalNFTerceirosItens.dfm"
"fFiscalNFTerceirosItens.cCIAP_TipoItem";"Tipo de Mercadoria";"en-US";"";"FieldLabel";"c:\projetos\AtlasWeb\FiscalNFTerceirosItens.dfm"
"fFiscalNFTerceirosItens.UniPanel12";"Reforma Tributária - IBS / CBS";"en-US";"";"Title";"c:\projetos\AtlasWeb\FiscalNFTerceirosItens.dfm"
"fFiscalNFTerceirosItens.cTotalCBS";"Total";"en-US";"";"FieldLabel";"c:\projetos\AtlasWeb\FiscalNFTerceirosItens.dfm"
"fFiscalNFTerceirosItens.cValor_CBS";"Valor";"en-US";"";"FieldLabel";"c:\projetos\AtlasWeb\FiscalNFTerceirosItens.dfm"
"fFiscalNFTerceirosItens.cValor_BCCBS";"BC CBS";"en-US";"";"FieldLabel";"c:\projetos\AtlasWeb\FiscalNFTerceirosItens.dfm"
"fFiscalNFTerceirosItens.cAliquota_CBS";"Alíquota";"en-US";"";"FieldLabel";"c:\projetos\AtlasWeb\FiscalNFTerceirosItens.dfm"
"fFiscalNFTerceirosItens.cCSTIBS";"CST IBS";"en-US";"";"FieldLabel";"c:\projetos\AtlasWeb\FiscalNFTerceirosItens.dfm"
"fFiscalNFTerceirosItens.cTotalIBS";"Total";"en-US";"";"FieldLabel";"c:\projetos\AtlasWeb\FiscalNFTerceirosItens.dfm"
"fFiscalNFTerceirosItens.cValor_IBS";"Valor";"en-US";"";"FieldLabel";"c:\projetos\AtlasWeb\FiscalNFTerceirosItens.dfm"
"fFiscalNFTerceirosItens.cValor_BCIBS";"BC IBS";"en-US";"";"FieldLabel";"c:\projetos\AtlasWeb\FiscalNFTerceirosItens.dfm"
"fFiscalNFTerceirosItens.cAliquota_IBS";"Alíquota";"en-US";"";"FieldLabel";"c:\projetos\AtlasWeb\FiscalNFTerceirosItens.dfm"
"fFiscalNFTerceirosItens.cCSTCBS";"CST IBS";"en-US";"";"FieldLabel";"c:\projetos\AtlasWeb\FiscalNFTerceirosItens.dfm"
"fFiscalNFTerceirosItens.UniPanel13";"Produto";"en-US";"";"Title";"c:\projetos\AtlasWeb\FiscalNFTerceirosItens.dfm"
"fFiscalNFTerceirosItens.cQtde";"Quantidade";"en-US";"";"FieldLabel";"c:\projetos\AtlasWeb\FiscalNFTerceirosItens.dfm"
"fFiscalNFTerceirosItens.cValor_Desconto";"Valor Desconto";"en-US";"";"FieldLabel";"c:\projetos\AtlasWeb\FiscalNFTerceirosItens.dfm"
"fFiscalNFTerceirosItens.cCFOP";"CFOP";"en-US";"";"Hint";"c:\projetos\AtlasWeb\FiscalNFTerceirosItens.dfm"
"fFiscalNFTerceirosItens.cProcesso";"Processo (Imp)";"en-US";"";"FieldLabel";"c:\projetos\AtlasWeb\FiscalNFTerceirosItens.dfm"
"fFiscalNFTerceirosItens.cValor_Unitario";"Valor Unitário";"en-US";"";"FieldLabel";"c:\projetos\AtlasWeb\FiscalNFTerceirosItens.dfm"
"fFiscalNFTerceirosItens.cNCM";"NCM";"en-US";"";"FieldLabel";"c:\projetos\AtlasWeb\FiscalNFTerceirosItens.dfm"
"fFiscalNFTerceirosItens.cPeso_Liquido";"Peso Líquido";"en-US";"";"FieldLabel";"c:\projetos\AtlasWeb\FiscalNFTerceirosItens.dfm"
"fFiscalNFTerceirosItens.cPeso_Bruto";"Peso Bruto";"en-US";"";"FieldLabel";"c:\projetos\AtlasWeb\FiscalNFTerceirosItens.dfm"
"fFiscalNFTerceirosItens.cEmbarque";"Embarque";"en-US";"";"FieldLabel";"c:\projetos\AtlasWeb\FiscalNFTerceirosItens.dfm"
"fFiscalNFTerceirosItens.cValor_UnitarioOrig";"Valor Unitário (NF)";"en-US";"";"FieldLabel";"c:\projetos\AtlasWeb\FiscalNFTerceirosItens.dfm"
"fFiscalNFTerceirosItens.cValor_Total";"Total";"en-US";"";"FieldLabel";"c:\projetos\AtlasWeb\FiscalNFTerceirosItens.dfm"
"fFiscalNFTerceirosItens.bDetalhe";"Detalhe";"en-US";"";"Caption";"c:\projetos\AtlasWeb\FiscalNFTerceirosItens.dfm"
"fFiscalNFTerceirosItens.bSerial";"Serial/Chassi";"en-US";"";"Caption";"c:\projetos\AtlasWeb\FiscalNFTerceirosItens.dfm"
"fFiscalNFTerceirosItens.cValor_Inventario";"Valor Inventario";"en-US";"";"FieldLabel";"c:\projetos\AtlasWeb\FiscalNFTerceirosItens.dfm"
"fFiscalNFTerceirosItens.cConsumo_Energia";"Consumo Energia";"en-US";"";"FieldLabel";"c:\projetos\AtlasWeb\FiscalNFTerceirosItens.dfm"
"fFiscalNFTerceirosItens.cProduto";"Produto";"en-US";"";"FieldLabel";"c:\projetos\AtlasWeb\FiscalNFTerceirosItens.dfm"
"fFiscalNFTerceirosItens.UniPanel5";"Imposto sobre Circulação de Mercadorias e Serviços - ICMS";"en-US";"";"Title";"c:\projetos\AtlasWeb\FiscalNFTerceirosItens.dfm"
"fFiscalNFTerceirosItens.cValor_BCICMSOp";"BC ICMS Oper.";"en-US";"";"FieldLabel";"c:\projetos\AtlasWeb\FiscalNFTerceirosItens.dfm"
"fFiscalNFTerceirosItens.cValor_ICMS";"Valor";"en-US";"";"FieldLabel";"c:\projetos\AtlasWeb\FiscalNFTerceirosItens.dfm"
"fFiscalNFTerceirosItens.cTotalICMSOp";"Total";"en-US";"";"FieldLabel";"c:\projetos\AtlasWeb\FiscalNFTerceirosItens.dfm"
"fFiscalNFTerceirosItens.UniDBLookupComboBox3";"CST - Tabela A";"en-US";"";"FieldLabel";"c:\projetos\AtlasWeb\FiscalNFTerceirosItens.dfm"
"fFiscalNFTerceirosItens.cCSTICMS";"CST -  Tabela B";"en-US";"";"FieldLabel";"c:\projetos\AtlasWeb\FiscalNFTerceirosItens.dfm"
"fFiscalNFTerceirosItens.cAliquota_ICMSOp";"Alíquota";"en-US";"";"FieldLabel";"c:\projetos\AtlasWeb\FiscalNFTerceirosItens.dfm"
"fFiscalNFTerceirosItens.cValor_ICMSST";"Valor";"en-US";"";"FieldLabel";"c:\projetos\AtlasWeb\FiscalNFTerceirosItens.dfm"
"fFiscalNFTerceirosItens.cTotalICMSST";"Total";"en-US";"";"FieldLabel";"c:\projetos\AtlasWeb\FiscalNFTerceirosItens.dfm"
"fFiscalNFTerceirosItens.cValor_BCICMSST";"BC ICMS ST";"en-US";"";"FieldLabel";"c:\projetos\AtlasWeb\FiscalNFTerceirosItens.dfm"
"fFiscalNFTerceirosItens.cAliquota_ICMSST";"Alíquota";"en-US";"";"FieldLabel";"c:\projetos\AtlasWeb\FiscalNFTerceirosItens.dfm"
"fFiscalNFTerceirosItens.cAliquota_MVA";"Alíquota";"en-US";"";"FieldLabel";"c:\projetos\AtlasWeb\FiscalNFTerceirosItens.dfm"
"fFiscalNFTerceirosItens.cValor_BCMVA";"BC MVA";"en-US";"";"FieldLabel";"c:\projetos\AtlasWeb\FiscalNFTerceirosItens.dfm"
"fFiscalNFTerceirosItens.cValor_MVA";"Valor";"en-US";"";"FieldLabel";"c:\projetos\AtlasWeb\FiscalNFTerceirosItens.dfm"
"fFiscalNFTerceirosItens.cTotalMVA";"Total";"en-US";"";"FieldLabel";"c:\projetos\AtlasWeb\FiscalNFTerceirosItens.dfm"
"fFiscalNFTerceirosItens.cValor_OutrasICMS";"Outras de ICMS";"en-US";"";"FieldLabel";"c:\projetos\AtlasWeb\FiscalNFTerceirosItens.dfm"
"fFiscalNFTerceirosItens.cValor_IsentasICMS";"Isentas de ICMS";"en-US";"";"FieldLabel";"c:\projetos\AtlasWeb\FiscalNFTerceirosItens.dfm"
"fFiscalNFTerceirosItens.cTotalOutrasICMS";"Total";"en-US";"";"FieldLabel";"c:\projetos\AtlasWeb\FiscalNFTerceirosItens.dfm"
"fFiscalNFTerceirosItens.cTotalIsentasICMS";"Total";"en-US";"";"FieldLabel";"c:\projetos\AtlasWeb\FiscalNFTerceirosItens.dfm"
"fFiscalNFTerceirosItens.UniPanel6";"Programa de Integração Social - PIS";"en-US";"";"Title";"c:\projetos\AtlasWeb\FiscalNFTerceirosItens.dfm"
"fFiscalNFTerceirosItens.cValor_BCPIS";"BC PIS";"en-US";"";"FieldLabel";"c:\projetos\AtlasWeb\FiscalNFTerceirosItens.dfm"
"fFiscalNFTerceirosItens.cTotalPIS";"Total";"en-US";"";"FieldLabel";"c:\projetos\AtlasWeb\FiscalNFTerceirosItens.dfm"
"fFiscalNFTerceirosItens.cValor_PIS";"Valor";"en-US";"";"FieldLabel";"c:\projetos\AtlasWeb\FiscalNFTerceirosItens.dfm"
"fFiscalNFTerceirosItens.cAliquota_PIS";"Alíquota";"en-US";"";"FieldLabel";"c:\projetos\AtlasWeb\FiscalNFTerceirosItens.dfm"
"fFiscalNFTerceirosItens.cCSTPIS";"CST PIS";"en-US";"";"FieldLabel";"c:\projetos\AtlasWeb\FiscalNFTerceirosItens.dfm"
"fFiscalNFTerceirosItens.UniPanel7";"Imposto sobre Produtos Industrializados - IPI";"en-US";"";"Title";"c:\projetos\AtlasWeb\FiscalNFTerceirosItens.dfm"
"fFiscalNFTerceirosItens.cCSTIPI";"CST IPI";"en-US";"";"FieldLabel";"c:\projetos\AtlasWeb\FiscalNFTerceirosItens.dfm"
"fFiscalNFTerceirosItens.cAliquota_IPI";"Alíquota";"en-US";"";"FieldLabel";"c:\projetos\AtlasWeb\FiscalNFTerceirosItens.dfm"
"fFiscalNFTerceirosItens.cValor_BCIPI";"BC IPI";"en-US";"";"FieldLabel";"c:\projetos\AtlasWeb\FiscalNFTerceirosItens.dfm"
"fFiscalNFTerceirosItens.cValor_IPI";"Valor";"en-US";"";"FieldLabel";"c:\projetos\AtlasWeb\FiscalNFTerceirosItens.dfm"
"fFiscalNFTerceirosItens.cValor_OutrasIPI";"Outras de IPI";"en-US";"";"FieldLabel";"c:\projetos\AtlasWeb\FiscalNFTerceirosItens.dfm"
"fFiscalNFTerceirosItens.cTotalIPI";"Total";"en-US";"";"FieldLabel";"c:\projetos\AtlasWeb\FiscalNFTerceirosItens.dfm"
"fFiscalNFTerceirosItens.cTotalOutrasIPI";"Total";"en-US";"";"FieldLabel";"c:\projetos\AtlasWeb\FiscalNFTerceirosItens.dfm"
"fFiscalNFTerceirosItens.cValor_IsentasIPI";"Isentas de IPI";"en-US";"";"FieldLabel";"c:\projetos\AtlasWeb\FiscalNFTerceirosItens.dfm"
"fFiscalNFTerceirosItens.cTotalIsentasIPI";"Total";"en-US";"";"FieldLabel";"c:\projetos\AtlasWeb\FiscalNFTerceirosItens.dfm"
"fFiscalNFTerceirosItens.UniPanel9";"Contribuição para o Financiamento da Seguridade Social - COFINS";"en-US";"";"Title";"c:\projetos\AtlasWeb\FiscalNFTerceirosItens.dfm"
"fFiscalNFTerceirosItens.cValor_BCCOFINS";"BC COFINS";"en-US";"";"FieldLabel";"c:\projetos\AtlasWeb\FiscalNFTerceirosItens.dfm"
"fFiscalNFTerceirosItens.cTotalCOFINS";"Total";"en-US";"";"FieldLabel";"c:\projetos\AtlasWeb\FiscalNFTerceirosItens.dfm"
"fFiscalNFTerceirosItens.cValor_COFINS";"Valor";"en-US";"";"FieldLabel";"c:\projetos\AtlasWeb\FiscalNFTerceirosItens.dfm"
"fFiscalNFTerceirosItens.cAliquota_COFINS";"Alíquota";"en-US";"";"FieldLabel";"c:\projetos\AtlasWeb\FiscalNFTerceirosItens.dfm"
"fFiscalNFTerceirosItens.cCSTCOFINS";"CST COFINS";"en-US";"";"FieldLabel";"c:\projetos\AtlasWeb\FiscalNFTerceirosItens.dfm"
"fFiscalNFTerceirosItens.UniTabSheet2";"Fórmulas";"en-US";"";"Caption";"c:\projetos\AtlasWeb\FiscalNFTerceirosItens.dfm"
"fFiscalNFTerceirosItens.cLog";"LOG";"en-US";"";"FieldLabel";"c:\projetos\AtlasWeb\FiscalNFTerceirosItens.dfm"
"fFiscalNFTerceirosItens.Alerta";"Title";"en-US";"";"Title";"c:\projetos\AtlasWeb\FiscalNFTerceirosItens.dfm"
"fFiscal_BloquearPeriodo.bFechar";"Fecha a tela de cadastro atual.";"en-US";"";"Hint";"c:\projetos\AtlasWeb\Fiscal_BloquearPeriodo.dfm"
"fFiscal_BloquearPeriodo.bBloquearMes";"Fecha a janela atual e cancela os processos pendentes.";"en-US";"";"Hint";"c:\projetos\AtlasWeb\Fiscal_BloquearPeriodo.dfm"
"fFiscal_BloquearPeriodo.bBloquearMes";"Desbloquear Mês";"en-US";"";"Caption";"c:\projetos\AtlasWeb\Fiscal_BloquearPeriodo.dfm"
"fFiscal_BloquearPeriodo.bBloqTudo";"Fecha a janela atual e cancela os processos pendentes.";"en-US";"";"Hint";"c:\projetos\AtlasWeb\Fiscal_BloquearPeriodo.dfm"
"fFiscal_BloquearPeriodo.bBloqTudo";"Bloquear Tudo";"en-US";"";"Caption";"c:\projetos\AtlasWeb\Fiscal_BloquearPeriodo.dfm"
"fFiscal_BloquearPeriodo.bDesTudo";"Fecha a janela atual e cancela os processos pendentes.";"en-US";"";"Hint";"c:\projetos\AtlasWeb\Fiscal_BloquearPeriodo.dfm"
"fFiscal_BloquearPeriodo.bDesTudo";"Desbloquear Tudo";"en-US";"";"Caption";"c:\projetos\AtlasWeb\Fiscal_BloquearPeriodo.dfm"
"fFiscal_BloquearPeriodo.aLista";"Meses Movimentados";"en-US";"";"Caption";"c:\projetos\AtlasWeb\Fiscal_BloquearPeriodo.dfm"
"fFiscal_BloquearPeriodo.cAno";"Ano";"en-US";"";"FieldLabel";"c:\projetos\AtlasWeb\Fiscal_BloquearPeriodo.dfm"
"fFiscal_BloquearPeriodo.cTodos";"Todos os Anos";"en-US";"";"Caption";"c:\projetos\AtlasWeb\Fiscal_BloquearPeriodo.dfm"
"fFiscal_BloquearPeriodo.UniSpeedButton1";"  Atualiza os dados do endereço";"en-US";"";"Hint";"c:\projetos\AtlasWeb\Fiscal_BloquearPeriodo.dfm"
"fFiscal_BloquearPeriodo.Alerta";"Data inválida!";"en-US";"";"Title";"c:\projetos\AtlasWeb\Fiscal_BloquearPeriodo.dfm"
"Cadastro_Alugueis.RxLabel3";"ARMAZENS";"en-US";"";"Caption";"c:\projetos\AtlasWeb\frmCadastro_Alugueis.dfm"
"Cadastro_Alugueis.RxLabel4";"Manutenção da tabela de armazens.";"en-US";"";"Caption";"c:\projetos\AtlasWeb\frmCadastro_Alugueis.dfm"
"Cadastro_Alugueis.bSair";"Fecha a janela atual e cancela os processos pendentes.";"en-US";"";"Hint";"c:\projetos\AtlasWeb\frmCadastro_Alugueis.dfm"
"Cadastro_Alugueis.bSair";"&Sair";"en-US";"";"Caption";"c:\projetos\AtlasWeb\frmCadastro_Alugueis.dfm"
"Cadastro_Alugueis.StaticText1";"Código";"en-US";"";"Caption";"c:\projetos\AtlasWeb\frmCadastro_Alugueis.dfm"
"Cadastro_Alugueis.StaticText5";"Descrição";"en-US";"";"Caption";"c:\projetos\AtlasWeb\frmCadastro_Alugueis.dfm"
"Cadastro_Alugueis.StaticText2";"Data Término";"en-US";"";"Caption";"c:\projetos\AtlasWeb\frmCadastro_Alugueis.dfm"
"Cadastro_Alugueis.StaticText4";"Valor";"en-US";"";"Caption";"c:\projetos\AtlasWeb\frmCadastro_Alugueis.dfm"
"Cadastro_Alugueis.StaticText6";"Data Inicio";"en-US";"";"Caption";"c:\projetos\AtlasWeb\frmCadastro_Alugueis.dfm"
"Cadastro_Alugueis.StaticText7";"Dia Vencimento";"en-US";"";"Caption";"c:\projetos\AtlasWeb\frmCadastro_Alugueis.dfm"
"Cadastro_Alugueis.StaticText3";"Aliquota PIS";"en-US";"";"Caption";"c:\projetos\AtlasWeb\frmCadastro_Alugueis.dfm"
"Cadastro_Alugueis.StaticText8";"Aliquota COFINS";"en-US";"";"Caption";"c:\projetos\AtlasWeb\frmCadastro_Alugueis.dfm"
"Cadastro_Alugueis.RxLabel1";"ALUGUEIS";"en-US";"";"Caption";"c:\projetos\AtlasWeb\frmCadastro_Alugueis.dfm"
"Cadastro_Alugueis.RxLabel2";"Cadastro de imoveis alugados.";"en-US";"";"Caption";"c:\projetos\AtlasWeb\frmCadastro_Alugueis.dfm"
"Despacho_LI.RxLabel4";"Solicitação de LI";"en-US";"";"Caption";"c:\projetos\AtlasWeb\frmDespacho_LI.dfm"
"Despacho_LI.RxLabel3";"DESPACHO";"en-US";"";"Caption";"c:\projetos\AtlasWeb\frmDespacho_LI.dfm"
"Despacho_LI.TabSheet3";"Lista";"en-US";"";"Caption";"c:\projetos\AtlasWeb\frmDespacho_LI.dfm"
"Despacho_LI.StaticText30";"Pesquisar";"en-US";"";"Caption";"c:\projetos\AtlasWeb\frmDespacho_LI.dfm"
"Despacho_LI.TabSheet1";"Dados Principais";"en-US";"";"Caption";"c:\projetos\AtlasWeb\frmDespacho_LI.dfm"
"Despacho_LI.StaticText51";"URF Despacho";"en-US";"";"Caption";"c:\projetos\AtlasWeb\frmDespacho_LI.dfm"
"Despacho_LI.StaticText59";"Processo";"en-US";"";"Caption";"c:\projetos\AtlasWeb\frmDespacho_LI.dfm"
"Despacho_LI.StaticText107";"Pais Procedência";"en-US";"";"Caption";"c:\projetos\AtlasWeb\frmDespacho_LI.dfm"
"Despacho_LI.StaticText1";"Invoice";"en-US";"";"Caption";"c:\projetos\AtlasWeb\frmDespacho_LI.dfm"
"Despacho_LI.StaticText2";"URF Entrada";"en-US";"";"Caption";"c:\projetos\AtlasWeb\frmDespacho_LI.dfm"
"Despacho_LI.StaticText4";"Moeda";"en-US";"";"Caption";"c:\projetos\AtlasWeb\frmDespacho_LI.dfm"
"Despacho_LI.StaticText5";"Tipo de Fornecedor";"en-US";"";"Caption";"c:\projetos\AtlasWeb\frmDespacho_LI.dfm"
"Despacho_LI.StaticText6";"Condição Mercadoria";"en-US";"";"Caption";"c:\projetos\AtlasWeb\frmDespacho_LI.dfm"
"Despacho_LI.StaticText7";"Exportador";"en-US";"";"Caption";"c:\projetos\AtlasWeb\frmDespacho_LI.dfm"
"Despacho_LI.StaticText8";"INCOTERMS";"en-US";"";"Caption";"c:\projetos\AtlasWeb\frmDespacho_LI.dfm"
"Despacho_LI.StaticText9";"Orgão Anuente";"en-US";"";"Caption";"c:\projetos\AtlasWeb\frmDespacho_LI.dfm"
"Despacho_LI.StaticText10";"NCM";"en-US";"";"Caption";"c:\projetos\AtlasWeb\frmDespacho_LI.dfm"
"Despacho_LI.StaticText11";"Processo Anuente";"en-US";"";"Caption";"c:\projetos\AtlasWeb\frmDespacho_LI.dfm"
"Despacho_LI.StaticText13";"DrawBack";"en-US";"";"Caption";"c:\projetos\AtlasWeb\frmDespacho_LI.dfm"
"Despacho_LI.StaticText14";"Cobertura Cambial";"en-US";"";"Caption";"c:\projetos\AtlasWeb\frmDespacho_LI.dfm"
"Despacho_LI.StaticText15";"Regime Tributação";"en-US";"";"Caption";"c:\projetos\AtlasWeb\frmDespacho_LI.dfm"
"Despacho_LI.StaticText16";"Acordo Tarifário";"en-US";"";"Caption";"c:\projetos\AtlasWeb\frmDespacho_LI.dfm"
"Despacho_LI.StaticText17";"Fundamento Legal";"en-US";"";"Caption";"c:\projetos\AtlasWeb\frmDespacho_LI.dfm"
"Despacho_LI.StaticText18";"Modalidade Pgto";"en-US";"";"Caption";"c:\projetos\AtlasWeb\frmDespacho_LI.dfm"
"Despacho_LI.StaticText19";"Limite Pgto(Dias)";"en-US";"";"Caption";"c:\projetos\AtlasWeb\frmDespacho_LI.dfm"
"Despacho_LI.StaticText20";"Informações Complementares";"en-US";"";"Caption";"c:\projetos\AtlasWeb\frmDespacho_LI.dfm"
"Despacho_LI.StaticText3";"Inst.Financiadora";"en-US";"";"Caption";"c:\projetos\AtlasWeb\frmDespacho_LI.dfm"
"Despacho_LI.StaticText12";"Motivo Imp.s/Cobert.";"en-US";"";"Caption";"c:\projetos\AtlasWeb\frmDespacho_LI.dfm"
"Despacho_LI.StaticText27";"LI nº";"en-US";"";"Caption";"c:\projetos\AtlasWeb\frmDespacho_LI.dfm"
"Despacho_LI.StaticText28";"Registro";"en-US";"";"Caption";"c:\projetos\AtlasWeb\frmDespacho_LI.dfm"
"Despacho_LI.GroupBox1";"Totais da SLI";"en-US";"";"Caption";"c:\projetos\AtlasWeb\frmDespacho_LI.dfm"
"Despacho_LI.Label13";"Itens:";"en-US";"";"Caption";"c:\projetos\AtlasWeb\frmDespacho_LI.dfm"
"Despacho_LI.Label14";"Peso Líquido:";"en-US";"";"Caption";"c:\projetos\AtlasWeb\frmDespacho_LI.dfm"
"Despacho_LI.Label16";"Total na Condição de Venda:";"en-US";"";"Caption";"c:\projetos\AtlasWeb\frmDespacho_LI.dfm"
"Despacho_LI.Label1";"Total o Local de Embarque:";"en-US";"";"Caption";"c:\projetos\AtlasWeb\frmDespacho_LI.dfm"
"Despacho_LI.TabSheet2";"Itens";"en-US";"";"Caption";"c:\projetos\AtlasWeb\frmDespacho_LI.dfm"
"Despacho_LI.StaticText21";"Produto";"en-US";"";"Caption";"c:\projetos\AtlasWeb\frmDespacho_LI.dfm"
"Despacho_LI.StaticText22";"Peso Líquido";"en-US";"";"Caption";"c:\projetos\AtlasWeb\frmDespacho_LI.dfm"
"Despacho_LI.StaticText23";"Qtde.Unidade Comercializada";"en-US";"";"Caption";"c:\projetos\AtlasWeb\frmDespacho_LI.dfm"
"Despacho_LI.StaticText24";"Valor no Local do Embarque";"en-US";"";"Caption";"c:\projetos\AtlasWeb\frmDespacho_LI.dfm"
"Despacho_LI.StaticText25";"Qtde.na Medida Estatística";"en-US";"";"Caption";"c:\projetos\AtlasWeb\frmDespacho_LI.dfm"
"Despacho_LI.StaticText26";"Valor na Condição de Venda ";"en-US";"";"Caption";"c:\projetos\AtlasWeb\frmDespacho_LI.dfm"
"Despacho_LI.StaticText31";"Itens";"en-US";"";"Caption";"c:\projetos\AtlasWeb\frmDespacho_LI.dfm"
"Despacho_LI.lTotal";"Valor Total";"en-US";"";"Caption";"c:\projetos\AtlasWeb\frmDespacho_LI.dfm"
"Despacho_LI.bSair";"Fecha a janela atual e cancela os processos pendentes.";"en-US";"";"Hint";"c:\projetos\AtlasWeb\frmDespacho_LI.dfm"
"Despacho_LI.bSair";"&Sair";"en-US";"";"Caption";"c:\projetos\AtlasWeb\frmDespacho_LI.dfm"
"TelaLogin.UniLabel1";"Login";"en-US";"";"Caption";"c:\projetos\AtlasWeb\Login.dfm"
"TelaLogin.bEntrar";"ENTRAR";"en-US";"";"Caption";"c:\projetos\AtlasWeb\Login.dfm"
"fLogisticaContainer.bAdicionar";"Adicionar novo registro.";"en-US";"";"Hint";"c:\projetos\AtlasWeb\LogisticaContainer.dfm"
"fLogisticaContainer.bEditar";"Editar registro corrente.";"en-US";"";"Hint";"c:\projetos\AtlasWeb\LogisticaContainer.dfm"
"fLogisticaContainer.bExcluir";"Excluir registro corrente.";"en-US";"";"Hint";"c:\projetos\AtlasWeb\LogisticaContainer.dfm"
"fLogisticaContainer.bCancelar";"Cancelar modificações feitas no registro corrente.";"en-US";"";"Hint";"c:\projetos\AtlasWeb\LogisticaContainer.dfm"
"fLogisticaContainer.bGravar";"Salva o registro corrente.";"en-US";"";"Hint";"c:\projetos\AtlasWeb\LogisticaContainer.dfm"
"fLogisticaContainer.bFechar";"Fecha a tela de cadastro atual.";"en-US";"";"Hint";"c:\projetos\AtlasWeb\LogisticaContainer.dfm"
"fLogisticaContainer.aLista";"Lista";"en-US";"";"Caption";"c:\projetos\AtlasWeb\LogisticaContainer.dfm"
"fLogisticaContainer.UniTabSheet1";"Dados Gerais";"en-US";"";"Caption";"c:\projetos\AtlasWeb\LogisticaContainer.dfm"
"fLogisticaContainer.pFicha";"DADOS GERAIS";"en-US";"";"Title";"c:\projetos\AtlasWeb\LogisticaContainer.dfm"
"fLogisticaContainer.cNumero";"Container Nº";"en-US";"";"FieldLabel";"c:\projetos\AtlasWeb\LogisticaContainer.dfm"
"fLogisticaContainer.cHora_Entrada";"Hora";"en-US";"";"FieldLabel";"c:\projetos\AtlasWeb\LogisticaContainer.dfm"
"fLogisticaContainer.cHora_Saida";"Hora";"en-US";"";"FieldLabel";"c:\projetos\AtlasWeb\LogisticaContainer.dfm"
"fLogisticaContainer.cFree_Time";"Free Time (Dias)";"en-US";"";"FieldLabel";"c:\projetos\AtlasWeb\LogisticaContainer.dfm"
"fLogisticaContainer.cTipo";"Tipo Container";"en-US";"";"FieldLabel";"c:\projetos\AtlasWeb\LogisticaContainer.dfm"
"fLogisticaContainer.cTamanho";"Tamanho";"en-US";"";"FieldLabel";"c:\projetos\AtlasWeb\LogisticaContainer.dfm"
"fLogisticaContainer.cArmador";"Armador";"en-US";"";"FieldLabel";"c:\projetos\AtlasWeb\LogisticaContainer.dfm"
"fLogisticaContainer.clArmazem";"Armazém";"en-US";"";"FieldLabel";"c:\projetos\AtlasWeb\LogisticaContainer.dfm"
"fLogisticaContainer.cDocumento_Carga";"Conh.Embarque";"en-US";"";"FieldLabel";"c:\projetos\AtlasWeb\LogisticaContainer.dfm"
"fLogisticaContainer.cTerminal";"Terminal";"en-US";"";"FieldLabel";"c:\projetos\AtlasWeb\LogisticaContainer.dfm"
"fLogisticaContainer.cHora_Entrega";"Hora";"en-US";"";"FieldLabel";"c:\projetos\AtlasWeb\LogisticaContainer.dfm"
"fLogisticaContainer.clTransportadora_Entrada";"Transportadora";"en-US";"";"FieldLabel";"c:\projetos\AtlasWeb\LogisticaContainer.dfm"
"fLogisticaContainer.clTransportadora_Saida";"Transportadora";"en-US";"";"FieldLabel";"c:\projetos\AtlasWeb\LogisticaContainer.dfm"
"fLogisticaContainer.cTipo_Embarque";"Tipo Embarque";"en-US";"";"FieldLabel";"c:\projetos\AtlasWeb\LogisticaContainer.dfm"
"fLogisticaContainer.cDemurrage";"Demurrage";"en-US";"";"FieldLabel";"c:\projetos\AtlasWeb\LogisticaContainer.dfm"
"fLogisticaContainer.cTotalME";"Total (ME)";"en-US";"";"FieldLabel";"c:\projetos\AtlasWeb\LogisticaContainer.dfm"
"fLogisticaContainer.cTotalReal";"Total (Real)";"en-US";"";"FieldLabel";"c:\projetos\AtlasWeb\LogisticaContainer.dfm"
"fLogisticaContainer.cTaxa";"Taxa";"en-US";"";"FieldLabel";"c:\projetos\AtlasWeb\LogisticaContainer.dfm"
"fLogisticaContainer.cValor_Demurrage";"Valor Demurrage";"en-US";"";"FieldLabel";"c:\projetos\AtlasWeb\LogisticaContainer.dfm"
"fLogisticaContainer.cObservacao";"Observação";"en-US";"";"FieldLabel";"c:\projetos\AtlasWeb\LogisticaContainer.dfm"
"fLogisticaContainer.cData_Entrada";"Entrada";"en-US";"";"FieldLabel";"c:\projetos\AtlasWeb\LogisticaContainer.dfm"
"fLogisticaContainer.cData_Saida";"Previsão Saída";"en-US";"";"FieldLabel";"c:\projetos\AtlasWeb\LogisticaContainer.dfm"
"fLogisticaContainer.cData_Entrega";"Entrega";"en-US";"";"FieldLabel";"c:\projetos\AtlasWeb\LogisticaContainer.dfm"
"fLogisticaContainer.cData_Pagamento";"Pagamento";"en-US";"";"FieldLabel";"c:\projetos\AtlasWeb\LogisticaContainer.dfm"
"MainForm.pInicio";"Inicio";"en-US";"";"Caption";"c:\projetos\AtlasWeb\Main.dfm"
"MainForm.UniButton1";"Buscar DUIMP";"en-US";"";"Caption";"c:\projetos\AtlasWeb\Main.dfm"
"MainForm.lUser";"lUser";"en-US";"";"Caption";"c:\projetos\AtlasWeb\Main.dfm"
"MainForm.pFoto";"pFoto";"en-US";"";"Caption";"c:\projetos\AtlasWeb\Main.dfm"
"MainForm.UniPanel1";"pFoto";"en-US";"";"Caption";"c:\projetos\AtlasWeb\Main.dfm"
"MainForm.bFecharTodos";"Fechar Abas";"en-US";"";"Caption";"c:\projetos\AtlasWeb\Main.dfm"
"MainForm.bMudarEmpresa";"Trocar Empresa";"en-US";"";"Caption";"c:\projetos\AtlasWeb\Main.dfm"
"MainForm.bMenu";"<i class=""fa fa-bars"" aria-hidden=""true""></i>";"en-US";"";"Caption";"c:\projetos\AtlasWeb\Main.dfm"
"MainForm.bFechar";"Fecha a tela de cadastro atual.";"en-US";"";"Hint";"c:\projetos\AtlasWeb\Main.dfm"
"fCadImpostos.aLista";"Lista";"en-US";"";"Caption";"c:\projetos\AtlasWeb\Removidos\CadImpostos.dfm"
"fCadImpostos.UniTabSheet1";"Dados Gerais";"en-US";"";"Caption";"c:\projetos\AtlasWeb\Removidos\CadImpostos.dfm"
"fCadImpostos.pFicha1";"DADOS GERAIS";"en-US";"";"Title";"c:\projetos\AtlasWeb\Removidos\CadImpostos.dfm"
"fCadImpostos.cCodigo";"Código";"en-US";"";"FieldLabel";"c:\projetos\AtlasWeb\Removidos\CadImpostos.dfm"
"fCadImpostos.cCodigo_SRF";"Código Orgão";"en-US";"";"FieldLabel";"c:\projetos\AtlasWeb\Removidos\CadImpostos.dfm"
"fCadImpostos.cDescricao";"Descrição";"en-US";"";"FieldLabel";"c:\projetos\AtlasWeb\Removidos\CadImpostos.dfm"
"fCadImpostos.cValor";"Alíquota";"en-US";"";"FieldLabel";"c:\projetos\AtlasWeb\Removidos\CadImpostos.dfm"
"fCadImpostos.cDia_Vencimento";"Vencimento (Dia)";"en-US";"";"FieldLabel";"c:\projetos\AtlasWeb\Removidos\CadImpostos.dfm"
"fCadImpostos.UniGroupBox4";"Parâmetrização Financeira";"en-US";"";"Caption";"c:\projetos\AtlasWeb\Removidos\CadImpostos.dfm"
"fCadImpostos.cOrgao";"Orgão";"en-US";"";"FieldLabel";"c:\projetos\AtlasWeb\Removidos\CadImpostos.dfm"
"fCadImpostos.cClassificacao_Financeira";"Plano Financeiro";"en-US";"";"FieldLabel";"c:\projetos\AtlasWeb\Removidos\CadImpostos.dfm"
"fCadImpostos.cDocumento";"Documento";"en-US";"";"FieldLabel";"c:\projetos\AtlasWeb\Removidos\CadImpostos.dfm"
"fCadImpostos.UniGroupBox1";"Parâmetrização Contabil";"en-US";"";"Caption";"c:\projetos\AtlasWeb\Removidos\CadImpostos.dfm"
"fCadImpostos.cConta_D";"Conta (Débito)";"en-US";"";"FieldLabel";"c:\projetos\AtlasWeb\Removidos\CadImpostos.dfm"
"fCadImpostos.cConta_C";"Conta (Crédito";"en-US";"";"FieldLabel";"c:\projetos\AtlasWeb\Removidos\CadImpostos.dfm"
"fCadImpostos.cHistorico";"Histórico";"en-US";"";"FieldLabel";"c:\projetos\AtlasWeb\Removidos\CadImpostos.dfm"
"fCadImpostos.bAdicionar";"Adicionar novo registro.";"en-US";"";"Hint";"c:\projetos\AtlasWeb\Removidos\CadImpostos.dfm"
"fCadImpostos.bEditar";"Editar registro corrente.";"en-US";"";"Hint";"c:\projetos\AtlasWeb\Removidos\CadImpostos.dfm"
"fCadImpostos.bExcluir";"Excluir registro corrente.";"en-US";"";"Hint";"c:\projetos\AtlasWeb\Removidos\CadImpostos.dfm"
"fCadImpostos.bCancelar";"Cancelar modificações feitas no registro corrente.";"en-US";"";"Hint";"c:\projetos\AtlasWeb\Removidos\CadImpostos.dfm"
"fCadImpostos.bSalvar";"Salva o registro corrente.";"en-US";"";"Hint";"c:\projetos\AtlasWeb\Removidos\CadImpostos.dfm"
"fCadImpostos.bFechar";"Fecha a tela de cadastro atual.";"en-US";"";"Hint";"c:\projetos\AtlasWeb\Removidos\CadImpostos.dfm"
"fCadPlanoContas.UniTabSheet1";"Dados Gerais";"en-US";"";"Caption";"c:\projetos\AtlasWeb\Removidos\CadPlanoContas.dfm"
"fCadPlanoContas.pFicha1";"DADOS GERAIS";"en-US";"";"Title";"c:\projetos\AtlasWeb\Removidos\CadPlanoContas.dfm"
"fCadPlanoContas.cConta";"Conta";"en-US";"";"FieldLabel";"c:\projetos\AtlasWeb\Removidos\CadPlanoContas.dfm"
"fCadPlanoContas.cCodigo";"Código";"en-US";"";"FieldLabel";"c:\projetos\AtlasWeb\Removidos\CadPlanoContas.dfm"
"fCadPlanoContas.cNome";"Nome";"en-US";"";"FieldLabel";"c:\projetos\AtlasWeb\Removidos\CadPlanoContas.dfm"
"fCadPlanoContas.cSaldo_Anterior";"Saldo Anterior";"en-US";"";"FieldLabel";"c:\projetos\AtlasWeb\Removidos\CadPlanoContas.dfm"
"fCadPlanoContas.cData_Inclusao";"Data da Inclusão";"en-US";"";"FieldLabel";"c:\projetos\AtlasWeb\Removidos\CadPlanoContas.dfm"
"fCadPlanoContas.UniGroupBox1";"Opções da Conta";"en-US";"";"Caption";"c:\projetos\AtlasWeb\Removidos\CadPlanoContas.dfm"
"fCadPlanoContas.cSintetica";"Sintética";"en-US";"";"Caption";"c:\projetos\AtlasWeb\Removidos\CadPlanoContas.dfm"
"fCadPlanoContas.cLALUR";"LALUR";"en-US";"";"Caption";"c:\projetos\AtlasWeb\Removidos\CadPlanoContas.dfm"
"fCadPlanoContas.cMostrar_Balanco";"Mostrar no Balanço";"en-US";"";"Caption";"c:\projetos\AtlasWeb\Removidos\CadPlanoContas.dfm"
"fCadPlanoContas.cDRE";"Demonstrativo de Resultado (DRE)";"en-US";"";"Caption";"c:\projetos\AtlasWeb\Removidos\CadPlanoContas.dfm"
"fCadPlanoContas.cConta_Resultado";"Conta de Resultado";"en-US";"";"Caption";"c:\projetos\AtlasWeb\Removidos\CadPlanoContas.dfm"
"fCadPlanoContas.cTerceiros_Grupo";"Terceiros";"en-US";"";"FieldLabel";"c:\projetos\AtlasWeb\Removidos\CadPlanoContas.dfm"
"fCadPlanoContas.cNatureza";"Natureza da Conta";"en-US";"";"Caption";"c:\projetos\AtlasWeb\Removidos\CadPlanoContas.dfm"
"fCadPlanoContas.cGrupo";"Grupo";"en-US";"";"FieldLabel";"c:\projetos\AtlasWeb\Removidos\CadPlanoContas.dfm"
"fCadPlanoContas.cConta_ECF";"Conta Referêncial (ECF)";"en-US";"";"FieldLabel";"c:\projetos\AtlasWeb\Removidos\CadPlanoContas.dfm"
"fCadPlanoFinanceiro.aLista";"Lista";"en-US";"";"Caption";"c:\projetos\AtlasWeb\Removidos\CadPlanoFinanceiro.dfm"
"fCadPlanoFinanceiro.UniTabSheet1";"Plano de Contas (Financeiro)";"en-US";"";"Caption";"c:\projetos\AtlasWeb\Removidos\CadPlanoFinanceiro.dfm"
"fCadPlanoFinanceiro.pFicha1";"Plano Financeiro / Contabil (Plano Financeiro)";"en-US";"";"Title";"c:\projetos\AtlasWeb\Removidos\CadPlanoFinanceiro.dfm"
"fCadPlanoFinanceiro.cCodigo";"Código";"en-US";"";"FieldLabel";"c:\projetos\AtlasWeb\Removidos\CadPlanoFinanceiro.dfm"
"fCadPlanoFinanceiro.cNome";"Nome Financeiro";"en-US";"";"FieldLabel";"c:\projetos\AtlasWeb\Removidos\CadPlanoFinanceiro.dfm"
"fCadPlanoFinanceiro.UniDBRadioGroup1";"Tipo de Movimento";"en-US";"";"Caption";"c:\projetos\AtlasWeb\Removidos\CadPlanoFinanceiro.dfm"
"fCadPlanoFinanceiro.cModalidade_Importacao";"Modalidade de Importação";"en-US";"";"FieldLabel";"c:\projetos\AtlasWeb\Removidos\CadPlanoFinanceiro.dfm"
"fCadPlanoFinanceiro.UniGroupBox1";"Parâmetros Financeiros";"en-US";"";"Caption";"c:\projetos\AtlasWeb\Removidos\CadPlanoFinanceiro.dfm"
"fCadPlanoFinanceiro.cRelatorio";"Não listar nos Relatórios";"en-US";"";"Caption";"c:\projetos\AtlasWeb\Removidos\CadPlanoFinanceiro.dfm"
"fCadPlanoFinanceiro.cCambio";"Câmbio";"en-US";"";"Caption";"c:\projetos\AtlasWeb\Removidos\CadPlanoFinanceiro.dfm"
"fCadPlanoFinanceiro.cTitulo";"Título";"en-US";"";"Caption";"c:\projetos\AtlasWeb\Removidos\CadPlanoFinanceiro.dfm"
"fCadPlanoFinanceiro.cCusto";"Custo de Saída";"en-US";"";"Caption";"c:\projetos\AtlasWeb\Removidos\CadPlanoFinanceiro.dfm"
"fCadPlanoFinanceiro.cSomente_Faturamento";"Somente Faturamento";"en-US";"";"Caption";"c:\projetos\AtlasWeb\Removidos\CadPlanoFinanceiro.dfm"
"fCadPlanoFinanceiro.cAdiantamento";"Adiantamento";"en-US";"";"Caption";"c:\projetos\AtlasWeb\Removidos\CadPlanoFinanceiro.dfm"
"fCadPlanoFinanceiro.cDevolucao";"Devolução";"en-US";"";"Caption";"c:\projetos\AtlasWeb\Removidos\CadPlanoFinanceiro.dfm"
"fCadPlanoFinanceiro.cCusto_Seletivo";"Custo Seletivo";"en-US";"";"Caption";"c:\projetos\AtlasWeb\Removidos\CadPlanoFinanceiro.dfm"
"fCadPlanoFinanceiro.cTransferencia";"Transferência";"en-US";"";"Caption";"c:\projetos\AtlasWeb\Removidos\CadPlanoFinanceiro.dfm"
"fCadPlanoFinanceiro.cFechamento_Processo";"Fechamento do Processo";"en-US";"";"Caption";"c:\projetos\AtlasWeb\Removidos\CadPlanoFinanceiro.dfm"
"fCadPlanoFinanceiro.cCusto_Entrada";"Custo Entrada";"en-US";"";"Caption";"c:\projetos\AtlasWeb\Removidos\CadPlanoFinanceiro.dfm"
"fCadPlanoFinanceiro.cBoleto";"Boleto";"en-US";"";"Caption";"c:\projetos\AtlasWeb\Removidos\CadPlanoFinanceiro.dfm"
"fCadPlanoFinanceiro.cDespesa_Fixa";"Despesa Fixa";"en-US";"";"Caption";"c:\projetos\AtlasWeb\Removidos\CadPlanoFinanceiro.dfm"
"fCadPlanoFinanceiro.cNota_Referencia";"Nota Referência";"en-US";"";"Caption";"c:\projetos\AtlasWeb\Removidos\CadPlanoFinanceiro.dfm"
"fCadPlanoFinanceiro.cProcesso_Obrigatorio";"Processo Obrigatório";"en-US";"";"Caption";"c:\projetos\AtlasWeb\Removidos\CadPlanoFinanceiro.dfm"
"fCadPlanoFinanceiro.cDesativada";"Desativada";"en-US";"";"Caption";"c:\projetos\AtlasWeb\Removidos\CadPlanoFinanceiro.dfm"
"fCadPlanoFinanceiro.cCusto_Outros";"Custo Outros";"en-US";"";"Caption";"c:\projetos\AtlasWeb\Removidos\CadPlanoFinanceiro.dfm"
"fCadPlanoFinanceiro.cTributo";"Tributo";"en-US";"";"Caption";"c:\projetos\AtlasWeb\Removidos\CadPlanoFinanceiro.dfm"
"fCadPlanoFinanceiro.cTaxa";"Taxa";"en-US";"";"Caption";"c:\projetos\AtlasWeb\Removidos\CadPlanoFinanceiro.dfm"
"fCadPlanoFinanceiro.UniDBCheckBox4";"Plano Financeiro";"en-US";"";"Caption";"c:\projetos\AtlasWeb\Removidos\CadPlanoFinanceiro.dfm"
"fCadPlanoFinanceiro.cNivel";"Nível de Acesso";"en-US";"";"FieldLabel";"c:\projetos\AtlasWeb\Removidos\CadPlanoFinanceiro.dfm"
"fCadPlanoFinanceiro.cTipo_Documento";"Documento";"en-US";"";"FieldLabel";"c:\projetos\AtlasWeb\Removidos\CadPlanoFinanceiro.dfm"
"fCadPlanoFinanceiro.UniGroupBox2";"Apuração PIS/COFINS";"en-US";"";"Caption";"c:\projetos\AtlasWeb\Removidos\CadPlanoFinanceiro.dfm"
"fCadPlanoFinanceiro.cCST_PIS";"CST do PIS";"en-US";"";"FieldLabel";"c:\projetos\AtlasWeb\Removidos\CadPlanoFinanceiro.dfm"
"fCadPlanoFinanceiro.cAliquota_PIS";"Alíquota do PIS";"en-US";"";"FieldLabel";"c:\projetos\AtlasWeb\Removidos\CadPlanoFinanceiro.dfm"
"fCadPlanoFinanceiro.cAliquota_COFINS";"Alíquota da COFINS";"en-US";"";"FieldLabel";"c:\projetos\AtlasWeb\Removidos\CadPlanoFinanceiro.dfm"
"fCadPlanoFinanceiro.cBCCredito";"Base de Cálculo do Crédito";"en-US";"";"FieldLabel";"c:\projetos\AtlasWeb\Removidos\CadPlanoFinanceiro.dfm"
"fCadPlanoFinanceiro.cCST_COFINS";"CST da COFINS";"en-US";"";"FieldLabel";"c:\projetos\AtlasWeb\Removidos\CadPlanoFinanceiro.dfm"
"fCadPlanoFinanceiro.cNatureza_Receita";"Natureza da Receita";"en-US";"";"FieldLabel";"c:\projetos\AtlasWeb\Removidos\CadPlanoFinanceiro.dfm"
"fCadPlanoFinanceiro.cGrupo";"Grupo";"en-US";"";"FieldLabel";"c:\projetos\AtlasWeb\Removidos\CadPlanoFinanceiro.dfm"
"fCadPlanoFinanceiro.gTributo";"Tributo / Taxa";"en-US";"";"Caption";"c:\projetos\AtlasWeb\Removidos\CadPlanoFinanceiro.dfm"
"fCadPlanoFinanceiro.cOrgao";"Orgão";"en-US";"";"FieldLabel";"c:\projetos\AtlasWeb\Removidos\CadPlanoFinanceiro.dfm"
"fCadPlanoFinanceiro.cCodigo_RFB";"Código da Receita Federal";"en-US";"";"FieldLabel";"c:\projetos\AtlasWeb\Removidos\CadPlanoFinanceiro.dfm"
"fCadPlanoFinanceiro.cValor";"Alíquota";"en-US";"";"FieldLabel";"c:\projetos\AtlasWeb\Removidos\CadPlanoFinanceiro.dfm"
"fCadPlanoFinanceiro.cDia_Vencimento";"Vencimento (Dia)";"en-US";"";"FieldLabel";"c:\projetos\AtlasWeb\Removidos\CadPlanoFinanceiro.dfm"
"fCadPlanoFinanceiro.UniTabSheet2";"Plano de Contas (Contabil)";"en-US";"";"Caption";"c:\projetos\AtlasWeb\Removidos\CadPlanoFinanceiro.dfm"
"fCadPlanoFinanceiro.pFicha2";"Plano Financeiro / Contabil (Plano Contas)";"en-US";"";"Title";"c:\projetos\AtlasWeb\Removidos\CadPlanoFinanceiro.dfm"
"fCadPlanoFinanceiro.UniGroupBox3";"Lançamento Contabil Provisão [Contra Partida]";"en-US";"";"Caption";"c:\projetos\AtlasWeb\Removidos\CadPlanoFinanceiro.dfm"
"fCadPlanoFinanceiro.cProvisao_ContaC";"Conta";"en-US";"";"FieldLabel";"c:\projetos\AtlasWeb\Removidos\CadPlanoFinanceiro.dfm"
"fCadPlanoFinanceiro.cProvisao_Historico";"Histórico:";"en-US";"";"FieldLabel";"c:\projetos\AtlasWeb\Removidos\CadPlanoFinanceiro.dfm"
"fCadPlanoFinanceiro.cProvisao_ContraPartida";"Conta";"en-US";"";"FieldLabel";"c:\projetos\AtlasWeb\Removidos\CadPlanoFinanceiro.dfm"
"fCadPlanoFinanceiro.cLiquidacao_Historico";"Histórico:";"en-US";"";"FieldLabel";"c:\projetos\AtlasWeb\Removidos\CadPlanoFinanceiro.dfm"
"fCadPlanoFinanceiro.UniDBLookupComboBox6";"Contas:";"en-US";"";"FieldLabel";"c:\projetos\AtlasWeb\Removidos\CadPlanoFinanceiro.dfm"
"fCadPlanoFinanceiro.cLiquidacao_ContraPartida";"Conta";"en-US";"";"FieldLabel";"c:\projetos\AtlasWeb\Removidos\CadPlanoFinanceiro.dfm"
"fCadPlanoFinanceiro.UniGroupBox5";"Parametrização DRE Gerencial";"en-US";"";"Caption";"c:\projetos\AtlasWeb\Removidos\CadPlanoFinanceiro.dfm"
"fCadPlanoFinanceiro.cDRE_Principal";"Valor Principal";"en-US";"";"FieldLabel";"c:\projetos\AtlasWeb\Removidos\CadPlanoFinanceiro.dfm"
"fCadPlanoFinanceiro.cDRE_Desconto";"Descontos";"en-US";"";"FieldLabel";"c:\projetos\AtlasWeb\Removidos\CadPlanoFinanceiro.dfm"
"fCadPlanoFinanceiro.cDRE_DescontoDupl";"Desconto de Duplicata";"en-US";"";"FieldLabel";"c:\projetos\AtlasWeb\Removidos\CadPlanoFinanceiro.dfm"
"fCadPlanoFinanceiro.cDRE_Juros";"Multa/Juros";"en-US";"";"FieldLabel";"c:\projetos\AtlasWeb\Removidos\CadPlanoFinanceiro.dfm"
"fCadPlanoFinanceiro.cTipo_Partida";"Tipo de Partida";"en-US";"";"Caption";"c:\projetos\AtlasWeb\Removidos\CadPlanoFinanceiro.dfm"
"fCadPlanoFinanceiro.UniGroupBox6";"Parâmetros Contabeis";"en-US";"";"Caption";"c:\projetos\AtlasWeb\Removidos\CadPlanoFinanceiro.dfm"
"fCadPlanoFinanceiro.UniDBCheckBox1";"Conta de Resultado";"en-US";"";"Caption";"c:\projetos\AtlasWeb\Removidos\CadPlanoFinanceiro.dfm"
"fCadPlanoFinanceiro.UniDBCheckBox2";"Sintética";"en-US";"";"Caption";"c:\projetos\AtlasWeb\Removidos\CadPlanoFinanceiro.dfm"
"fCadPlanoFinanceiro.UniDBCheckBox3";"Conta Título";"en-US";"";"Caption";"c:\projetos\AtlasWeb\Removidos\CadPlanoFinanceiro.dfm"
"fCadPlanoFinanceiro.UniDBCheckBox5";"LALUR";"en-US";"";"Caption";"c:\projetos\AtlasWeb\Removidos\CadPlanoFinanceiro.dfm"
"fCadPlanoFinanceiro.UniDBCheckBox6";"Mostrar no Balanço";"en-US";"";"Caption";"c:\projetos\AtlasWeb\Removidos\CadPlanoFinanceiro.dfm"
"fCadPlanoFinanceiro.UniDBCheckBox7";"DRE";"en-US";"";"Caption";"c:\projetos\AtlasWeb\Removidos\CadPlanoFinanceiro.dfm"
"fCadPlanoFinanceiro.UniDBCheckBox13";"Detalhar Beneficiário";"en-US";"";"Caption";"c:\projetos\AtlasWeb\Removidos\CadPlanoFinanceiro.dfm"
"fCadPlanoFinanceiro.UniDBCheckBox14";"Detalhar Processo";"en-US";"";"Caption";"c:\projetos\AtlasWeb\Removidos\CadPlanoFinanceiro.dfm"
"fCadPlanoFinanceiro.UniDBRadioGroup2";"Natureza da Conta";"en-US";"";"Caption";"c:\projetos\AtlasWeb\Removidos\CadPlanoFinanceiro.dfm"
"fCadPlanoFinanceiro.UniDBEdit1";"Conta Contabil";"en-US";"";"FieldLabel";"c:\projetos\AtlasWeb\Removidos\CadPlanoFinanceiro.dfm"
"fCadPlanoFinanceiro.cNomeContabil";"Nome Contabil";"en-US";"";"FieldLabel";"c:\projetos\AtlasWeb\Removidos\CadPlanoFinanceiro.dfm"
"fCadPlanoFinanceiro.UniDBEdit2";"Código Reduzido:";"en-US";"";"FieldLabel";"c:\projetos\AtlasWeb\Removidos\CadPlanoFinanceiro.dfm"
"fCadPlanoFinanceiro.UniDBEdit3";"Conta Contabil (ECF)";"en-US";"";"FieldLabel";"c:\projetos\AtlasWeb\Removidos\CadPlanoFinanceiro.dfm"
"fCadPlanoFinanceiro.bAdicionar";"Adicionar novo registro.";"en-US";"";"Hint";"c:\projetos\AtlasWeb\Removidos\CadPlanoFinanceiro.dfm"
"fCadPlanoFinanceiro.bEditar";"Editar registro corrente.";"en-US";"";"Hint";"c:\projetos\AtlasWeb\Removidos\CadPlanoFinanceiro.dfm"
"fCadPlanoFinanceiro.bExcluir";"Excluir registro corrente.";"en-US";"";"Hint";"c:\projetos\AtlasWeb\Removidos\CadPlanoFinanceiro.dfm"
"fCadPlanoFinanceiro.bCancelar";"Cancelar modificações feitas no registro corrente.";"en-US";"";"Hint";"c:\projetos\AtlasWeb\Removidos\CadPlanoFinanceiro.dfm"
"fCadPlanoFinanceiro.bSalvar";"Salva o registro corrente.";"en-US";"";"Hint";"c:\projetos\AtlasWeb\Removidos\CadPlanoFinanceiro.dfm"
"fCadPlanoFinanceiro.bFechar";"Fecha a tela de cadastro atual.";"en-US";"";"Hint";"c:\projetos\AtlasWeb\Removidos\CadPlanoFinanceiro.dfm"
"fCadPlanoFinanceiroGrupos.aLista";"Lista";"en-US";"";"Caption";"c:\projetos\AtlasWeb\Removidos\CadPlanoFinanceiroGrupos.dfm"
"fCadPlanoFinanceiroGrupos.UniTabSheet1";"Dados Gerais";"en-US";"";"Caption";"c:\projetos\AtlasWeb\Removidos\CadPlanoFinanceiroGrupos.dfm"
"fCadPlanoFinanceiroGrupos.pFicha1";"DADOS GERAIS";"en-US";"";"Title";"c:\projetos\AtlasWeb\Removidos\CadPlanoFinanceiroGrupos.dfm"
"fCadPlanoFinanceiroGrupos.cNome";"Nome";"en-US";"";"FieldLabel";"c:\projetos\AtlasWeb\Removidos\CadPlanoFinanceiroGrupos.dfm"
"fCadPlanoFinanceiroGrupos.cCodigo";"Código";"en-US";"";"FieldLabel";"c:\projetos\AtlasWeb\Removidos\CadPlanoFinanceiroGrupos.dfm"
"fCadPlanoFinanceiroGrupos.bAdicionar";"Adicionar novo registro.";"en-US";"";"Hint";"c:\projetos\AtlasWeb\Removidos\CadPlanoFinanceiroGrupos.dfm"
"fCadPlanoFinanceiroGrupos.bEditar";"Editar registro corrente.";"en-US";"";"Hint";"c:\projetos\AtlasWeb\Removidos\CadPlanoFinanceiroGrupos.dfm"
"fCadPlanoFinanceiroGrupos.bExcluir";"Excluir registro corrente.";"en-US";"";"Hint";"c:\projetos\AtlasWeb\Removidos\CadPlanoFinanceiroGrupos.dfm"
"fCadPlanoFinanceiroGrupos.bCancelar";"Cancelar modificações feitas no registro corrente.";"en-US";"";"Hint";"c:\projetos\AtlasWeb\Removidos\CadPlanoFinanceiroGrupos.dfm"
"fCadPlanoFinanceiroGrupos.bSalvar";"Salva o registro corrente.";"en-US";"";"Hint";"c:\projetos\AtlasWeb\Removidos\CadPlanoFinanceiroGrupos.dfm"
"fCadPlanoFinanceiroGrupos.bFechar";"Fecha a tela de cadastro atual.";"en-US";"";"Hint";"c:\projetos\AtlasWeb\Removidos\CadPlanoFinanceiroGrupos.dfm"
"fConfig.UniTabSheet1";"Ambiente";"en-US";"";"Caption";"c:\projetos\AtlasWeb\Removidos\Config.dfm"
"fConfig.pFicha1";"DADOS GERAIS";"en-US";"";"Title";"c:\projetos\AtlasWeb\Removidos\Config.dfm"
"fConfig.cEmpresa";"Empresa";"en-US";"";"FieldLabel";"c:\projetos\AtlasWeb\Removidos\Config.dfm"
"fConfig.cBackup_Automatico";"Executar Backup Automático";"en-US";"";"Caption";"c:\projetos\AtlasWeb\Removidos\Config.dfm"
"fConfig.UniGroupBox3";"Servidor FTP Cybersoft";"en-US";"";"Caption";"c:\projetos\AtlasWeb\Removidos\Config.dfm"
"fConfig.cIP_Suporte";"Endereço IP";"en-US";"";"FieldLabel";"c:\projetos\AtlasWeb\Removidos\Config.dfm"
"fConfig.cPassive_FTP";"Passive mode";"en-US";"";"Caption";"c:\projetos\AtlasWeb\Removidos\Config.dfm"
"fConfig.cUsuario_FTP";"Usúario";"en-US";"";"FieldLabel";"c:\projetos\AtlasWeb\Removidos\Config.dfm"
"fConfig.cSenha_FTP";"Senha";"en-US";"";"FieldLabel";"c:\projetos\AtlasWeb\Removidos\Config.dfm"
"fConfig.UniGroupBox1";"E-mail/Site";"en-US";"";"Caption";"c:\projetos\AtlasWeb\Removidos\Config.dfm"
"fConfig.cSite";"Site";"en-US";"";"FieldLabel";"c:\projetos\AtlasWeb\Removidos\Config.dfm"
"fConfig.cEmail";"E-mail do Suporte";"en-US";"";"FieldLabel";"c:\projetos\AtlasWeb\Removidos\Config.dfm"
"fConfig.UniGroupBox2";"Proxy";"en-US";"";"Caption";"c:\projetos\AtlasWeb\Removidos\Config.dfm"
"fConfig.cServidor_Proxy";"Servidor_Proxy";"en-US";"";"FieldLabel";"c:\projetos\AtlasWeb\Removidos\Config.dfm"
"fConfig.cSenha_Proxy";"Senha_Proxy";"en-US";"";"FieldLabel";"c:\projetos\AtlasWeb\Removidos\Config.dfm"
"fConfig.cUsuario_Proxy";"Usuario_Proxy";"en-US";"";"FieldLabel";"c:\projetos\AtlasWeb\Removidos\Config.dfm"
"fConfig.UniTabSheet5";"Pastas";"en-US";"";"Caption";"c:\projetos\AtlasWeb\Removidos\Config.dfm"
"fConfig.UniPanel1";"DADOS GERAIS";"en-US";"";"Title";"c:\projetos\AtlasWeb\Removidos\Config.dfm"
"fConfig.cPasta_BACKUP";"Pasta de BACKUP";"en-US";"";"FieldLabel";"c:\projetos\AtlasWeb\Removidos\Config.dfm"
"fConfig.cPasta_NFE";"Pasta para NF-E";"en-US";"";"FieldLabel";"c:\projetos\AtlasWeb\Removidos\Config.dfm"
"fConfig.cPasta_BackupCybersoft";"Pasta Backup servidor Cybersoft";"en-US";"";"FieldLabel";"c:\projetos\AtlasWeb\Removidos\Config.dfm"
"fConfig.cPasta_BACKUPCopia";"Pasta BACKUP (Copia)";"en-US";"";"FieldLabel";"c:\projetos\AtlasWeb\Removidos\Config.dfm"
"fConfig.cPasta_Boleto";"Pasta para os Boletos";"en-US";"";"FieldLabel";"c:\projetos\AtlasWeb\Removidos\Config.dfm"
"fConfig.UniGroupBox4";"Nota Fiscal";"en-US";"";"Caption";"c:\projetos\AtlasWeb\Removidos\Config.dfm"
"fConfig.cSeparar_NFE";"Pastas separadas (Entrada/Saída).";"en-US";"";"Caption";"c:\projetos\AtlasWeb\Removidos\Config.dfm"
"fConfig.cSeparar_NFEMes";"Pastas separadas (Mês).";"en-US";"";"Caption";"c:\projetos\AtlasWeb\Removidos\Config.dfm"
"fConfig.UniGroupBox5";"Boletos";"en-US";"";"Caption";"c:\projetos\AtlasWeb\Removidos\Config.dfm"
"fConfig.UniDBCheckBox1";"Pastas separadas (Data).";"en-US";"";"Caption";"c:\projetos\AtlasWeb\Removidos\Config.dfm"
"fConfig.UniDBCheckBox2";"Pastas separadas (Banco).";"en-US";"";"Caption";"c:\projetos\AtlasWeb\Removidos\Config.dfm"
"fConfig.UniTabSheet4";"Faturamento";"en-US";"";"Caption";"c:\projetos\AtlasWeb\Removidos\Config.dfm"
"fConfig.pFicha4";"DADOS GERAIS";"en-US";"";"Title";"c:\projetos\AtlasWeb\Removidos\Config.dfm"
"fConfig.cEmail_NFE";"Enviar todas as Notas/C.Correção/Cancelamentos para o E-mail";"en-US";"";"FieldLabel";"c:\projetos\AtlasWeb\Removidos\Config.dfm"
"fConfig.UniGroupBox12";"Rateios";"en-US";"";"Caption";"c:\projetos\AtlasWeb\Removidos\Config.dfm"
"fConfig.UniDBRadioGroup2";"Frete";"en-US";"";"Caption";"c:\projetos\AtlasWeb\Removidos\Config.dfm"
"fConfig.UniDBRadioGroup3";"Seguro";"en-US";"";"Caption";"c:\projetos\AtlasWeb\Removidos\Config.dfm"
"fConfig.UniDBRadioGroup4";"Despesas";"en-US";"";"Caption";"c:\projetos\AtlasWeb\Removidos\Config.dfm"
"fConfig.UniDBRadioGroup5";"Valor Rateio Despesa";"en-US";"";"Caption";"c:\projetos\AtlasWeb\Removidos\Config.dfm"
"fConfig.UniDBRadioGroup6";"PIS";"en-US";"";"Caption";"c:\projetos\AtlasWeb\Removidos\Config.dfm"
"fConfig.UniDBRadioGroup7";"COFINS";"en-US";"";"Caption";"c:\projetos\AtlasWeb\Removidos\Config.dfm"
"fConfig.UniDBRadioGroup8";"Acréscimo";"en-US";"";"Caption";"c:\projetos\AtlasWeb\Removidos\Config.dfm"
"fConfig.UniDBRadioGroup9";"Valor das Despesas de Custo do processo";"en-US";"";"Caption";"c:\projetos\AtlasWeb\Removidos\Config.dfm"
"fConfig.UniGroupBox13";"Opções";"en-US";"";"Caption";"c:\projetos\AtlasWeb\Removidos\Config.dfm"
"fConfig.cBotao_Duplicata";"Desabilitar botão ""Gerar Duplicatas"" das telas de Pedido.";"en-US";"";"Caption";"c:\projetos\AtlasWeb\Removidos\Config.dfm"
"fConfig.cCalculo_Reverso";"Habilitar cálculo reverso nos pedidos.";"en-US";"";"Caption";"c:\projetos\AtlasWeb\Removidos\Config.dfm"
"fConfig.cFaturamento_BloquearAtraso";"Bloquear pedidos para clientes com pagamentos em atraso.";"en-US";"";"Caption";"c:\projetos\AtlasWeb\Removidos\Config.dfm"
"fConfig.cExtenso_Maiusculo";"Extenso_Maiusculo";"en-US";"";"Caption";"c:\projetos\AtlasWeb\Removidos\Config.dfm"
"fConfig.cAbrir_PDFDANFE";"Abrir_PDFDANFE";"en-US";"";"Caption";"c:\projetos\AtlasWeb\Removidos\Config.dfm"
"fConfig.UniDBRadioGroup10";"Código da Mercadoria no DNFE";"en-US";"";"Caption";"c:\projetos\AtlasWeb\Removidos\Config.dfm"
"fConfig.cEstoque_MinimoPerc";"Percentual p/Estoque Minímo";"en-US";"";"FieldLabel";"c:\projetos\AtlasWeb\Removidos\Config.dfm"
"fConfig.UniTabSheet6";"Fiscais";"en-US";"";"Caption";"c:\projetos\AtlasWeb\Removidos\Config.dfm"
"fConfig.pFicha6";"DADOS GERAIS";"en-US";"";"Title";"c:\projetos\AtlasWeb\Removidos\Config.dfm"
"fConfig.UniGroupBox6";"Conhecimento de Transporte (CTR)";"en-US";"";"Caption";"c:\projetos\AtlasWeb\Removidos\Config.dfm"
"fConfig.cPIS_CTR";"PIS";"en-US";"";"FieldLabel";"c:\projetos\AtlasWeb\Removidos\Config.dfm"
"fConfig.cItem_CTR";"Item_CTR";"en-US";"";"FieldLabel";"c:\projetos\AtlasWeb\Removidos\Config.dfm"
"fConfig.cCOFINS_CTR";"COFINS";"en-US";"";"FieldLabel";"c:\projetos\AtlasWeb\Removidos\Config.dfm"
"fConfig.cRamo_CTR";"Ramo Atividade";"en-US";"";"FieldLabel";"c:\projetos\AtlasWeb\Removidos\Config.dfm"
"fConfig.UniGroupBox7";"CIAP";"en-US";"";"Caption";"c:\projetos\AtlasWeb\Removidos\Config.dfm"
"fConfig.cValor_CIAP";"Valor Mínimo Imobil.";"en-US";"";"FieldLabel";"c:\projetos\AtlasWeb\Removidos\Config.dfm"
"fConfig.cParcelas_CIAP";"Parcelas (Meses)";"en-US";"";"FieldLabel";"c:\projetos\AtlasWeb\Removidos\Config.dfm"
"fConfig.UniGroupBox8";"Vencimentos dos Impostos (Dia)";"en-US";"";"Caption";"c:\projetos\AtlasWeb\Removidos\Config.dfm"
"fConfig.cVencimento_ICMSFUNDAP";"ICMS (FUNDAP)";"en-US";"";"FieldLabel";"c:\projetos\AtlasWeb\Removidos\Config.dfm"
"fConfig.cVencimento_ICMSINVEST";"ICMS (INVEST)";"en-US";"";"FieldLabel";"c:\projetos\AtlasWeb\Removidos\Config.dfm"
"fConfig.cVencimento_ICMSComercio";"ICMS (Comércio)";"en-US";"";"FieldLabel";"c:\projetos\AtlasWeb\Removidos\Config.dfm"
"fConfig.cVencimento_IPI";"IPI";"en-US";"";"FieldLabel";"c:\projetos\AtlasWeb\Removidos\Config.dfm"
"fConfig.cVencimento_PIS";"PIS";"en-US";"";"FieldLabel";"c:\projetos\AtlasWeb\Removidos\Config.dfm"
"fConfig.cVencimento_COFINS";"COFINS";"en-US";"";"FieldLabel";"c:\projetos\AtlasWeb\Removidos\Config.dfm"
"fConfig.cVencimento_IRPJ";"IRPJ";"en-US";"";"FieldLabel";"c:\projetos\AtlasWeb\Removidos\Config.dfm"
"fConfig.cVencimento_CSLL";"CSLL";"en-US";"";"FieldLabel";"c:\projetos\AtlasWeb\Removidos\Config.dfm"
"fConfig.cVencimento_ICMSOrgao";"Orgão";"en-US";"";"FieldLabel";"c:\projetos\AtlasWeb\Removidos\Config.dfm"
"fConfig.cVencimento_ICMSDoc";"Tipo de Documento";"en-US";"";"FieldLabel";"c:\projetos\AtlasWeb\Removidos\Config.dfm"
"fConfig.cVencimento_CSLLOrgao";"Orgão";"en-US";"";"FieldLabel";"c:\projetos\AtlasWeb\Removidos\Config.dfm"
"fConfig.cVencimento_CSLLDoc";"Tipo de Documento";"en-US";"";"FieldLabel";"c:\projetos\AtlasWeb\Removidos\Config.dfm"
"fConfig.cVencimento_IRPJOrgao";"Orgão";"en-US";"";"FieldLabel";"c:\projetos\AtlasWeb\Removidos\Config.dfm"
"fConfig.cVencimento_PISOrgao";"Orgão";"en-US";"";"FieldLabel";"c:\projetos\AtlasWeb\Removidos\Config.dfm"
"fConfig.cVencimento_COFINSOrgao";"Orgão";"en-US";"";"FieldLabel";"c:\projetos\AtlasWeb\Removidos\Config.dfm"
"fConfig.cVencimento_IPIOrgao";"Orgão";"en-US";"";"FieldLabel";"c:\projetos\AtlasWeb\Removidos\Config.dfm"
"fConfig.cVencimento_IRPJDoc";"Tipo de Documento";"en-US";"";"FieldLabel";"c:\projetos\AtlasWeb\Removidos\Config.dfm"
"fConfig.cVencimento_PISDoc";"Tipo de Documento";"en-US";"";"FieldLabel";"c:\projetos\AtlasWeb\Removidos\Config.dfm"
"fConfig.cVencimento_COFINSDoc";"Tipo de Documento";"en-US";"";"FieldLabel";"c:\projetos\AtlasWeb\Removidos\Config.dfm"
"fConfig.cVencimento_IPIDoc";"Tipo de Documento";"en-US";"";"FieldLabel";"c:\projetos\AtlasWeb\Removidos\Config.dfm"
"fConfig.UniGroupBox9";"Dif.Alíquota ICMS (DIFAL)";"en-US";"";"Caption";"c:\projetos\AtlasWeb\Removidos\Config.dfm"
"fConfig.cDIFAL_ICMSPart";"Particip,ano Corrente";"en-US";"";"FieldLabel";"c:\projetos\AtlasWeb\Removidos\Config.dfm"
"fConfig.UniTabSheet7";"SPED";"en-US";"";"Caption";"c:\projetos\AtlasWeb\Removidos\Config.dfm"
"fConfig.pFicha7";"DADOS GERAIS";"en-US";"";"Title";"c:\projetos\AtlasWeb\Removidos\Config.dfm"
"fConfig.UniGroupBox10";"SPED Fiscal";"en-US";"";"Caption";"c:\projetos\AtlasWeb\Removidos\Config.dfm"
"fConfig.UniDBRadioGroup1";"Mês Entrega";"en-US";"";"Caption";"c:\projetos\AtlasWeb\Removidos\Config.dfm"
"fConfig.UniDBLookupComboBox3";"Orgão";"en-US";"";"FieldLabel";"c:\projetos\AtlasWeb\Removidos\Config.dfm"
"fConfig.UniGroupBox11";"SPED PIS/COFINS";"en-US";"";"Caption";"c:\projetos\AtlasWeb\Removidos\Config.dfm"
"fConfig.UniDBLookupComboBox1";"Orgão";"en-US";"";"FieldLabel";"c:\projetos\AtlasWeb\Removidos\Config.dfm"
"fConfig.UniDBLookupComboBox2";"Orgão";"en-US";"";"FieldLabel";"c:\projetos\AtlasWeb\Removidos\Config.dfm"
"fConfig.UniTabSheet8";"Contábeis";"en-US";"";"Caption";"c:\projetos\AtlasWeb\Removidos\Config.dfm"
"fConfig.pFicha8";"DADOS GERAIS";"en-US";"";"Title";"c:\projetos\AtlasWeb\Removidos\Config.dfm"
"fConfig.UniGroupBox14";"Lançamentos de Encerramento";"en-US";"";"Caption";"c:\projetos\AtlasWeb\Removidos\Config.dfm"
"fConfig.cContab_ContaEncLucro";"Conta de Lucro Acumulado";"en-US";"";"FieldLabel";"c:\projetos\AtlasWeb\Removidos\Config.dfm"
"fConfig.cContab_ContaEncPrejuizo";"Conta de Prejuízo Acumulado)";"en-US";"";"FieldLabel";"c:\projetos\AtlasWeb\Removidos\Config.dfm"
"fConfig.cContab_ContaResultado";"Conta de Resultado";"en-US";"";"FieldLabel";"c:\projetos\AtlasWeb\Removidos\Config.dfm"
"fConfig.cContab_HistoricoResultado";"Conta de Resultado (Histórico)";"en-US";"";"FieldLabel";"c:\projetos\AtlasWeb\Removidos\Config.dfm"
"fConfig.cContab_HistoricoEncLucro";"Conta de Lucro Acumulado (Histórico)";"en-US";"";"FieldLabel";"c:\projetos\AtlasWeb\Removidos\Config.dfm"
"fConfig.cContab_HistoricoEncPrejuizo";"Conta de Prejuízo Acumulado) (Histórica)";"en-US";"";"FieldLabel";"c:\projetos\AtlasWeb\Removidos\Config.dfm"
"fConfig.cParametrizacao_Contabil";"Obrigar parametrização contabíl nos cadastros";"en-US";"";"Caption";"c:\projetos\AtlasWeb\Removidos\Config.dfm"
"fConfig.UniTabSheet10";"Financeiro";"en-US";"";"Caption";"c:\projetos\AtlasWeb\Removidos\Config.dfm"
"fConfig.UniTabSheet2";"Lançamentos Financeiros";"en-US";"";"Caption";"c:\projetos\AtlasWeb\Removidos\Config.dfm"
"fConfig.pFicha10";"DADOS GERAIS";"en-US";"";"Title";"c:\projetos\AtlasWeb\Removidos\Config.dfm"
"fConfig.cClassificacao_JurosRC";"Juros Recebidos";"en-US";"";"FieldLabel";"c:\projetos\AtlasWeb\Removidos\Config.dfm"
"fConfig.cClassificacao_JurosPG";"Juros Pagos";"en-US";"";"FieldLabel";"c:\projetos\AtlasWeb\Removidos\Config.dfm"
"fConfig.cClassificacao_MultaPG";"Multas Pagas";"en-US";"";"FieldLabel";"c:\projetos\AtlasWeb\Removidos\Config.dfm"
"fConfig.cClassificacao_MultaRC";"Multas Recebidas";"en-US";"";"FieldLabel";"c:\projetos\AtlasWeb\Removidos\Config.dfm"
"fConfig.cClassificacao_DescontosRC";"Descontos Recebidos";"en-US";"";"FieldLabel";"c:\projetos\AtlasWeb\Removidos\Config.dfm"
"fConfig.cClassificacao_DescontosPG";"Descontos Concedidos";"en-US";"";"FieldLabel";"c:\projetos\AtlasWeb\Removidos\Config.dfm"
"fConfig.UniGroupBox16";"Classificação Financeira para o Lançamento do Contrato de Câmbio";"en-US";"";"Caption";"c:\projetos\AtlasWeb\Removidos\Config.dfm"
"fConfig.cClassificacao_CambioVarPassiva";"Variação (Passiva)";"en-US";"";"FieldLabel";"c:\projetos\AtlasWeb\Removidos\Config.dfm"
"fConfig.cContratoCambio_Documento";"Documento";"en-US";"";"FieldLabel";"c:\projetos\AtlasWeb\Removidos\Config.dfm"
"fConfig.cClassificacao_CambioVarAtiva";"Variação (Ativa)";"en-US";"";"FieldLabel";"c:\projetos\AtlasWeb\Removidos\Config.dfm"
"fConfig.cDocumento_Cambio";"Documento";"en-US";"";"FieldLabel";"c:\projetos\AtlasWeb\Removidos\Config.dfm"
"fConfig.cContratoCambio_Classificacao";"Contrato de Câmbio";"en-US";"";"FieldLabel";"c:\projetos\AtlasWeb\Removidos\Config.dfm"
"fConfig.UniGroupBox17";"Classificações Financeiras de Recebimento para Transferências";"en-US";"";"Caption";"c:\projetos\AtlasWeb\Removidos\Config.dfm"
"fConfig.cClassificacao_TransfProcesso";"Transferências de Processos";"en-US";"";"FieldLabel";"c:\projetos\AtlasWeb\Removidos\Config.dfm"
"fConfig.cClassificacao_TransfBanco";"Transferências Bancárias";"en-US";"";"FieldLabel";"c:\projetos\AtlasWeb\Removidos\Config.dfm"
"fConfig.UniTabSheet3";"Duplicatas";"en-US";"";"Caption";"c:\projetos\AtlasWeb\Removidos\Config.dfm"
"fConfig.pFicha11";"DADOS GERAIS";"en-US";"";"Title";"c:\projetos\AtlasWeb\Removidos\Config.dfm"
"fConfig.UniGroupBox18";"Geração das Duplicatas dos Impostos";"en-US";"";"Caption";"c:\projetos\AtlasWeb\Removidos\Config.dfm"
"fConfig.cDuplicata01";"Duplicata01";"en-US";"";"FieldLabel";"c:\projetos\AtlasWeb\Removidos\Config.dfm"
"fConfig.cDuplicata02";"Duplicata02";"en-US";"";"FieldLabel";"c:\projetos\AtlasWeb\Removidos\Config.dfm"
"fConfig.cDuplicata03";"Duplicata03";"en-US";"";"FieldLabel";"c:\projetos\AtlasWeb\Removidos\Config.dfm"
"fConfig.cDuplicata04";"Duplicata04";"en-US";"";"FieldLabel";"c:\projetos\AtlasWeb\Removidos\Config.dfm"
"fConfig.cDuplicata05";"Duplicata05";"en-US";"";"FieldLabel";"c:\projetos\AtlasWeb\Removidos\Config.dfm"
"fConfig.cDuplicata06";"Duplicata06";"en-US";"";"FieldLabel";"c:\projetos\AtlasWeb\Removidos\Config.dfm"
"fConfig.cDuplicata07";"Duplicata07";"en-US";"";"FieldLabel";"c:\projetos\AtlasWeb\Removidos\Config.dfm"
"fConfig.cDuplicata08";"Duplicata08";"en-US";"";"FieldLabel";"c:\projetos\AtlasWeb\Removidos\Config.dfm"
"fConfig.cDuplicata01_Class";"Duplicata01_Class";"en-US";"";"FieldLabel";"c:\projetos\AtlasWeb\Removidos\Config.dfm"
"fConfig.cDuplicata02_Class";"Duplicata02_Class";"en-US";"";"FieldLabel";"c:\projetos\AtlasWeb\Removidos\Config.dfm"
"fConfig.cDuplicata03_Class";"Duplicata03_Class";"en-US";"";"FieldLabel";"c:\projetos\AtlasWeb\Removidos\Config.dfm"
"fConfig.cDuplicata04_Class";"Duplicata04_Class";"en-US";"";"FieldLabel";"c:\projetos\AtlasWeb\Removidos\Config.dfm"
"fConfig.cDuplicata05_Class";"Duplicata05_Class";"en-US";"";"FieldLabel";"c:\projetos\AtlasWeb\Removidos\Config.dfm"
"fConfig.cDuplicata06_Class";"Duplicata06_Class";"en-US";"";"FieldLabel";"c:\projetos\AtlasWeb\Removidos\Config.dfm"
"fConfig.cDuplicata07_Class";"Duplicata07_Class";"en-US";"";"FieldLabel";"c:\projetos\AtlasWeb\Removidos\Config.dfm"
"fConfig.cDuplicata08_Class";"Duplicata08_Class";"en-US";"";"FieldLabel";"c:\projetos\AtlasWeb\Removidos\Config.dfm"
"fConfig.cDuplicata01_Dias";"Duplicata01_Dias";"en-US";"";"FieldLabel";"c:\projetos\AtlasWeb\Removidos\Config.dfm"
"fConfig.cDuplicata02_Dias";"Duplicata02_Dias";"en-US";"";"FieldLabel";"c:\projetos\AtlasWeb\Removidos\Config.dfm"
"fConfig.cDuplicata03_Dias";"Duplicata03_Dias";"en-US";"";"FieldLabel";"c:\projetos\AtlasWeb\Removidos\Config.dfm"
"fConfig.cDuplicata04_Dias";"Duplicata04_Dias";"en-US";"";"FieldLabel";"c:\projetos\AtlasWeb\Removidos\Config.dfm"
"fConfig.cDuplicata05_Dias";"Duplicata05_Dias";"en-US";"";"FieldLabel";"c:\projetos\AtlasWeb\Removidos\Config.dfm"
"fConfig.cDuplicata06_Dias";"Duplicata06_Dias";"en-US";"";"FieldLabel";"c:\projetos\AtlasWeb\Removidos\Config.dfm"
"fConfig.cDuplicata07_Dias";"Duplicata07_Dias";"en-US";"";"FieldLabel";"c:\projetos\AtlasWeb\Removidos\Config.dfm"
"fConfig.cDuplicata08_Dias";"Duplicata08_Dias";"en-US";"";"FieldLabel";"c:\projetos\AtlasWeb\Removidos\Config.dfm"
"fConfig.cDuplicata01_Sub";"Duplicata01_Sub";"en-US";"";"Caption";"c:\projetos\AtlasWeb\Removidos\Config.dfm"
"fConfig.cDuplicata02_Sub";"Duplicata02_Sub";"en-US";"";"Caption";"c:\projetos\AtlasWeb\Removidos\Config.dfm"
"fConfig.cDuplicata03_Sub";"Duplicata03_Sub";"en-US";"";"Caption";"c:\projetos\AtlasWeb\Removidos\Config.dfm"
"fConfig.cDuplicata04_Sub";"Duplicata04_Sub";"en-US";"";"Caption";"c:\projetos\AtlasWeb\Removidos\Config.dfm"
"fConfig.cDuplicata05_Sub";"Duplicata05_Sub";"en-US";"";"Caption";"c:\projetos\AtlasWeb\Removidos\Config.dfm"
"fConfig.cDuplicata06_Sub";"Duplicata06_Sub";"en-US";"";"Caption";"c:\projetos\AtlasWeb\Removidos\Config.dfm"
"fConfig.cDuplicata07_Sub";"Duplicata07_Sub";"en-US";"";"Caption";"c:\projetos\AtlasWeb\Removidos\Config.dfm"
"fConfig.cDuplicata08_Sub";"Duplicata08_Sub";"en-US";"";"Caption";"c:\projetos\AtlasWeb\Removidos\Config.dfm"
"fConfig.cGerar_DuplImpostos";"Gerar_DuplImpostos";"en-US";"";"Caption";"c:\projetos\AtlasWeb\Removidos\Config.dfm"
"fConfig.UniDBRadioGroup11";"Vencimentos em final de semana?";"en-US";"";"Caption";"c:\projetos\AtlasWeb\Removidos\Config.dfm"
"fConfig.UniDBRadioGroup12";"Diferença de arredondamento";"en-US";"";"Caption";"c:\projetos\AtlasWeb\Removidos\Config.dfm"
"fConfig.UniDBRadioGroup13";"Vencimentos em final de semana?";"en-US";"";"Caption";"c:\projetos\AtlasWeb\Removidos\Config.dfm"
"fConfig.UniTabSheet9";"Boletos";"en-US";"";"Caption";"c:\projetos\AtlasWeb\Removidos\Config.dfm"
"fConfig.pFicha13";"DADOS GERAIS";"en-US";"";"Title";"c:\projetos\AtlasWeb\Removidos\Config.dfm"
"fConfig.cBoleto_LocalPagamento";"Boleto_LocalPagamento";"en-US";"";"FieldLabel";"c:\projetos\AtlasWeb\Removidos\Config.dfm"
"fConfig.cBoleto_Instrucoes";"Boleto_Instrucoes";"en-US";"";"FieldLabel";"c:\projetos\AtlasWeb\Removidos\Config.dfm"
"fConfig.cBoleto_Contato";"Boleto_Contato";"en-US";"";"Caption";"c:\projetos\AtlasWeb\Removidos\Config.dfm"
"fConfig.cBoleto_ProtestoDias";"Boleto_ProtestoDias";"en-US";"";"FieldLabel";"c:\projetos\AtlasWeb\Removidos\Config.dfm"
"fConfig.cBoleto_EspecieDOC";"Boleto_EspecieDOC";"en-US";"";"FieldLabel";"c:\projetos\AtlasWeb\Removidos\Config.dfm"
"fConfig.cBoleto_PercentualMulta";"Boleto_PercentualMulta";"en-US";"";"FieldLabel";"c:\projetos\AtlasWeb\Removidos\Config.dfm"
"fConfig.cBoleto_PercentualJuros";"Boleto_PercentualJuros";"en-US";"";"FieldLabel";"c:\projetos\AtlasWeb\Removidos\Config.dfm"
"fConfig.cBoleto_InstrucaoCod";"Boleto_InstrucaoCod";"en-US";"";"FieldLabel";"c:\projetos\AtlasWeb\Removidos\Config.dfm"
"fConfig.cBoleto_InstrucaoCod2";"Boleto_InstrucaoCod2";"en-US";"";"FieldLabel";"c:\projetos\AtlasWeb\Removidos\Config.dfm"
"fConfig.UniTabSheet14";"Diversos";"en-US";"";"Caption";"c:\projetos\AtlasWeb\Removidos\Config.dfm"
"fConfig.pFicha12";"DADOS GERAIS";"en-US";"";"Title";"c:\projetos\AtlasWeb\Removidos\Config.dfm"
"fConfig.cHora_Solicitacao";"Hora_Solicitacao";"en-US";"";"FieldLabel";"c:\projetos\AtlasWeb\Removidos\Config.dfm"
"fConfig.cClassificacao_Pagamento";"Classificacao_Pagamento";"en-US";"";"FieldLabel";"c:\projetos\AtlasWeb\Removidos\Config.dfm"
"fConfig.cCentro_CustoPagamento";"Centro_CustoPagamento";"en-US";"";"FieldLabel";"c:\projetos\AtlasWeb\Removidos\Config.dfm"
"fConfig.cTipo_DocumentoPagamento";"Tipo_DocumentoPagamento";"en-US";"";"FieldLabel";"c:\projetos\AtlasWeb\Removidos\Config.dfm"
"fConfig.cEmprestimoBancario_ClassificacaoR";"EmprestimoBancario_ClassificacaoR";"en-US";"";"FieldLabel";"c:\projetos\AtlasWeb\Removidos\Config.dfm"
"fConfig.cEmprestimoBancario_ClassificacaoP";"EmprestimoBancario_ClassificacaoP";"en-US";"";"FieldLabel";"c:\projetos\AtlasWeb\Removidos\Config.dfm"
"fConfig.cEmprestimoBancario_CentroCusto";"EmprestimoBancario_CentroCusto";"en-US";"";"FieldLabel";"c:\projetos\AtlasWeb\Removidos\Config.dfm"
"fConfig.cEmprestimoBancario_TipoDocumento";"EmprestimoBancario_TipoDocumento";"en-US";"";"FieldLabel";"c:\projetos\AtlasWeb\Removidos\Config.dfm"
"fConfig.cEmprestimoBancario_FormaRecebimento";"EmprestimoBancario_FormaRecebimento";"en-US";"";"FieldLabel";"c:\projetos\AtlasWeb\Removidos\Config.dfm"
"fConfig.cCalculo_Comissao";"Calculo_Comissao";"en-US";"";"FieldLabel";"c:\projetos\AtlasWeb\Removidos\Config.dfm"
"fConfig.cClassificacao_PagamentoTelevendas";"Classificacao_PagamentoTelevendas";"en-US";"";"FieldLabel";"c:\projetos\AtlasWeb\Removidos\Config.dfm"
"fConfig.cCentro_CustoPagamentoTelevendas";"Centro_CustoPagamentoTelevendas";"en-US";"";"FieldLabel";"c:\projetos\AtlasWeb\Removidos\Config.dfm"
"fConfig.cTipo_DocumentoPagamentoTelevendas";"Tipo_DocumentoPagamentoTelevendas";"en-US";"";"FieldLabel";"c:\projetos\AtlasWeb\Removidos\Config.dfm"
"fConfig.cClassificacao_PagamentoOutros";"Classificacao_PagamentoOutros";"en-US";"";"FieldLabel";"c:\projetos\AtlasWeb\Removidos\Config.dfm"
"fConfig.cCentro_CustoPagamentoOutros";"Centro_CustoPagamentoOutros";"en-US";"";"FieldLabel";"c:\projetos\AtlasWeb\Removidos\Config.dfm"
"fConfig.cTipo_DocumentoPagamentoOutros";"Tipo_DocumentoPagamentoOutros";"en-US";"";"FieldLabel";"c:\projetos\AtlasWeb\Removidos\Config.dfm"
"fConfig.UniTabSheet15";"UniTabSheet15";"en-US";"";"Caption";"c:\projetos\AtlasWeb\Removidos\Config.dfm"
"fConfig.pFicha15";"DADOS GERAIS";"en-US";"";"Title";"c:\projetos\AtlasWeb\Removidos\Config.dfm"
"fConfig.cProcesso_Numero";"Processo_Numero";"en-US";"";"FieldLabel";"c:\projetos\AtlasWeb\Removidos\Config.dfm"
"fConfig.cProcesso_DigitosAno";"Processo_DigitosAno";"en-US";"";"FieldLabel";"c:\projetos\AtlasWeb\Removidos\Config.dfm"
"fConfig.cBloquear_ProcessoFechado";"Bloquear_ProcessoFechado";"en-US";"";"Caption";"c:\projetos\AtlasWeb\Removidos\Config.dfm"
"fConfig.cProcesso_ObrigarFatura";"Processo_ObrigarFatura";"en-US";"";"Caption";"c:\projetos\AtlasWeb\Removidos\Config.dfm"
"fConfig.cBloquear_ItemContrato";"Bloquear_ItemContrato";"en-US";"";"Caption";"c:\projetos\AtlasWeb\Removidos\Config.dfm"
"fConfig.cValor_DI";"Valor_DI";"en-US";"";"FieldLabel";"c:\projetos\AtlasWeb\Removidos\Config.dfm"
"fConfig.UniTabSheet16";"UniTabSheet16";"en-US";"";"Caption";"c:\projetos\AtlasWeb\Removidos\Config.dfm"
"fConfig.pFicha16";"DADOS GERAIS";"en-US";"";"Title";"c:\projetos\AtlasWeb\Removidos\Config.dfm"
"fConfig.cSISCOMEX_CodigoProduto";"SISCOMEX_CodigoProduto";"en-US";"";"Caption";"c:\projetos\AtlasWeb\Removidos\Config.dfm"
"fConfig.cMoeda_Importacao";"Moeda_Importacao";"en-US";"";"FieldLabel";"c:\projetos\AtlasWeb\Removidos\Config.dfm"
"fConfig.cRamo_Atividade";"Ramo_Atividade";"en-US";"";"FieldLabel";"c:\projetos\AtlasWeb\Removidos\Config.dfm"
"fConfig.cAdicao_PesoLiquido";"Adicao_PesoLiquido";"en-US";"";"FieldLabel";"c:\projetos\AtlasWeb\Removidos\Config.dfm"
"fConfig.cProcesso_ImportarFechado";"Processo_ImportarFechado";"en-US";"";"Caption";"c:\projetos\AtlasWeb\Removidos\Config.dfm"
"fConfig.cSISCOMEX_MascaraReferencia";"SISCOMEX_MascaraReferencia";"en-US";"";"FieldLabel";"c:\projetos\AtlasWeb\Removidos\Config.dfm"
"fConfig.cAFRMM_Calcular";"AFRMM_Calcular";"en-US";"";"Caption";"c:\projetos\AtlasWeb\Removidos\Config.dfm"
"fConfig.cAFRMM_Tarifa";"AFRMM_Tarifa";"en-US";"";"FieldLabel";"c:\projetos\AtlasWeb\Removidos\Config.dfm"
"fConfig.cAFRMM_Taxa";"AFRMM_Taxa";"en-US";"";"FieldLabel";"c:\projetos\AtlasWeb\Removidos\Config.dfm"
"fConfig.cAFRMM_Percentual";"AFRMM_Percentual";"en-US";"";"FieldLabel";"c:\projetos\AtlasWeb\Removidos\Config.dfm"
"fConfig.cSISCOMEX_MascaraPosicao";"SISCOMEX_MascaraPosicao";"en-US";"";"FieldLabel";"c:\projetos\AtlasWeb\Removidos\Config.dfm"
"fConfig.cSISCOMEX_MascaraPO";"SISCOMEX_MascaraPO";"en-US";"";"FieldLabel";"c:\projetos\AtlasWeb\Removidos\Config.dfm"
"fConfig.cSISCOMEX_MascaraITEM";"SISCOMEX_MascaraITEM";"en-US";"";"FieldLabel";"c:\projetos\AtlasWeb\Removidos\Config.dfm"
"fConfig.cSISCOMEX_MascaraPOFech";"SISCOMEX_MascaraPOFech";"en-US";"";"FieldLabel";"c:\projetos\AtlasWeb\Removidos\Config.dfm"
"fConfig.cSISCOMEX_MascaraITEMFech";"SISCOMEX_MascaraITEMFech";"en-US";"";"FieldLabel";"c:\projetos\AtlasWeb\Removidos\Config.dfm"
"fConfig.UniTabSheet17";"UniTabSheet17";"en-US";"";"Caption";"c:\projetos\AtlasWeb\Removidos\Config.dfm"
"fConfig.pFicha17";"DADOS GERAIS";"en-US";"";"Title";"c:\projetos\AtlasWeb\Removidos\Config.dfm"
"fConfig.cProcesso_FechamentoCSLL";"Processo_FechamentoCSLL";"en-US";"";"FieldLabel";"c:\projetos\AtlasWeb\Removidos\Config.dfm"
"fConfig.cProcesso_FechamentoIRPJ";"Processo_FechamentoIRPJ";"en-US";"";"FieldLabel";"c:\projetos\AtlasWeb\Removidos\Config.dfm"
"fConfig.cProcesso_FechamentoICMSPagar";"Processo_FechamentoICMSPagar";"en-US";"";"FieldLabel";"c:\projetos\AtlasWeb\Removidos\Config.dfm"
"fConfig.cProcesso_FechamentoFDE";"Processo_FechamentoFDE";"en-US";"";"FieldLabel";"c:\projetos\AtlasWeb\Removidos\Config.dfm"
"fConfig.cProcesso_FechamentoAssAduaneira";"Processo_FechamentoAssAduaneira";"en-US";"";"FieldLabel";"c:\projetos\AtlasWeb\Removidos\Config.dfm"
"fConfig.cProcesso_FechamentoClassPgtoCliente";"Processo_FechamentoClassPgtoCliente";"en-US";"";"FieldLabel";"c:\projetos\AtlasWeb\Removidos\Config.dfm"
"fConfig.cProcesso_FechamentoCorrecao";"Processo_FechamentoCorrecao";"en-US";"";"FieldLabel";"c:\projetos\AtlasWeb\Removidos\Config.dfm"
"fConfig.cProcesso_FechamentoClassCorrecao";"Processo_FechamentoClassCorrecao";"en-US";"";"FieldLabel";"c:\projetos\AtlasWeb\Removidos\Config.dfm"
"fConfig.cProcesso_FechamentoObsTexto";"Processo_FechamentoObsTexto";"en-US";"";"FieldLabel";"c:\projetos\AtlasWeb\Removidos\Config.dfm"
"fConfig.cProcesso_FechamentoObservacao";"Processo_FechamentoObservacao";"en-US";"";"FieldLabel";"c:\projetos\AtlasWeb\Removidos\Config.dfm"
"fConfig.cProcesso_FechamentoDRE";"Processo_FechamentoDRE";"en-US";"";"FieldLabel";"c:\projetos\AtlasWeb\Removidos\Config.dfm"
"fConfig.UniTabSheet18";"UniTabSheet18";"en-US";"";"Caption";"c:\projetos\AtlasWeb\Removidos\Config.dfm"
"fConfig.pFicha18";"DADOS GERAIS";"en-US";"";"Title";"c:\projetos\AtlasWeb\Removidos\Config.dfm"
"fConfig.cAviso_VencimentoContrato";"Aviso_VencimentoContrato";"en-US";"";"FieldLabel";"c:\projetos\AtlasWeb\Removidos\Config.dfm"
"fConfig.cAviso_VencimentoRetorno";"Aviso_VencimentoRetorno";"en-US";"";"FieldLabel";"c:\projetos\AtlasWeb\Removidos\Config.dfm"
"fConfig.cVencimento_PISCOFINS";"Vencimento_PISCOFINS";"en-US";"";"FieldLabel";"c:\projetos\AtlasWeb\Removidos\Config.dfm"
"fConfig.cVencimento_PISCOFINSDias";"Vencimento_PISCOFINSDias";"en-US";"";"FieldLabel";"c:\projetos\AtlasWeb\Removidos\Config.dfm"
"fConfig.cVencimento_FISCAL";"Vencimento_FISCAL";"en-US";"";"FieldLabel";"c:\projetos\AtlasWeb\Removidos\Config.dfm"
"fConfig.cVencimento_FISCALDias";"Vencimento_FISCALDias";"en-US";"";"FieldLabel";"c:\projetos\AtlasWeb\Removidos\Config.dfm"
"fConfig.cVencimento_CONTABIL";"Vencimento_CONTABIL";"en-US";"";"FieldLabel";"c:\projetos\AtlasWeb\Removidos\Config.dfm"
"fConfig.cVencimento_CONTABILDias";"Vencimento_CONTABILDias";"en-US";"";"FieldLabel";"c:\projetos\AtlasWeb\Removidos\Config.dfm"
"fConfig.cVencimento_CONTABILMes";"Vencimento_CONTABILMes";"en-US";"";"FieldLabel";"c:\projetos\AtlasWeb\Removidos\Config.dfm"
"fConfig.cVencimento_SINTEGRA";"Vencimento_SINTEGRA";"en-US";"";"FieldLabel";"c:\projetos\AtlasWeb\Removidos\Config.dfm"
"fConfig.cVencimento_SINTEGRADias";"Vencimento_SINTEGRADias";"en-US";"";"FieldLabel";"c:\projetos\AtlasWeb\Removidos\Config.dfm"
"fConfig.cAviso_VencimentoRadar";"Aviso_VencimentoRadar";"en-US";"";"FieldLabel";"c:\projetos\AtlasWeb\Removidos\Config.dfm"
"fConfig.cAviso_VencimentoVinculacao";"Aviso_VencimentoVinculacao";"en-US";"";"FieldLabel";"c:\projetos\AtlasWeb\Removidos\Config.dfm"
"fConfig.cAviso_MovimentoMinimo";"Aviso_MovimentoMinimo";"en-US";"";"FieldLabel";"c:\projetos\AtlasWeb\Removidos\Config.dfm"
"fConfig.cAviso_MovimentoMaximo";"Aviso_MovimentoMaximo";"en-US";"";"FieldLabel";"c:\projetos\AtlasWeb\Removidos\Config.dfm"
"fConfig.UniTabSheet19";"UniTabSheet19";"en-US";"";"Caption";"c:\projetos\AtlasWeb\Removidos\Config.dfm"
"fConfig.pFicha19";"DADOS GERAIS";"en-US";"";"Title";"c:\projetos\AtlasWeb\Removidos\Config.dfm"
"fConfig.cCompartilhar_Bancos";"Compartilhar_Bancos";"en-US";"";"Caption";"c:\projetos\AtlasWeb\Removidos\Config.dfm"
"fConfig.cCompartilhar_Classificacao";"Compartilhar_Classificacao";"en-US";"";"Caption";"c:\projetos\AtlasWeb\Removidos\Config.dfm"
"fConfig.cAtualiza_Data";"Atualiza_Data";"en-US";"";"FieldLabel";"c:\projetos\AtlasWeb\Removidos\Config.dfm"
"fConfig.cPrazo_Log";"Prazo_Log";"en-US";"";"FieldLabel";"c:\projetos\AtlasWeb\Removidos\Config.dfm"
"fConfig.cXMLTerceiros_Codigo";"XMLTerceiros_Codigo";"en-US";"";"Caption";"c:\projetos\AtlasWeb\Removidos\Config.dfm"
"fConfig.cAtualiza_Anterior";"Atualiza_Anterior";"en-US";"";"FieldLabel";"c:\projetos\AtlasWeb\Removidos\Config.dfm"
"fConfig.UniTabSheet20";"Televendas";"en-US";"";"Caption";"c:\projetos\AtlasWeb\Removidos\Config.dfm"
"fConfig.pFicha20";"DADOS GERAIS";"en-US";"";"Title";"c:\projetos\AtlasWeb\Removidos\Config.dfm"
"fConfig.cTelevendas_Transportador";"Transportador";"en-US";"";"FieldLabel";"c:\projetos\AtlasWeb\Removidos\Config.dfm"
"fConfig.cTelevendas_ModalidadeFrete";"Modalidade de Frete";"en-US";"";"FieldLabel";"c:\projetos\AtlasWeb\Removidos\Config.dfm"
"fConfig.cTelevendas_TipoNota";"Tipo de Nota";"en-US";"";"FieldLabel";"c:\projetos\AtlasWeb\Removidos\Config.dfm"
"fConfig.cTelevendas_NaturezaDentro";"Natureza Operação (Dentro do Estado)";"en-US";"";"FieldLabel";"c:\projetos\AtlasWeb\Removidos\Config.dfm"
"fConfig.cTelevendas_NaturezaFora";"Natureza Operação (Fora do Estado)";"en-US";"";"FieldLabel";"c:\projetos\AtlasWeb\Removidos\Config.dfm"
"fConfig.cTelevendas_ModalidadePgto";"Modalidade Pgto";"en-US";"";"FieldLabel";"c:\projetos\AtlasWeb\Removidos\Config.dfm"
"fConfig.bAdicionar";"Adicionar novo registro.";"en-US";"";"Hint";"c:\projetos\AtlasWeb\Removidos\Config.dfm"
"fConfig.bEditar";"Editar registro corrente.";"en-US";"";"Hint";"c:\projetos\AtlasWeb\Removidos\Config.dfm"
"fConfig.bExcluir";"Excluir registro corrente.";"en-US";"";"Hint";"c:\projetos\AtlasWeb\Removidos\Config.dfm"
"fConfig.bCancelar";"Cancelar modificações feitas no registro corrente.";"en-US";"";"Hint";"c:\projetos\AtlasWeb\Removidos\Config.dfm"
"fConfig.bSalvar";"Salva o registro corrente.";"en-US";"";"Hint";"c:\projetos\AtlasWeb\Removidos\Config.dfm"
"fConfig.bFechar";"Fecha a tela de cadastro atual.";"en-US";"";"Hint";"c:\projetos\AtlasWeb\Removidos\Config.dfm"
"fFatPedidoNFItem.UniSpeedButton1";"Fecha a tela de cadastro atual.";"en-US";"";"Hint";"c:\projetos\AtlasWeb\Removidos\FatPedidoNFItem.dfm"
"fFatPedidoNFItem.bAddItem";"Adicionar um Item";"en-US";"";"Hint";"c:\projetos\AtlasWeb\Removidos\FatPedidoNFItem.dfm"
"fFatPedidoNFItem.bAddItem";"Salvar";"en-US";"";"Caption";"c:\projetos\AtlasWeb\Removidos\FatPedidoNFItem.dfm"
"fFatPedidoNFItem.bAddTudo";"Cancelar operação";"en-US";"";"Hint";"c:\projetos\AtlasWeb\Removidos\FatPedidoNFItem.dfm"
"fFatPedidoNFItem.bAddTudo";"Cancelar";"en-US";"";"Caption";"c:\projetos\AtlasWeb\Removidos\FatPedidoNFItem.dfm"
"fFatPedidoNFItem.UniTabSheet1";"Item";"en-US";"";"Caption";"c:\projetos\AtlasWeb\Removidos\FatPedidoNFItem.dfm"
"fFatPedidoNFItem.cPercentual_Desconto";"% Desconto";"en-US";"";"FieldLabel";"c:\projetos\AtlasWeb\Removidos\FatPedidoNFItem.dfm"
"fFatPedidoNFItem.cValor_Desconto";"Valor Desconto";"en-US";"";"FieldLabel";"c:\projetos\AtlasWeb\Removidos\FatPedidoNFItem.dfm"
"fFatPedidoNFItem.cPO";"Pedido Compra";"en-US";"";"FieldLabel";"c:\projetos\AtlasWeb\Removidos\FatPedidoNFItem.dfm"
"fFatPedidoNFItem.cOrdem";"Ordem";"en-US";"";"FieldLabel";"c:\projetos\AtlasWeb\Removidos\FatPedidoNFItem.dfm"
"fFatPedidoNFItem.cValor_Total";"Total";"en-US";"";"FieldLabel";"c:\projetos\AtlasWeb\Removidos\FatPedidoNFItem.dfm"
"fFatPedidoNFItem.UniLabel16";"IMPOSTO";"en-US";"";"Caption";"c:\projetos\AtlasWeb\Removidos\FatPedidoNFItem.dfm"
"fFatPedidoNFItem.UniLabel27";"BASE DE CÁLCULO";"en-US";"";"Caption";"c:\projetos\AtlasWeb\Removidos\FatPedidoNFItem.dfm"
"fFatPedidoNFItem.UniLabel28";"ALÍQUOTA";"en-US";"";"Caption";"c:\projetos\AtlasWeb\Removidos\FatPedidoNFItem.dfm"
"fFatPedidoNFItem.UniLabel29";"VALOR";"en-US";"";"Caption";"c:\projetos\AtlasWeb\Removidos\FatPedidoNFItem.dfm"
"fFatPedidoNFItem.UniLabel30";"TOTAIS";"en-US";"";"Caption";"c:\projetos\AtlasWeb\Removidos\FatPedidoNFItem.dfm"
"fFatPedidoNFItem.UniGroupBox1";"Estoque";"en-US";"";"Caption";"c:\projetos\AtlasWeb\Removidos\FatPedidoNFItem.dfm"
"fFatPedidoNFItem.UniFormattedNumberEdit1";"Estoque Minímo";"en-US";"";"FieldLabel";"c:\projetos\AtlasWeb\Removidos\FatPedidoNFItem.dfm"
"fFatPedidoNFItem.UniFormattedNumberEdit2";"Estoque Atual";"en-US";"";"FieldLabel";"c:\projetos\AtlasWeb\Removidos\FatPedidoNFItem.dfm"
"fFatPedidoNFItem.UniFormattedNumberEdit3";"Inventário Atual";"en-US";"";"FieldLabel";"c:\projetos\AtlasWeb\Removidos\FatPedidoNFItem.dfm"
"fFatPedidoNFItem.UniFormattedNumberEdit4";"Detalhe/Lote";"en-US";"";"FieldLabel";"c:\projetos\AtlasWeb\Removidos\FatPedidoNFItem.dfm"
"fFatPedidoNFItem.UniFormattedNumberEdit5";"Estoque Navio";"en-US";"";"FieldLabel";"c:\projetos\AtlasWeb\Removidos\FatPedidoNFItem.dfm"
"fFatPedidoNFItem.UniPanel1";"Imposto de Importação - (II)";"en-US";"";"Title";"c:\projetos\AtlasWeb\Removidos\FatPedidoNFItem.dfm"
"fFatPedidoNFItem.UniLabel17";"II";"en-US";"";"Caption";"c:\projetos\AtlasWeb\Removidos\FatPedidoNFItem.dfm"
"fFatPedidoNFItem.UniLabel18";"IPI";"en-US";"";"Caption";"c:\projetos\AtlasWeb\Removidos\FatPedidoNFItem.dfm"
"fFatPedidoNFItem.UniLabel19";"Outras de IPI";"en-US";"";"Caption";"c:\projetos\AtlasWeb\Removidos\FatPedidoNFItem.dfm"
"fFatPedidoNFItem.UniLabel31";"Isentas de IPI";"en-US";"";"Caption";"c:\projetos\AtlasWeb\Removidos\FatPedidoNFItem.dfm"
"fFatPedidoNFItem.UniLabel8";"CST IPI";"en-US";"";"Caption";"c:\projetos\AtlasWeb\Removidos\FatPedidoNFItem.dfm"
"fFatPedidoNFItem.UniLabel20";"PIS";"en-US";"";"Caption";"c:\projetos\AtlasWeb\Removidos\FatPedidoNFItem.dfm"
"fFatPedidoNFItem.UniLabel21";"COFINS";"en-US";"";"Caption";"c:\projetos\AtlasWeb\Removidos\FatPedidoNFItem.dfm"
"fFatPedidoNFItem.UniLabel9";"CST PIS";"en-US";"";"Caption";"c:\projetos\AtlasWeb\Removidos\FatPedidoNFItem.dfm"
"fFatPedidoNFItem.UniLabel10";"CST COFINS";"en-US";"";"Caption";"c:\projetos\AtlasWeb\Removidos\FatPedidoNFItem.dfm"
"fFatPedidoNFItem.UniLabel22";"ICMS Operacional";"en-US";"";"Caption";"c:\projetos\AtlasWeb\Removidos\FatPedidoNFItem.dfm"
"fFatPedidoNFItem.UniLabel23";"ICMS ST";"en-US";"";"Caption";"c:\projetos\AtlasWeb\Removidos\FatPedidoNFItem.dfm"
"fFatPedidoNFItem.UniLabel24";"ICMS Diferido";"en-US";"";"Caption";"c:\projetos\AtlasWeb\Removidos\FatPedidoNFItem.dfm"
"fFatPedidoNFItem.UniLabel25";"Outras ICMS";"en-US";"";"Caption";"c:\projetos\AtlasWeb\Removidos\FatPedidoNFItem.dfm"
"fFatPedidoNFItem.UniLabel32";"Isentas ICMS";"en-US";"";"Caption";"c:\projetos\AtlasWeb\Removidos\FatPedidoNFItem.dfm"
"fFatPedidoNFItem.UniLabel4";"ICMS Monofásico";"en-US";"";"Caption";"c:\projetos\AtlasWeb\Removidos\FatPedidoNFItem.dfm"
"fFatPedidoNFItem.UniLabel5";"ICMS Monofásico(Ret)";"en-US";"";"Caption";"c:\projetos\AtlasWeb\Removidos\FatPedidoNFItem.dfm"
"fFatPedidoNFItem.UniLabel6";"ICMS ST Rec. Ant.";"en-US";"";"Caption";"c:\projetos\AtlasWeb\Removidos\FatPedidoNFItem.dfm"
"fFatPedidoNFItem.UniLabel11";"CST ICMS Tabela (A)";"en-US";"";"Caption";"c:\projetos\AtlasWeb\Removidos\FatPedidoNFItem.dfm"
"fFatPedidoNFItem.UniLabel12";"CST ICMS Tabela (B)";"en-US";"";"Caption";"c:\projetos\AtlasWeb\Removidos\FatPedidoNFItem.dfm"
"fFatPedidoNFItem.UniLabel26";"MVA";"en-US";"";"Caption";"c:\projetos\AtlasWeb\Removidos\FatPedidoNFItem.dfm"
"fFatPedidoNFItem.UniLabel1";"IS";"en-US";"";"Caption";"c:\projetos\AtlasWeb\Removidos\FatPedidoNFItem.dfm"
"fFatPedidoNFItem.UniLabel2";"IBS";"en-US";"";"Caption";"c:\projetos\AtlasWeb\Removidos\FatPedidoNFItem.dfm"
"fFatPedidoNFItem.UniLabel13";"CST IBS";"en-US";"";"Caption";"c:\projetos\AtlasWeb\Removidos\FatPedidoNFItem.dfm"
"fFatPedidoNFItem.UniLabel3";"CBS";"en-US";"";"Caption";"c:\projetos\AtlasWeb\Removidos\FatPedidoNFItem.dfm"
"fFatPedidoNFItem.UniLabel14";"CST CBS";"en-US";"";"Caption";"c:\projetos\AtlasWeb\Removidos\FatPedidoNFItem.dfm"
"fFatPedidoNFItem2.UniSpeedButton1";"Fecha a tela de cadastro atual.";"en-US";"";"Hint";"c:\projetos\AtlasWeb\Removidos\FatPedidoNFItem2.dfm"
"fFatPedidoNFItem2.bAddItem";"Adicionar um Item";"en-US";"";"Hint";"c:\projetos\AtlasWeb\Removidos\FatPedidoNFItem2.dfm"
"fFatPedidoNFItem2.bAddItem";"Salvar";"en-US";"";"Caption";"c:\projetos\AtlasWeb\Removidos\FatPedidoNFItem2.dfm"
"fFatPedidoNFItem2.bAddTudo";"Cancelar operação";"en-US";"";"Hint";"c:\projetos\AtlasWeb\Removidos\FatPedidoNFItem2.dfm"
"fFatPedidoNFItem2.bAddTudo";"Cancelar";"en-US";"";"Caption";"c:\projetos\AtlasWeb\Removidos\FatPedidoNFItem2.dfm"
"fFatPedidoNFItem2.UniTabSheet3";"Itens do Pedido";"en-US";"";"Caption";"c:\projetos\AtlasWeb\Removidos\FatPedidoNFItem2.dfm"
"fFatPedidoNFItem2.UniPanel5";"Imposto sobre Circulação de Mercadorias e Serviços - ICMS";"en-US";"";"Title";"c:\projetos\AtlasWeb\Removidos\FatPedidoNFItem2.dfm"
"fFatPedidoNFItem2.cValor_BCICMSOp";"BC ICMS Oper.";"en-US";"";"FieldLabel";"c:\projetos\AtlasWeb\Removidos\FatPedidoNFItem2.dfm"
"fFatPedidoNFItem2.cValor_ICMS";"Valor";"en-US";"";"FieldLabel";"c:\projetos\AtlasWeb\Removidos\FatPedidoNFItem2.dfm"
"fFatPedidoNFItem2.cTotalICMSOp";"Total";"en-US";"";"FieldLabel";"c:\projetos\AtlasWeb\Removidos\FatPedidoNFItem2.dfm"
"fFatPedidoNFItem2.UniDBLookupComboBox3";"CST - Tabela A";"en-US";"";"FieldLabel";"c:\projetos\AtlasWeb\Removidos\FatPedidoNFItem2.dfm"
"fFatPedidoNFItem2.cCSTICMS";"CST -  Tabela B";"en-US";"";"FieldLabel";"c:\projetos\AtlasWeb\Removidos\FatPedidoNFItem2.dfm"
"fFatPedidoNFItem2.cAliquota_ICMSOp";"Alíquota";"en-US";"";"FieldLabel";"c:\projetos\AtlasWeb\Removidos\FatPedidoNFItem2.dfm"
"fFatPedidoNFItem2.UniDBFormattedNumberEdit2";"BC ICMS Mono";"en-US";"";"FieldLabel";"c:\projetos\AtlasWeb\Removidos\FatPedidoNFItem2.dfm"
"fFatPedidoNFItem2.cTotalICMSMono";"Total";"en-US";"";"FieldLabel";"c:\projetos\AtlasWeb\Removidos\FatPedidoNFItem2.dfm"
"fFatPedidoNFItem2.cTotalICMSMonoRet";"Total";"en-US";"";"FieldLabel";"c:\projetos\AtlasWeb\Removidos\FatPedidoNFItem2.dfm"
"fFatPedidoNFItem2.UniDBFormattedNumberEdit15";"Valor";"en-US";"";"FieldLabel";"c:\projetos\AtlasWeb\Removidos\FatPedidoNFItem2.dfm"
"fFatPedidoNFItem2.UniDBFormattedNumberEdit14";"Alíquota";"en-US";"";"FieldLabel";"c:\projetos\AtlasWeb\Removidos\FatPedidoNFItem2.dfm"
"fFatPedidoNFItem2.UniDBFormattedNumberEdit4";"BC ICMS Mono Ret";"en-US";"";"FieldLabel";"c:\projetos\AtlasWeb\Removidos\FatPedidoNFItem2.dfm"
"fFatPedidoNFItem2.UniDBFormattedNumberEdit3";"Valor";"en-US";"";"FieldLabel";"c:\projetos\AtlasWeb\Removidos\FatPedidoNFItem2.dfm"
"fFatPedidoNFItem2.UniDBFormattedNumberEdit1";"Alíquota";"en-US";"";"FieldLabel";"c:\projetos\AtlasWeb\Removidos\FatPedidoNFItem2.dfm"
"fFatPedidoNFItem2.cValor_ICMSST";"Valor";"en-US";"";"FieldLabel";"c:\projetos\AtlasWeb\Removidos\FatPedidoNFItem2.dfm"
"fFatPedidoNFItem2.cTotalICMSSTAnt";"Total";"en-US";"";"FieldLabel";"c:\projetos\AtlasWeb\Removidos\FatPedidoNFItem2.dfm"
"fFatPedidoNFItem2.cValor_ICMSSTAnt";"Valor";"en-US";"";"FieldLabel";"c:\projetos\AtlasWeb\Removidos\FatPedidoNFItem2.dfm"
"fFatPedidoNFItem2.cValor_BCICMSSTAnt";"BC - Recolhido Ant";"en-US";"";"FieldLabel";"c:\projetos\AtlasWeb\Removidos\FatPedidoNFItem2.dfm"
"fFatPedidoNFItem2.cAliquota_ICMSSTAnt";"Alíquota";"en-US";"";"FieldLabel";"c:\projetos\AtlasWeb\Removidos\FatPedidoNFItem2.dfm"
"fFatPedidoNFItem2.cTotalICMSST";"Total";"en-US";"";"FieldLabel";"c:\projetos\AtlasWeb\Removidos\FatPedidoNFItem2.dfm"
"fFatPedidoNFItem2.cValor_BCICMSST";"BC ICMS ST";"en-US";"";"FieldLabel";"c:\projetos\AtlasWeb\Removidos\FatPedidoNFItem2.dfm"
"fFatPedidoNFItem2.cAliquota_ICMSST";"Alíquota";"en-US";"";"FieldLabel";"c:\projetos\AtlasWeb\Removidos\FatPedidoNFItem2.dfm"
"fFatPedidoNFItem2.cAliquota_MVA";"Alíquota";"en-US";"";"FieldLabel";"c:\projetos\AtlasWeb\Removidos\FatPedidoNFItem2.dfm"
"fFatPedidoNFItem2.cValor_BCMVA";"BC MVA";"en-US";"";"FieldLabel";"c:\projetos\AtlasWeb\Removidos\FatPedidoNFItem2.dfm"
"fFatPedidoNFItem2.cValor_MVA";"Valor";"en-US";"";"FieldLabel";"c:\projetos\AtlasWeb\Removidos\FatPedidoNFItem2.dfm"
"fFatPedidoNFItem2.cTotalMVA";"Total";"en-US";"";"FieldLabel";"c:\projetos\AtlasWeb\Removidos\FatPedidoNFItem2.dfm"
"fFatPedidoNFItem2.cAliquota_ICMSDif";"Alíquota";"en-US";"";"FieldLabel";"c:\projetos\AtlasWeb\Removidos\FatPedidoNFItem2.dfm"
"fFatPedidoNFItem2.cTotalICMSDif";"Total";"en-US";"";"FieldLabel";"c:\projetos\AtlasWeb\Removidos\FatPedidoNFItem2.dfm"
"fFatPedidoNFItem2.cValor_ICMSDif";"Valor";"en-US";"";"FieldLabel";"c:\projetos\AtlasWeb\Removidos\FatPedidoNFItem2.dfm"
"fFatPedidoNFItem2.UniDBFormattedNumberEdit22";"BC ICMS Diferido";"en-US";"";"FieldLabel";"c:\projetos\AtlasWeb\Removidos\FatPedidoNFItem2.dfm"
"fFatPedidoNFItem2.UniDBFormattedNumberEdit23";"ICMS Anterior";"en-US";"";"FieldLabel";"c:\projetos\AtlasWeb\Removidos\FatPedidoNFItem2.dfm"
"fFatPedidoNFItem2.cICMSAnt";"ICMS cobrado anteriormente por substituição tributária.";"en-US";"";"Caption";"c:\projetos\AtlasWeb\Removidos\FatPedidoNFItem2.dfm"
"fFatPedidoNFItem2.cValor_OutrasICMS";"Outras de ICMS";"en-US";"";"FieldLabel";"c:\projetos\AtlasWeb\Removidos\FatPedidoNFItem2.dfm"
"fFatPedidoNFItem2.cValor_IsentasICMS";"Isentas de ICMS";"en-US";"";"FieldLabel";"c:\projetos\AtlasWeb\Removidos\FatPedidoNFItem2.dfm"
"fFatPedidoNFItem2.cTotalOutrasICMS";"Total";"en-US";"";"FieldLabel";"c:\projetos\AtlasWeb\Removidos\FatPedidoNFItem2.dfm"
"fFatPedidoNFItem2.cTotalIsentasICMS";"Total";"en-US";"";"FieldLabel";"c:\projetos\AtlasWeb\Removidos\FatPedidoNFItem2.dfm"
"fFatPedidoNFItem2.UniDBFormattedNumberEdit10";"Alíquota";"en-US";"";"FieldLabel";"c:\projetos\AtlasWeb\Removidos\FatPedidoNFItem2.dfm"
"fFatPedidoNFItem2.cTotalICMSPresumido";"Total";"en-US";"";"FieldLabel";"c:\projetos\AtlasWeb\Removidos\FatPedidoNFItem2.dfm"
"fFatPedidoNFItem2.UniDBFormattedNumberEdit31";"Valor";"en-US";"";"FieldLabel";"c:\projetos\AtlasWeb\Removidos\FatPedidoNFItem2.dfm"
"fFatPedidoNFItem2.UniDBFormattedNumberEdit32";"BC ICMS Presumido";"en-US";"";"FieldLabel";"c:\projetos\AtlasWeb\Removidos\FatPedidoNFItem2.dfm"
"fFatPedidoNFItem2.cValor_ICMSDesonerado";"Total";"en-US";"";"FieldLabel";"c:\projetos\AtlasWeb\Removidos\FatPedidoNFItem2.dfm"
"fFatPedidoNFItem2.UniDBFormattedNumberEdit37";"BC ICMS Presumido";"en-US";"";"FieldLabel";"c:\projetos\AtlasWeb\Removidos\FatPedidoNFItem2.dfm"
"fFatPedidoNFItem2.UniDBFormattedNumberEdit35";"Cód Cred.Pres.";"en-US";"";"FieldLabel";"c:\projetos\AtlasWeb\Removidos\FatPedidoNFItem2.dfm"
"fFatPedidoNFItem2.UniDBFormattedNumberEdit36";"Cód Benefício Fiscal";"en-US";"";"FieldLabel";"c:\projetos\AtlasWeb\Removidos\FatPedidoNFItem2.dfm"
"fFatPedidoNFItem2.UniPanel6";"Programa de Integração Social - PIS";"en-US";"";"Title";"c:\projetos\AtlasWeb\Removidos\FatPedidoNFItem2.dfm"
"fFatPedidoNFItem2.cValor_BCPIS";"BC PIS";"en-US";"";"FieldLabel";"c:\projetos\AtlasWeb\Removidos\FatPedidoNFItem2.dfm"
"fFatPedidoNFItem2.cTotalPIS";"Total";"en-US";"";"FieldLabel";"c:\projetos\AtlasWeb\Removidos\FatPedidoNFItem2.dfm"
"fFatPedidoNFItem2.cValor_PIS";"Valor";"en-US";"";"FieldLabel";"c:\projetos\AtlasWeb\Removidos\FatPedidoNFItem2.dfm"
"fFatPedidoNFItem2.cAliquota_PIS";"Alíquota";"en-US";"";"FieldLabel";"c:\projetos\AtlasWeb\Removidos\FatPedidoNFItem2.dfm"
"fFatPedidoNFItem2.cCSTPIS";"CST PIS";"en-US";"";"FieldLabel";"c:\projetos\AtlasWeb\Removidos\FatPedidoNFItem2.dfm"
"fFatPedidoNFItem2.UniDBFormattedNumberEdit8";"PIS ST";"en-US";"";"FieldLabel";"c:\projetos\AtlasWeb\Removidos\FatPedidoNFItem2.dfm"
"fFatPedidoNFItem2.cTotalPISST";"Total";"en-US";"";"FieldLabel";"c:\projetos\AtlasWeb\Removidos\FatPedidoNFItem2.dfm"
"fFatPedidoNFItem2.UniPanel7";"Imposto sobre Produtos Industrializados - IPI";"en-US";"";"Title";"c:\projetos\AtlasWeb\Removidos\FatPedidoNFItem2.dfm"
"fFatPedidoNFItem2.cCSTIPI";"CST IPI";"en-US";"";"FieldLabel";"c:\projetos\AtlasWeb\Removidos\FatPedidoNFItem2.dfm"
"fFatPedidoNFItem2.cAliquota_IPI";"Alíquota";"en-US";"";"FieldLabel";"c:\projetos\AtlasWeb\Removidos\FatPedidoNFItem2.dfm"
"fFatPedidoNFItem2.cValor_BCIPI";"BC IPI";"en-US";"";"FieldLabel";"c:\projetos\AtlasWeb\Removidos\FatPedidoNFItem2.dfm"
"fFatPedidoNFItem2.cValor_IPI";"Valor";"en-US";"";"FieldLabel";"c:\projetos\AtlasWeb\Removidos\FatPedidoNFItem2.dfm"
"fFatPedidoNFItem2.cValor_OutrasIPI";"Outras de IPI";"en-US";"";"FieldLabel";"c:\projetos\AtlasWeb\Removidos\FatPedidoNFItem2.dfm"
"fFatPedidoNFItem2.cTotalIPI";"Total";"en-US";"";"FieldLabel";"c:\projetos\AtlasWeb\Removidos\FatPedidoNFItem2.dfm"
"fFatPedidoNFItem2.cTotalOutrasIPI";"Total";"en-US";"";"FieldLabel";"c:\projetos\AtlasWeb\Removidos\FatPedidoNFItem2.dfm"
"fFatPedidoNFItem2.cValor_IsentasIPI";"Isentas de IPI";"en-US";"";"FieldLabel";"c:\projetos\AtlasWeb\Removidos\FatPedidoNFItem2.dfm"
"fFatPedidoNFItem2.cTotalIsentasIPI";"Total";"en-US";"";"FieldLabel";"c:\projetos\AtlasWeb\Removidos\FatPedidoNFItem2.dfm"
"fFatPedidoNFItem2.UniDBFormattedNumberEdit33";"% IPI Devolução";"en-US";"";"FieldLabel";"c:\projetos\AtlasWeb\Removidos\FatPedidoNFItem2.dfm"
"fFatPedidoNFItem2.UniFormattedNumberEdit2";"Total";"en-US";"";"FieldLabel";"c:\projetos\AtlasWeb\Removidos\FatPedidoNFItem2.dfm"
"fFatPedidoNFItem2.UniDBFormattedNumberEdit34";"% Devol";"en-US";"";"FieldLabel";"c:\projetos\AtlasWeb\Removidos\FatPedidoNFItem2.dfm"
"fFatPedidoNFItem2.UniPanel8";"Imposto de Importação - II";"en-US";"";"Title";"c:\projetos\AtlasWeb\Removidos\FatPedidoNFItem2.dfm"
"fFatPedidoNFItem2.cTotalII";"Total";"en-US";"";"FieldLabel";"c:\projetos\AtlasWeb\Removidos\FatPedidoNFItem2.dfm"
"fFatPedidoNFItem2.cValor_II";"Valor";"en-US";"";"FieldLabel";"c:\projetos\AtlasWeb\Removidos\FatPedidoNFItem2.dfm"
"fFatPedidoNFItem2.cAliquota_II";"Alíquota";"en-US";"";"FieldLabel";"c:\projetos\AtlasWeb\Removidos\FatPedidoNFItem2.dfm"
"fFatPedidoNFItem2.UniDBFormattedNumberEdit24";"BC II";"en-US";"";"FieldLabel";"c:\projetos\AtlasWeb\Removidos\FatPedidoNFItem2.dfm"
"fFatPedidoNFItem2.UniPanel9";"Contribuição para o Financiamento da Seguridade Social - COFINS";"en-US";"";"Title";"c:\projetos\AtlasWeb\Removidos\FatPedidoNFItem2.dfm"
"fFatPedidoNFItem2.UniDBFormattedNumberEdit25";"BC COFINS";"en-US";"";"FieldLabel";"c:\projetos\AtlasWeb\Removidos\FatPedidoNFItem2.dfm"
"fFatPedidoNFItem2.cTotalCOFINS";"Total";"en-US";"";"FieldLabel";"c:\projetos\AtlasWeb\Removidos\FatPedidoNFItem2.dfm"
"fFatPedidoNFItem2.UniDBFormattedNumberEdit26";"Valor";"en-US";"";"FieldLabel";"c:\projetos\AtlasWeb\Removidos\FatPedidoNFItem2.dfm"
"fFatPedidoNFItem2.UniDBFormattedNumberEdit27";"Alíquota";"en-US";"";"FieldLabel";"c:\projetos\AtlasWeb\Removidos\FatPedidoNFItem2.dfm"
"fFatPedidoNFItem2.UniDBLookupComboBox7";"CST COFINS";"en-US";"";"FieldLabel";"c:\projetos\AtlasWeb\Removidos\FatPedidoNFItem2.dfm"
"fFatPedidoNFItem2.UniDBFormattedNumberEdit9";"COFINS ST";"en-US";"";"FieldLabel";"c:\projetos\AtlasWeb\Removidos\FatPedidoNFItem2.dfm"
"fFatPedidoNFItem2.cTotalCOFINSST";"Total";"en-US";"";"FieldLabel";"c:\projetos\AtlasWeb\Removidos\FatPedidoNFItem2.dfm"
"fFatPedidoNFItem2.UniPanel11";"Outros Valores / Rateios";"en-US";"";"Title";"c:\projetos\AtlasWeb\Removidos\FatPedidoNFItem2.dfm"
"fFatPedidoNFItem2.UniDBFormattedNumberEdit40";"Seguro";"en-US";"";"FieldLabel";"c:\projetos\AtlasWeb\Removidos\FatPedidoNFItem2.dfm"
"fFatPedidoNFItem2.UniDBFormattedNumberEdit38";"Frete";"en-US";"";"FieldLabel";"c:\projetos\AtlasWeb\Removidos\FatPedidoNFItem2.dfm"
"fFatPedidoNFItem2.UniDBFormattedNumberEdit39";"Despesas";"en-US";"";"FieldLabel";"c:\projetos\AtlasWeb\Removidos\FatPedidoNFItem2.dfm"
"fFatPedidoNFItem2.cTotalFrete";"Total";"en-US";"";"FieldLabel";"c:\projetos\AtlasWeb\Removidos\FatPedidoNFItem2.dfm"
"fFatPedidoNFItem2.cTotalSeguro";"Total";"en-US";"";"FieldLabel";"c:\projetos\AtlasWeb\Removidos\FatPedidoNFItem2.dfm"
"fFatPedidoNFItem2.cTotalDespesa";"Total";"en-US";"";"FieldLabel";"c:\projetos\AtlasWeb\Removidos\FatPedidoNFItem2.dfm"
"fFatPedidoNFItem2.UniPanel12";"Reforma Tributária - IS / CBS / IBS";"en-US";"";"Title";"c:\projetos\AtlasWeb\Removidos\FatPedidoNFItem2.dfm"
"fFatPedidoNFItem2.UniDBLookupComboBox1";"CST CBS";"en-US";"";"FieldLabel";"c:\projetos\AtlasWeb\Removidos\FatPedidoNFItem2.dfm"
"fFatPedidoNFItem2.cTotalCBS";"Total";"en-US";"";"FieldLabel";"c:\projetos\AtlasWeb\Removidos\FatPedidoNFItem2.dfm"
"fFatPedidoNFItem2.UniDBFormattedNumberEdit41";"Valor";"en-US";"";"FieldLabel";"c:\projetos\AtlasWeb\Removidos\FatPedidoNFItem2.dfm"
"fFatPedidoNFItem2.UniDBFormattedNumberEdit42";"BC CBS";"en-US";"";"FieldLabel";"c:\projetos\AtlasWeb\Removidos\FatPedidoNFItem2.dfm"
"fFatPedidoNFItem2.UniDBFormattedNumberEdit43";"Alíquota";"en-US";"";"FieldLabel";"c:\projetos\AtlasWeb\Removidos\FatPedidoNFItem2.dfm"
"fFatPedidoNFItem2.UniDBLookupComboBox9";"CST IBS";"en-US";"";"FieldLabel";"c:\projetos\AtlasWeb\Removidos\FatPedidoNFItem2.dfm"
"fFatPedidoNFItem2.cTotalIBS";"Total";"en-US";"";"FieldLabel";"c:\projetos\AtlasWeb\Removidos\FatPedidoNFItem2.dfm"
"fFatPedidoNFItem2.UniDBFormattedNumberEdit44";"Valor";"en-US";"";"FieldLabel";"c:\projetos\AtlasWeb\Removidos\FatPedidoNFItem2.dfm"
"fFatPedidoNFItem2.UniDBFormattedNumberEdit45";"BC IBS";"en-US";"";"FieldLabel";"c:\projetos\AtlasWeb\Removidos\FatPedidoNFItem2.dfm"
"fFatPedidoNFItem2.UniDBFormattedNumberEdit46";"Alíquota";"en-US";"";"FieldLabel";"c:\projetos\AtlasWeb\Removidos\FatPedidoNFItem2.dfm"
"fFatPedidoNFItem2.UniDBFormattedNumberEdit47";"Alíquota";"en-US";"";"FieldLabel";"c:\projetos\AtlasWeb\Removidos\FatPedidoNFItem2.dfm"
"fFatPedidoNFItem2.UniDBFormattedNumberEdit48";"BC IS";"en-US";"";"FieldLabel";"c:\projetos\AtlasWeb\Removidos\FatPedidoNFItem2.dfm"
"fFatPedidoNFItem2.UniDBFormattedNumberEdit49";"Valor";"en-US";"";"FieldLabel";"c:\projetos\AtlasWeb\Removidos\FatPedidoNFItem2.dfm"
"fFatPedidoNFItem2.cTotalIS";"Total";"en-US";"";"FieldLabel";"c:\projetos\AtlasWeb\Removidos\FatPedidoNFItem2.dfm"
"fFatPedidoNFItem2.UniPanel13";"Produto";"en-US";"";"Title";"c:\projetos\AtlasWeb\Removidos\FatPedidoNFItem2.dfm"
"fFatPedidoNFItem2.UniDBFormattedNumberEdit16";"Quantidade";"en-US";"";"FieldLabel";"c:\projetos\AtlasWeb\Removidos\FatPedidoNFItem2.dfm"
"fFatPedidoNFItem2.UniDBFormattedNumberEdit17";"% Desconto";"en-US";"";"FieldLabel";"c:\projetos\AtlasWeb\Removidos\FatPedidoNFItem2.dfm"
"fFatPedidoNFItem2.UniDBFormattedNumberEdit18";"Valor Desconto";"en-US";"";"FieldLabel";"c:\projetos\AtlasWeb\Removidos\FatPedidoNFItem2.dfm"
"fFatPedidoNFItem2.UniDBLookupComboBox4";"Produto";"en-US";"";"FieldLabel";"c:\projetos\AtlasWeb\Removidos\FatPedidoNFItem2.dfm"
"fFatPedidoNFItem2.UniDBLookupComboBox5";"CFOP";"en-US";"";"FieldLabel";"c:\projetos\AtlasWeb\Removidos\FatPedidoNFItem2.dfm"
"fFatPedidoNFItem2.UniDBLookupComboBox6";"Processo";"en-US";"";"FieldLabel";"c:\projetos\AtlasWeb\Removidos\FatPedidoNFItem2.dfm"
"fFatPedidoNFItem2.UniDBEdit1";"Pedido Compra";"en-US";"";"FieldLabel";"c:\projetos\AtlasWeb\Removidos\FatPedidoNFItem2.dfm"
"fFatPedidoNFItem2.UniDBEdit2";"Ordem";"en-US";"";"FieldLabel";"c:\projetos\AtlasWeb\Removidos\FatPedidoNFItem2.dfm"
"fFatPedidoNFItem2.UniFormattedNumberEdit1";"Total Líquido";"en-US";"";"FieldLabel";"c:\projetos\AtlasWeb\Removidos\FatPedidoNFItem2.dfm"
"fFatPedidoNFItem2.UniDBFormattedNumberEdit19";"Valor Unitário";"en-US";"";"FieldLabel";"c:\projetos\AtlasWeb\Removidos\FatPedidoNFItem2.dfm"
"fFatPedidoNFItem2.UniDBEdit3";"Nº DUIMP";"en-US";"";"FieldLabel";"c:\projetos\AtlasWeb\Removidos\FatPedidoNFItem2.dfm"
"fFatPedidoNFItem2.UniDBEdit4";"NCM";"en-US";"";"FieldLabel";"c:\projetos\AtlasWeb\Removidos\FatPedidoNFItem2.dfm"
"fFatPedidoNFItem2.UniDBEdit5";"Unidade Medida";"en-US";"";"FieldLabel";"c:\projetos\AtlasWeb\Removidos\FatPedidoNFItem2.dfm"
"fFatPedidoNFItem2.UniDBFormattedNumberEdit20";"% Desconto";"en-US";"";"FieldLabel";"c:\projetos\AtlasWeb\Removidos\FatPedidoNFItem2.dfm"
"fFatPedidoNFItem2.UniDBFormattedNumberEdit21";"Valor Desconto";"en-US";"";"FieldLabel";"c:\projetos\AtlasWeb\Removidos\FatPedidoNFItem2.dfm"
"fFatPedidoNFItem2.bLoteDet";"Lote/Detalhe";"en-US";"";"Caption";"c:\projetos\AtlasWeb\Removidos\FatPedidoNFItem2.dfm"
"fFatPedidoNFItem2.bSerCha";"Serial/Chassi";"en-US";"";"Caption";"c:\projetos\AtlasWeb\Removidos\FatPedidoNFItem2.dfm"
"fFatPedidoNFItem2.UniDBEdit6";"Nota Referência";"en-US";"";"FieldLabel";"c:\projetos\AtlasWeb\Removidos\FatPedidoNFItem2.dfm"
"fFatPedidoNFItem2.UniDBDateTimePicker1";"Data";"en-US";"";"FieldLabel";"c:\projetos\AtlasWeb\Removidos\FatPedidoNFItem2.dfm"
"fFatPedidoNFItem2.UniDBFormattedNumberEdit5";"Peso Líquido";"en-US";"";"FieldLabel";"c:\projetos\AtlasWeb\Removidos\FatPedidoNFItem2.dfm"
"fFatPedidoNFItem2.UniDBFormattedNumberEdit6";"Peso Bruto";"en-US";"";"FieldLabel";"c:\projetos\AtlasWeb\Removidos\FatPedidoNFItem2.dfm"
"fFatPedidoNFItem2.UniFormattedNumberEdit3";"Estoque Minímo";"en-US";"";"FieldLabel";"c:\projetos\AtlasWeb\Removidos\FatPedidoNFItem2.dfm"
"fFatPedidoNFItem2.UniFormattedNumberEdit4";"Estoque Atual";"en-US";"";"FieldLabel";"c:\projetos\AtlasWeb\Removidos\FatPedidoNFItem2.dfm"
"fFatPedidoNFItem2.UniFormattedNumberEdit5";"Inventário Atual";"en-US";"";"FieldLabel";"c:\projetos\AtlasWeb\Removidos\FatPedidoNFItem2.dfm"
"fFatPedidoNFItem2.UniFormattedNumberEdit11";"Detalhe/Lote";"en-US";"";"FieldLabel";"c:\projetos\AtlasWeb\Removidos\FatPedidoNFItem2.dfm"
"fFatPedidoNFItem2.UniFormattedNumberEdit12";"Estoque Navio";"en-US";"";"FieldLabel";"c:\projetos\AtlasWeb\Removidos\FatPedidoNFItem2.dfm"
"fFatPedidoNFItem2.UniTabSheet2";"Fórmulas";"en-US";"";"Caption";"c:\projetos\AtlasWeb\Removidos\FatPedidoNFItem2.dfm"
"fFatPedidoNFItem2.cLog";"LOG";"en-US";"";"FieldLabel";"c:\projetos\AtlasWeb\Removidos\FatPedidoNFItem2.dfm"
"fFatPedidoNFItem2.UniTabSheet1";"Item - Teste com Grid";"en-US";"";"Caption";"c:\projetos\AtlasWeb\Removidos\FatPedidoNFItem2.dfm"
"fFatPedidoNFItem2.cQtde";"Quantidade";"en-US";"";"FieldLabel";"c:\projetos\AtlasWeb\Removidos\FatPedidoNFItem2.dfm"
"fFatPedidoNFItem2.cPercentual_Desconto";"% Desconto";"en-US";"";"FieldLabel";"c:\projetos\AtlasWeb\Removidos\FatPedidoNFItem2.dfm"
"fFatPedidoNFItem2.cValor_Desconto";"Valor Desconto";"en-US";"";"FieldLabel";"c:\projetos\AtlasWeb\Removidos\FatPedidoNFItem2.dfm"
"fFatPedidoNFItem2.cProduto";"Produto";"en-US";"";"FieldLabel";"c:\projetos\AtlasWeb\Removidos\FatPedidoNFItem2.dfm"
"fFatPedidoNFItem2.cCFOP";"CFOP";"en-US";"";"FieldLabel";"c:\projetos\AtlasWeb\Removidos\FatPedidoNFItem2.dfm"
"fFatPedidoNFItem2.cProcesso";"Processo";"en-US";"";"FieldLabel";"c:\projetos\AtlasWeb\Removidos\FatPedidoNFItem2.dfm"
"fFatPedidoNFItem2.cPO";"Pedido Compra";"en-US";"";"FieldLabel";"c:\projetos\AtlasWeb\Removidos\FatPedidoNFItem2.dfm"
"fFatPedidoNFItem2.cOrdem";"Ordem";"en-US";"";"FieldLabel";"c:\projetos\AtlasWeb\Removidos\FatPedidoNFItem2.dfm"
"fFatPedidoNFItem2.cValor_Total";"Total";"en-US";"";"FieldLabel";"c:\projetos\AtlasWeb\Removidos\FatPedidoNFItem2.dfm"
"fFatPedidoNFItem2.cValor_Unitario";"Valor Unitário";"en-US";"";"FieldLabel";"c:\projetos\AtlasWeb\Removidos\FatPedidoNFItem2.dfm"
"fFatPedidoNFItem2.UniFormattedNumberEdit6";"Estoque Minímo";"en-US";"";"FieldLabel";"c:\projetos\AtlasWeb\Removidos\FatPedidoNFItem2.dfm"
"fFatPedidoNFItem2.UniFormattedNumberEdit7";"Estoque Atual";"en-US";"";"FieldLabel";"c:\projetos\AtlasWeb\Removidos\FatPedidoNFItem2.dfm"
"fFatPedidoNFItem2.UniFormattedNumberEdit8";"Inventário Atual";"en-US";"";"FieldLabel";"c:\projetos\AtlasWeb\Removidos\FatPedidoNFItem2.dfm"
"fFatPedidoNFItem2.UniFormattedNumberEdit9";"Detalhe/Lote";"en-US";"";"FieldLabel";"c:\projetos\AtlasWeb\Removidos\FatPedidoNFItem2.dfm"
"fFatPedidoNFItem2.UniFormattedNumberEdit10";"Estoque Navio";"en-US";"";"FieldLabel";"c:\projetos\AtlasWeb\Removidos\FatPedidoNFItem2.dfm"
