Chave;TextoOriginal;Idioma;Traducao;Propriedade;Arquivo
"aLista.Pasta.fCadAlugueis";"Lista";"en-US";"";"Caption";"C:\Projetos\Atlasweb\CadAlugueis.dfm"
"UniTabSheet1";"Dados Gerais";"en-US";"";"Caption";"C:\Projetos\Atlasweb\CadAlugueis.dfm"
"pFicha1.UniScrollBox1.UniTabSheet1";"DADOS GERAIS";"en-US";"";"Title";"C:\Projetos\Atlasweb\CadAlugueis.dfm"
"cCodigo.pFicha1.UniScrollBox1.UniTabSheet1";"Código";"en-US";"";"FieldLabel";"C:\Projetos\Atlasweb\CadAlugueis.dfm"
"cDescricao.pFicha1.UniScrollBox1.UniTabSheet1";"Descrição";"en-US";"";"FieldLabel";"C:\Projetos\Atlasweb\CadAlugueis.dfm"
"cValor.pFicha1.UniScrollBox1.UniTabSheet1";"Valor";"en-US";"";"FieldLabel";"C:\Projetos\Atlasweb\CadAlugueis.dfm"
"cDia_Vencimento.pFicha1.UniScrollBox1.UniTabSheet1";"Dia de Vencimento";"en-US";"";"FieldLabel";"C:\Projetos\Atlasweb\CadAlugueis.dfm"
"cAliquota_COFINS.pFicha1.UniScrollBox1.UniTabSheet1";"Alíquota da COFINS";"en-US";"";"FieldLabel";"C:\Projetos\Atlasweb\CadAlugueis.dfm"
"cAliquota_PIS.pFicha1.UniScrollBox1.UniTabSheet1";"Alíquota do PIS";"en-US";"";"FieldLabel";"C:\Projetos\Atlasweb\CadAlugueis.dfm"
"cInicio.pFicha1.UniScrollBox1.UniTabSheet1";"Data de Inicio";"en-US";"";"FieldLabel";"C:\Projetos\Atlasweb\CadAlugueis.dfm"
"cTermino.pFicha1.UniScrollBox1.UniTabSheet1";"Data de Término";"en-US";"";"FieldLabel";"C:\Projetos\Atlasweb\CadAlugueis.dfm"
"aLista.Pasta.fCadBancos";"Lista";"en-US";"";"Caption";"C:\Projetos\Atlasweb\CadBancos.dfm"
"cNome.pFicha1.UniScrollBox1.UniTabSheet1";"Nome";"en-US";"";"FieldLabel";"C:\Projetos\Atlasweb\CadBancos.dfm"
"cConta.pFicha1.UniScrollBox1.UniTabSheet1";"Conta Corrente";"en-US";"";"FieldLabel";"C:\Projetos\Atlasweb\CadBancos.dfm"
"cAgencia.pFicha1.UniScrollBox1.UniTabSheet1";"Agência";"en-US";"";"FieldLabel";"C:\Projetos\Atlasweb\CadBancos.dfm"
"cSaldo.pFicha1.UniScrollBox1.UniTabSheet1";"Saldo";"en-US";"";"FieldLabel";"C:\Projetos\Atlasweb\CadBancos.dfm"
"cNumero_Banco.pFicha1.UniScrollBox1.UniTabSheet1";"Código do Banco";"en-US";"";"FieldLabel";"C:\Projetos\Atlasweb\CadBancos.dfm"
"cCheque.pFicha1.UniScrollBox1.UniTabSheet1";"Nº Último Cheque";"en-US";"";"FieldLabel";"C:\Projetos\Atlasweb\CadBancos.dfm"
"cCodigo_Destinatario.pFicha1.UniScrollBox1.UniTabSheet1";"Código de Destinatário";"en-US";"";"FieldLabel";"C:\Projetos\Atlasweb\CadBancos.dfm"
"cData_Fechamento.pFicha1.UniScrollBox1.UniTabSheet1";"Data Fechamento";"en-US";"";"FieldLabel";"C:\Projetos\Atlasweb\CadBancos.dfm"
"cDesativado.pFicha1.UniScrollBox1.UniTabSheet1";"Desativado";"en-US";"";"Caption";"C:\Projetos\Atlasweb\CadBancos.dfm"
"cSwift_Code.pFicha1.UniScrollBox1.UniTabSheet1";"Swift Code";"en-US";"";"FieldLabel";"C:\Projetos\Atlasweb\CadBancos.dfm"
"cIBAN.pFicha1.UniScrollBox1.UniTabSheet1";"Nº IBAN";"en-US";"";"FieldLabel";"C:\Projetos\Atlasweb\CadBancos.dfm"
"cContaContabil.pFicha1.UniScrollBox1.UniTabSheet1";"Conta Contabil";"en-US";"";"FieldLabel";"C:\Projetos\Atlasweb\CadBancos.dfm"
"cTipoConta.pFicha1.UniScrollBox1.UniTabSheet1";"Tipo de Conta";"en-US";"";"Caption";"C:\Projetos\Atlasweb\CadBancos.dfm"
"cDigito_cc.pFicha1.UniScrollBox1.UniTabSheet1";"Digito CC";"en-US";"";"FieldLabel";"C:\Projetos\Atlasweb\CadBancos.dfm"
"cDigito_ag.pFicha1.UniScrollBox1.UniTabSheet1";"Digito Ag";"en-US";"";"FieldLabel";"C:\Projetos\Atlasweb\CadBancos.dfm"
"UniDBLookupComboBox1.pFicha1.UniScrollBox1.UniTabSheet1";"Empresa";"en-US";"";"FieldLabel";"C:\Projetos\Atlasweb\CadBancos.dfm"
"UniTabSheet2";"Dados de Boleto";"en-US";"";"Caption";"C:\Projetos\Atlasweb\CadBancos.dfm"
"pFicha2.UniScrollBox2.UniTabSheet2";"DADOS GERAIS";"en-US";"";"Title";"C:\Projetos\Atlasweb\CadBancos.dfm"
"cCarteira.pFicha2.UniScrollBox2.UniTabSheet2";"Carteira Boleto";"en-US";"";"FieldLabel";"C:\Projetos\Atlasweb\CadBancos.dfm"
"cCodigo_Cedente.pFicha2.UniScrollBox2.UniTabSheet2";"Código Cedente";"en-US";"";"FieldLabel";"C:\Projetos\Atlasweb\CadBancos.dfm"
"cNome_Boleto.pFicha2.UniScrollBox2.UniTabSheet2";"Nome Impressão Boleto";"en-US";"";"FieldLabel";"C:\Projetos\Atlasweb\CadBancos.dfm"
"cConvenio.pFicha2.UniScrollBox2.UniTabSheet2";"Convênio";"en-US";"";"FieldLabel";"C:\Projetos\Atlasweb\CadBancos.dfm"
"cBoleto_LocalPagamento.pFicha2.UniScrollBox2.UniTabSheet2";"Local Pagto.Boleto";"en-US";"";"FieldLabel";"C:\Projetos\Atlasweb\CadBancos.dfm"
"cBoletos_Remessa.pFicha2.UniScrollBox2.UniTabSheet2";"Nº Última Remessa";"en-US";"";"FieldLabel";"C:\Projetos\Atlasweb\CadBancos.dfm"
"cNome_Remessa.pFicha2.UniScrollBox2.UniTabSheet2";"Nome arquivo remessa";"en-US";"";"FieldLabel";"C:\Projetos\Atlasweb\CadBancos.dfm"
"cCarteira_Remessa.pFicha2.UniScrollBox2.UniTabSheet2";"Carteira Remessa";"en-US";"";"FieldLabel";"C:\Projetos\Atlasweb\CadBancos.dfm"
"cCodigo_Transmissao.pFicha2.UniScrollBox2.UniTabSheet2";"Codigo de Transmissão";"en-US";"";"FieldLabel";"C:\Projetos\Atlasweb\CadBancos.dfm"
"aLista.Pasta.fCadBeneficiosFiscais";"Lista";"en-US";"";"Caption";"C:\Projetos\Atlasweb\CadBeneficiosFiscais.dfm"
"TabSheet1";"Benefícios";"en-US";"";"Caption";"C:\Projetos\Atlasweb\CadBeneficiosFiscais.dfm"
"pFicha.UniScrollBox1.TabSheet1";"DADOS GERAIS";"en-US";"";"Title";"C:\Projetos\Atlasweb\CadBeneficiosFiscais.dfm"
"cCodigo.pFicha.UniScrollBox1.TabSheet1";"Código";"en-US";"";"FieldLabel";"C:\Projetos\Atlasweb\CadBeneficiosFiscais.dfm"
"cNome.pFicha.UniScrollBox1.TabSheet1";"Nome";"en-US";"";"FieldLabel";"C:\Projetos\Atlasweb\CadBeneficiosFiscais.dfm"
"GroupBox1.pFicha.UniScrollBox1.TabSheet1";"BC ICMS(Entrada)";"en-US";"";"Caption";"C:\Projetos\Atlasweb\CadBeneficiosFiscais.dfm"
"cBCICMSEnt_FOB.GroupBox1.pFicha.UniScrollBox1.TabSheet1";"FOB";"en-US";"";"Caption";"C:\Projetos\Atlasweb\CadBeneficiosFiscais.dfm"
"cBCICMSEnt_Frete.GroupBox1.pFicha.UniScrollBox1.TabSheet1";"Frete";"en-US";"";"Caption";"C:\Projetos\Atlasweb\CadBeneficiosFiscais.dfm"
"cBCICMSEnt_Seguro.GroupBox1.pFicha.UniScrollBox1.TabSheet1";"Seguro";"en-US";"";"Caption";"C:\Projetos\Atlasweb\CadBeneficiosFiscais.dfm"
"cBCICMSEnt_II.GroupBox1.pFicha.UniScrollBox1.TabSheet1";"II";"en-US";"";"Caption";"C:\Projetos\Atlasweb\CadBeneficiosFiscais.dfm"
"cBCICMSEnt_IPI.GroupBox1.pFicha.UniScrollBox1.TabSheet1";"IPI";"en-US";"";"Caption";"C:\Projetos\Atlasweb\CadBeneficiosFiscais.dfm"
"cBCICMSEnt_PIS.GroupBox1.pFicha.UniScrollBox1.TabSheet1";"PIS";"en-US";"";"Caption";"C:\Projetos\Atlasweb\CadBeneficiosFiscais.dfm"
"cBCICMSEnt_COFINS.GroupBox1.pFicha.UniScrollBox1.TabSheet1";"COFINS";"en-US";"";"Caption";"C:\Projetos\Atlasweb\CadBeneficiosFiscais.dfm"
"cBCICMSEnt_Despesas.GroupBox1.pFicha.UniScrollBox1.TabSheet1";"Despesas";"en-US";"";"Caption";"C:\Projetos\Atlasweb\CadBeneficiosFiscais.dfm"
"cVencimento_ICMS.pFicha.UniScrollBox1.TabSheet1";"Vencimento ICMS Operacional";"en-US";"";"FieldLabel";"C:\Projetos\Atlasweb\CadBeneficiosFiscais.dfm"
"cEstado.pFicha.UniScrollBox1.TabSheet1";"Estado";"en-US";"";"FieldLabel";"C:\Projetos\Atlasweb\CadBeneficiosFiscais.dfm"
"cReducaoICMS_Entrada.pFicha.UniScrollBox1.TabSheet1";"Redução BC ICMS Entrada (%)";"en-US";"";"FieldLabel";"C:\Projetos\Atlasweb\CadBeneficiosFiscais.dfm"
"cReducaoICMS_Saida.pFicha.UniScrollBox1.TabSheet1";"Redução BC ICMS Saída (%)";"en-US";"";"FieldLabel";"C:\Projetos\Atlasweb\CadBeneficiosFiscais.dfm"
"cICMS_Diferido.pFicha.UniScrollBox1.TabSheet1";"ICMS Diferido";"en-US";"";"Caption";"C:\Projetos\Atlasweb\CadBeneficiosFiscais.dfm"
"cVencimento_ICMSSub.pFicha.UniScrollBox1.TabSheet1";"Vencimento ICMS Substitutivo";"en-US";"";"FieldLabel";"C:\Projetos\Atlasweb\CadBeneficiosFiscais.dfm"
"cReducao_AliquotaICMS.pFicha.UniScrollBox1.TabSheet1";"Redução Aliquota ICMS (%)";"en-US";"";"FieldLabel";"C:\Projetos\Atlasweb\CadBeneficiosFiscais.dfm"
"cInativa.pFicha.UniScrollBox1.TabSheet1";"Inativa";"en-US";"";"Caption";"C:\Projetos\Atlasweb\CadBeneficiosFiscais.dfm"
"cCodigo_Receita.pFicha.UniScrollBox1.TabSheet1";"Código da Receita";"en-US";"";"FieldLabel";"C:\Projetos\Atlasweb\CadBeneficiosFiscais.dfm"
"cCaucao_RetBANDES.pFicha.UniScrollBox1.TabSheet1";"Caução Retenção BANDES";"en-US";"";"FieldLabel";"C:\Projetos\Atlasweb\CadBeneficiosFiscais.dfm"
"cValor_TaxaCartorio.pFicha.UniScrollBox1.TabSheet1";"Taxa Registro Contrato Cartório";"en-US";"";"FieldLabel";"C:\Projetos\Atlasweb\CadBeneficiosFiscais.dfm"
"cPercentual_TaxaCartorio.pFicha.UniScrollBox1.TabSheet1";"Percentual Registro Contrato Cartório";"en-US";"";"FieldLabel";"C:\Projetos\Atlasweb\CadBeneficiosFiscais.dfm"
"cTaxa_LeilaoBANDES.pFicha.UniScrollBox1.TabSheet1";"Taxa Leilão BANDES";"en-US";"";"FieldLabel";"C:\Projetos\Atlasweb\CadBeneficiosFiscais.dfm"
"cLimite_Contrato.pFicha.UniScrollBox1.TabSheet1";"Limite Valor Taxa Contrato";"en-US";"";"FieldLabel";"C:\Projetos\Atlasweb\CadBeneficiosFiscais.dfm"
"UniGroupBox1.pFicha.UniScrollBox1.TabSheet1";"BC ICMS(Saída)";"en-US";"";"Caption";"C:\Projetos\Atlasweb\CadBeneficiosFiscais.dfm"
"UniDBCheckBox1.UniGroupBox1.pFicha.UniScrollBox1.TabSheet1";"FOB";"en-US";"";"Caption";"C:\Projetos\Atlasweb\CadBeneficiosFiscais.dfm"
"UniDBCheckBox2.UniGroupBox1.pFicha.UniScrollBox1.TabSheet1";"Frete";"en-US";"";"Caption";"C:\Projetos\Atlasweb\CadBeneficiosFiscais.dfm"
"UniDBCheckBox3.UniGroupBox1.pFicha.UniScrollBox1.TabSheet1";"Seguro";"en-US";"";"Caption";"C:\Projetos\Atlasweb\CadBeneficiosFiscais.dfm"
"UniDBCheckBox4.UniGroupBox1.pFicha.UniScrollBox1.TabSheet1";"II";"en-US";"";"Caption";"C:\Projetos\Atlasweb\CadBeneficiosFiscais.dfm"
"UniDBCheckBox5.UniGroupBox1.pFicha.UniScrollBox1.TabSheet1";"IPI";"en-US";"";"Caption";"C:\Projetos\Atlasweb\CadBeneficiosFiscais.dfm"
"UniDBCheckBox6.UniGroupBox1.pFicha.UniScrollBox1.TabSheet1";"PIS";"en-US";"";"Caption";"C:\Projetos\Atlasweb\CadBeneficiosFiscais.dfm"
"UniDBCheckBox7.UniGroupBox1.pFicha.UniScrollBox1.TabSheet1";"COFINS";"en-US";"";"Caption";"C:\Projetos\Atlasweb\CadBeneficiosFiscais.dfm"
"UniDBCheckBox8.UniGroupBox1.pFicha.UniScrollBox1.TabSheet1";"Despesas";"en-US";"";"Caption";"C:\Projetos\Atlasweb\CadBeneficiosFiscais.dfm"
"TabSheet2";"Tabela ICMS Recuperar";"en-US";"";"Caption";"C:\Projetos\Atlasweb\CadBeneficiosFiscais.dfm"
"pFicha2.UniScrollBox2.TabSheet2";"DADOS GERAIS";"en-US";"";"Title";"C:\Projetos\Atlasweb\CadBeneficiosFiscais.dfm"
"cBase_Calculo.pFicha3.pFicha2.UniScrollBox2.TabSheet2";"Base de Cálculo";"en-US";"";"Caption";"C:\Projetos\Atlasweb\CadBeneficiosFiscais.dfm"
"cAliquota_Recuperar.pFicha3.pFicha2.UniScrollBox2.TabSheet2";"Alíquota de ICMS a Recuperar";"en-US";"";"FieldLabel";"C:\Projetos\Atlasweb\CadBeneficiosFiscais.dfm"
"cAliquota_ICMS.pFicha3.pFicha2.UniScrollBox2.TabSheet2";"Alíquota de ICMS na Saída";"en-US";"";"FieldLabel";"C:\Projetos\Atlasweb\CadBeneficiosFiscais.dfm"
"aLista.Pasta.fCadCentroCusto";"Lista";"en-US";"";"Caption";"C:\Projetos\Atlasweb\CadCentroCusto.dfm"
"cCodigo.pFicha1.UniScrollBox1.UniTabSheet1";"Codigo";"en-US";"";"FieldLabel";"C:\Projetos\Atlasweb\CadCentroCusto.dfm"
"cNome.pFicha1.UniScrollBox1.UniTabSheet1";"Descricao";"en-US";"";"FieldLabel";"C:\Projetos\Atlasweb\CadCentroCusto.dfm"
"cProcesso.pFicha1.UniScrollBox1.UniTabSheet1";"Referente a Processo";"en-US";"";"Caption";"C:\Projetos\Atlasweb\CadCentroCusto.dfm"
"aLista.Pasta.fCadCFOP";"Lista";"en-US";"";"Caption";"C:\Projetos\Atlasweb\CadCFOP.dfm"
"pFicha.UniScrollBox1.UniTabSheet1";"DADOS GERAIS";"en-US";"";"Title";"C:\Projetos\Atlasweb\CadCFOP.dfm"
"GroupBox1.pFicha.UniScrollBox1.UniTabSheet1";"Parâmetros";"en-US";"";"Caption";"C:\Projetos\Atlasweb\CadCFOP.dfm"
"cServico.GroupBox1.pFicha.UniScrollBox1.UniTabSheet1";"Referente a prestação de serviços";"en-US";"";"Caption";"C:\Projetos\Atlasweb\CadCFOP.dfm"
"cDiferencial_ICMS.GroupBox1.pFicha.UniScrollBox1.UniTabSheet1";"Calcular diferencial de aliíquota de ICMS";"en-US";"";"Caption";"C:\Projetos\Atlasweb\CadCFOP.dfm"
"cImobilizado.GroupBox1.pFicha.UniScrollBox1.UniTabSheet1";"Ativo Imobilizado";"en-US";"";"Caption";"C:\Projetos\Atlasweb\CadCFOP.dfm"
"cApuracao_PISCOFINS.GroupBox1.pFicha.UniScrollBox1.UniTabSheet1";"Apura PIS/COFINS";"en-US";"";"Caption";"C:\Projetos\Atlasweb\CadCFOP.dfm"
"cAtivo.GroupBox1.pFicha.UniScrollBox1.UniTabSheet1";"Desativada";"en-US";"";"Caption";"C:\Projetos\Atlasweb\CadCFOP.dfm"
"cSaida_Entrada.pFicha.UniScrollBox1.UniTabSheet1";"Tipo";"en-US";"";"Caption";"C:\Projetos\Atlasweb\CadCFOP.dfm"
"UniDBRadioGroup1.pFicha.UniScrollBox1.UniTabSheet1";"Origem";"en-US";"";"Caption";"C:\Projetos\Atlasweb\CadCFOP.dfm"
"UniGroupBox1.pFicha.UniScrollBox1.UniTabSheet1";"CFOP";"en-US";"";"Caption";"C:\Projetos\Atlasweb\CadCFOP.dfm"
"cCodigo.UniGroupBox1.pFicha.UniScrollBox1.UniTabSheet1";"Código";"en-US";"";"FieldLabel";"C:\Projetos\Atlasweb\CadCFOP.dfm"
"cDescricao.UniGroupBox1.pFicha.UniScrollBox1.UniTabSheet1";"Descrição";"en-US";"";"FieldLabel";"C:\Projetos\Atlasweb\CadCFOP.dfm"
"cPrazo_Retorno.UniGroupBox1.pFicha.UniScrollBox1.UniTabSheet1";"Prazo p/Retorno (Dias)";"en-US";"";"FieldLabel";"C:\Projetos\Atlasweb\CadCFOP.dfm"
"UniDBEdit1.UniGroupBox1.pFicha.UniScrollBox1.UniTabSheet1";"CFOP (Devolução)";"en-US";"";"FieldLabel";"C:\Projetos\Atlasweb\CadCFOP.dfm"
"UniDBEdit2.UniGroupBox1.pFicha.UniScrollBox1.UniTabSheet1";"CFOP (Estorno)";"en-US";"";"FieldLabel";"C:\Projetos\Atlasweb\CadCFOP.dfm"
"aLista.Pasta.fCadCodigosRFB";"Lista";"en-US";"";"Caption";"C:\Projetos\Atlasweb\CadCodigosRFB.dfm"
"cCodigo.pFicha.UniScrollBox1.UniTabSheet1";"Código";"en-US";"";"FieldLabel";"C:\Projetos\Atlasweb\CadCodigosRFB.dfm"
"cDescricao.pFicha.UniScrollBox1.UniTabSheet1";"Descrição";"en-US";"";"FieldLabel";"C:\Projetos\Atlasweb\CadCodigosRFB.dfm"
"cComex.pFicha.UniScrollBox1.UniTabSheet1";"Referente a COMEX";"en-US";"";"Caption";"C:\Projetos\Atlasweb\CadCodigosRFB.dfm"
"cAtivo.pFicha.UniScrollBox1.UniTabSheet1";"Inativo";"en-US";"";"Caption";"C:\Projetos\Atlasweb\CadCodigosRFB.dfm"
"aLista.Pasta.fCadComissoes";"Lista";"en-US";"";"Caption";"C:\Projetos\Atlasweb\CadComissoes.dfm"
"cValor.pFicha.UniScrollBox1.UniTabSheet1";"Valor";"en-US";"";"FieldLabel";"C:\Projetos\Atlasweb\CadComissoes.dfm"
"aLista.Pasta.fCadCondicaoCambial";"Lista";"en-US";"";"Caption";"C:\Projetos\Atlasweb\CadCondicaoCambial.dfm"
"pFicha.UniScrollBox2.UniScrollBox1.UniTabSheet1";"DADOS GERAIS";"en-US";"";"Title";"C:\Projetos\Atlasweb\CadCondicaoCambial.dfm"
"cDescricao.pFicha.UniScrollBox2.UniScrollBox1.UniTabSheet1";"Descrição";"en-US";"";"FieldLabel";"C:\Projetos\Atlasweb\CadCondicaoCambial.dfm"
"cCodigo.pFicha.UniScrollBox2.UniScrollBox1.UniTabSheet1";"Código";"en-US";"";"FieldLabel";"C:\Projetos\Atlasweb\CadCondicaoCambial.dfm"
"cPercentual1.pFicha.UniScrollBox2.UniScrollBox1.UniTabSheet1";"Percentual 1";"en-US";"";"FieldLabel";"C:\Projetos\Atlasweb\CadCondicaoCambial.dfm"
"cPercentual2.pFicha.UniScrollBox2.UniScrollBox1.UniTabSheet1";"Percentual 2";"en-US";"";"FieldLabel";"C:\Projetos\Atlasweb\CadCondicaoCambial.dfm"
"cPercentual3.pFicha.UniScrollBox2.UniScrollBox1.UniTabSheet1";"Percentual 3";"en-US";"";"FieldLabel";"C:\Projetos\Atlasweb\CadCondicaoCambial.dfm"
"cVencimento1.pFicha.UniScrollBox2.UniScrollBox1.UniTabSheet1";"Dias";"en-US";"";"FieldLabel";"C:\Projetos\Atlasweb\CadCondicaoCambial.dfm"
"cVencimento2.pFicha.UniScrollBox2.UniScrollBox1.UniTabSheet1";"Dias";"en-US";"";"FieldLabel";"C:\Projetos\Atlasweb\CadCondicaoCambial.dfm"
"cVencimento3.pFicha.UniScrollBox2.UniScrollBox1.UniTabSheet1";"Dias";"en-US";"";"FieldLabel";"C:\Projetos\Atlasweb\CadCondicaoCambial.dfm"
"cVencimento4.pFicha.UniScrollBox2.UniScrollBox1.UniTabSheet1";"Dias";"en-US";"";"FieldLabel";"C:\Projetos\Atlasweb\CadCondicaoCambial.dfm"
"RxDBLookupCombo1.pFicha.UniScrollBox2.UniScrollBox1.UniTabSheet1";"Classificação";"en-US";"";"FieldLabel";"C:\Projetos\Atlasweb\CadCondicaoCambial.dfm"
"RxDBLookupCombo2.pFicha.UniScrollBox2.UniScrollBox1.UniTabSheet1";"Classificação";"en-US";"";"FieldLabel";"C:\Projetos\Atlasweb\CadCondicaoCambial.dfm"
"RxDBLookupCombo3.pFicha.UniScrollBox2.UniScrollBox1.UniTabSheet1";"Classificação";"en-US";"";"FieldLabel";"C:\Projetos\Atlasweb\CadCondicaoCambial.dfm"
"RxDBLookupCombo4.pFicha.UniScrollBox2.UniScrollBox1.UniTabSheet1";"Classificação";"en-US";"";"FieldLabel";"C:\Projetos\Atlasweb\CadCondicaoCambial.dfm"
"cTermos_Comerciais.pFicha.UniScrollBox2.UniScrollBox1.UniTabSheet1";"Termos Cormerciais";"en-US";"";"FieldLabel";"C:\Projetos\Atlasweb\CadCondicaoCambial.dfm"
"cObservacao.pFicha.UniScrollBox2.UniScrollBox1.UniTabSheet1";"Observação";"en-US";"";"FieldLabel";"C:\Projetos\Atlasweb\CadCondicaoCambial.dfm"
"cTotalPercentual.pFicha.UniScrollBox2.UniScrollBox1.UniTabSheet1";"Total";"en-US";"";"FieldLabel";"C:\Projetos\Atlasweb\CadCondicaoCambial.dfm"
"cTotalDias.pFicha.UniScrollBox2.UniScrollBox1.UniTabSheet1";"Total";"en-US";"";"FieldLabel";"C:\Projetos\Atlasweb\CadCondicaoCambial.dfm"
"RxLabel3.fCadConfigsis";"CONFIGURAÇÃO";"en-US";"";"Caption";"C:\Projetos\Atlasweb\CadConfigsis.dfm"
"RxLabel2.fCadConfigsis";"Configuraões e Parâmetrizações do sistema.";"en-US";"";"Caption";"C:\Projetos\Atlasweb\CadConfigsis.dfm"
"cVersaoDLL.Panel1.fCadConfigsis";"Versão DLL";"en-US";"";"Caption";"C:\Projetos\Atlasweb\CadConfigsis.dfm"
"bSalvar.Panel1.fCadConfigsis";"Sal&var";"en-US";"";"Caption";"C:\Projetos\Atlasweb\CadConfigsis.dfm"
"bSair.Panel1.fCadConfigsis";"&Sair";"en-US";"";"Caption";"C:\Projetos\Atlasweb\CadConfigsis.dfm"
"TabSheet1.Pasta.fCadConfigsis";"&Sistema";"en-US";"";"Caption";"C:\Projetos\Atlasweb\CadConfigsis.dfm"
"GroupBox3.TabSheet1.Pasta.fCadConfigsis";"Rede / Internet";"en-US";"";"Caption";"C:\Projetos\Atlasweb\CadConfigsis.dfm"
"cSite.GroupBox3.TabSheet1.Pasta.fCadConfigsis";"Site";"en-US";"";"FieldLabel";"C:\Projetos\Atlasweb\CadConfigsis.dfm"
"cEmail_Suporte.GroupBox3.TabSheet1.Pasta.fCadConfigsis";"E-mail do Suporte";"en-US";"";"FieldLabel";"C:\Projetos\Atlasweb\CadConfigsis.dfm"
"cIP_Suporte.GroupBox3.TabSheet1.Pasta.fCadConfigsis";"IP do Suporte";"en-US";"";"FieldLabel";"C:\Projetos\Atlasweb\CadConfigsis.dfm"
"cServidor_Proxy.GroupBox3.TabSheet1.Pasta.fCadConfigsis";"Endereço do servidor Proxy";"en-US";"";"FieldLabel";"C:\Projetos\Atlasweb\CadConfigsis.dfm"
"cUsuario_Proxy.GroupBox3.TabSheet1.Pasta.fCadConfigsis";"Usuário Proxy";"en-US";"";"FieldLabel";"C:\Projetos\Atlasweb\CadConfigsis.dfm"
"cSenha_FTP.GroupBox3.TabSheet1.Pasta.fCadConfigsis";"Senha";"en-US";"";"FieldLabel";"C:\Projetos\Atlasweb\CadConfigsis.dfm"
"cUsuario_FTP.GroupBox3.TabSheet1.Pasta.fCadConfigsis";"Usuário FTP";"en-US";"";"FieldLabel";"C:\Projetos\Atlasweb\CadConfigsis.dfm"
"cSenha_Proxy.GroupBox3.TabSheet1.Pasta.fCadConfigsis";"Senha";"en-US";"";"FieldLabel";"C:\Projetos\Atlasweb\CadConfigsis.dfm"
"cPasta_BackupCybersoft.GroupBox3.TabSheet1.Pasta.fCadConfigsis";"Pasta Backup Servidor (Cybersoft)";"en-US";"";"FieldLabel";"C:\Projetos\Atlasweb\CadConfigsis.dfm"
"cPassive_FTP.GroupBox3.TabSheet1.Pasta.fCadConfigsis";"FTP Passive mode";"en-US";"";"Caption";"C:\Projetos\Atlasweb\CadConfigsis.dfm"
"cServidor_Local.GroupBox3.TabSheet1.Pasta.fCadConfigsis";"Tipo de Servidor";"en-US";"";"Caption";"C:\Projetos\Atlasweb\CadConfigsis.dfm"
"cPasta_AtualizacaoCybersoft.GroupBox3.TabSheet1.Pasta.fCadConfigsis";"Pasta Atualiz.Servidor (Cybersoft)";"en-US";"";"FieldLabel";"C:\Projetos\Atlasweb\CadConfigsis.dfm"
"cNome_Servidor.GroupBox3.TabSheet1.Pasta.fCadConfigsis";"Nome do Servidor";"en-US";"";"FieldLabel";"C:\Projetos\Atlasweb\CadConfigsis.dfm"
"GroupBox9.TabSheet1.Pasta.fCadConfigsis";"Ambiente";"en-US";"";"Caption";"C:\Projetos\Atlasweb\CadConfigsis.dfm"
"cAtivar_Skin.GroupBox9.TabSheet1.Pasta.fCadConfigsis";"Ativar Skin";"en-US";"";"Caption";"C:\Projetos\Atlasweb\CadConfigsis.dfm"
"cAtivar_Som.GroupBox9.TabSheet1.Pasta.fCadConfigsis";"Habilitar Sinais Sonoros no Sistema.";"en-US";"";"Caption";"C:\Projetos\Atlasweb\CadConfigsis.dfm"
"cAtualizar_Moedas.GroupBox9.TabSheet1.Pasta.fCadConfigsis";"Atualização da cotação de moedas automatica.";"en-US";"";"Caption";"C:\Projetos\Atlasweb\CadConfigsis.dfm"
"cBackup_Automatico.GroupBox9.TabSheet1.Pasta.fCadConfigsis";"Backup automático.";"en-US";"";"Caption";"C:\Projetos\Atlasweb\CadConfigsis.dfm"
"GroupBox26.TabSheet1.Pasta.fCadConfigsis";"Atualização";"en-US";"";"Caption";"C:\Projetos\Atlasweb\CadConfigsis.dfm"
"cAtualizar_Sistema.GroupBox26.TabSheet1.Pasta.fCadConfigsis";"Avisar quando houver atualização do sistema disponível.";"en-US";"";"Caption";"C:\Projetos\Atlasweb\CadConfigsis.dfm"
"TabSheet2.Pasta.fCadConfigsis";"&Pastas";"en-US";"";"Caption";"C:\Projetos\Atlasweb\CadConfigsis.dfm"
"GroupBox35.TabSheet2.Pasta.fCadConfigsis";"NF-e";"en-US";"";"Caption";"C:\Projetos\Atlasweb\CadConfigsis.dfm"
"cSeparar_NFE.GroupBox35.TabSheet2.Pasta.fCadConfigsis";"Pastas separadas (Entrada/Saída)";"en-US";"";"Caption";"C:\Projetos\Atlasweb\CadConfigsis.dfm"
"cSeparar_NFEMes.GroupBox35.TabSheet2.Pasta.fCadConfigsis";"Pastas separadas (Mês)";"en-US";"";"Caption";"C:\Projetos\Atlasweb\CadConfigsis.dfm"
"GroupBox36.TabSheet2.Pasta.fCadConfigsis";"Boletos";"en-US";"";"Caption";"C:\Projetos\Atlasweb\CadConfigsis.dfm"
"cSeparar_BoletoBanco.GroupBox36.TabSheet2.Pasta.fCadConfigsis";"Pastas separadas (Bancos)";"en-US";"";"Caption";"C:\Projetos\Atlasweb\CadConfigsis.dfm"
"cSeparar_BoletoData.GroupBox36.TabSheet2.Pasta.fCadConfigsis";"Pastas separadas (Data)";"en-US";"";"Caption";"C:\Projetos\Atlasweb\CadConfigsis.dfm"
"TabSheet4.Pasta.fCadConfigsis";"&Impressão";"en-US";"";"Caption";"C:\Projetos\Atlasweb\CadConfigsis.dfm"
"GroupBox5.TabSheet4.Pasta.fCadConfigsis";"Memorando de Exportação";"en-US";"";"Caption";"C:\Projetos\Atlasweb\CadConfigsis.dfm"
"cMemorando_LinhasItens.GroupBox5.TabSheet4.Pasta.fCadConfigsis";"Linhas de Itens";"en-US";"";"FieldLabel";"C:\Projetos\Atlasweb\CadConfigsis.dfm"
"cMemorando_LinhasNotas.GroupBox5.TabSheet4.Pasta.fCadConfigsis";"Linhas de Notas de Entrada";"en-US";"";"FieldLabel";"C:\Projetos\Atlasweb\CadConfigsis.dfm"
"cMemorando_Tamaho.GroupBox5.TabSheet4.Pasta.fCadConfigsis";"Tamanho em Linhas";"en-US";"";"FieldLabel";"C:\Projetos\Atlasweb\CadConfigsis.dfm"
"GroupBox6.TabSheet4.Pasta.fCadConfigsis";"Nota fiscal de serviço";"en-US";"";"Caption";"C:\Projetos\Atlasweb\CadConfigsis.dfm"
"cNotaServico_Serie.GroupBox6.TabSheet4.Pasta.fCadConfigsis";"Série";"en-US";"";"FieldLabel";"C:\Projetos\Atlasweb\CadConfigsis.dfm"
"cNotaServico_SubSerie.GroupBox6.TabSheet4.Pasta.fCadConfigsis";"Sub-Série";"en-US";"";"FieldLabel";"C:\Projetos\Atlasweb\CadConfigsis.dfm"
"cNotaServico_Modelo.GroupBox6.TabSheet4.Pasta.fCadConfigsis";"Modelo";"en-US";"";"FieldLabel";"C:\Projetos\Atlasweb\CadConfigsis.dfm"
"cNotaServico_Tamanho.GroupBox6.TabSheet4.Pasta.fCadConfigsis";"Tamanho em Linhas";"en-US";"";"FieldLabel";"C:\Projetos\Atlasweb\CadConfigsis.dfm"
"cExtenso_Maiusculo.TabSheet4.Pasta.fCadConfigsis";"Impressão de valores por extenso em maíusculo.";"en-US";"";"Caption";"C:\Projetos\Atlasweb\CadConfigsis.dfm"
"cAbrir_PDFDANFE.TabSheet4.Pasta.fCadConfigsis";"Abrir PDF do DANFE após envio de NF-e para SEFAZ.";"en-US";"";"Caption";"C:\Projetos\Atlasweb\CadConfigsis.dfm"
"GroupBox24.TabSheet4.Pasta.fCadConfigsis";"Impressão do DANFE";"en-US";"";"Caption";"C:\Projetos\Atlasweb\CadConfigsis.dfm"
"cNFE_DANFE_Orientacao.GroupBox24.TabSheet4.Pasta.fCadConfigsis";"Orientação";"en-US";"";"Caption";"C:\Projetos\Atlasweb\CadConfigsis.dfm"
"cNFE_DANFE_CodigoProduto.GroupBox24.TabSheet4.Pasta.fCadConfigsis";"Código da Mercadoria";"en-US";"";"Caption";"C:\Projetos\Atlasweb\CadConfigsis.dfm"
"TabSheet11.Pasta.fCadConfigsis";"&Faturamento";"en-US";"";"Caption";"C:\Projetos\Atlasweb\CadConfigsis.dfm"
"GroupBox2.TabSheet11.Pasta.fCadConfigsis";"Rateios";"en-US";"";"Caption";"C:\Projetos\Atlasweb\CadConfigsis.dfm"
"cRateio_Frete.GroupBox2.TabSheet11.Pasta.fCadConfigsis";"Frete";"en-US";"";"Caption";"C:\Projetos\Atlasweb\CadConfigsis.dfm"
"cRateio_Seguro.GroupBox2.TabSheet11.Pasta.fCadConfigsis";"Seguro";"en-US";"";"Caption";"C:\Projetos\Atlasweb\CadConfigsis.dfm"
"cRateio_Despesas.GroupBox2.TabSheet11.Pasta.fCadConfigsis";"Despesas";"en-US";"";"Caption";"C:\Projetos\Atlasweb\CadConfigsis.dfm"
"cRateio_COFINS.GroupBox2.TabSheet11.Pasta.fCadConfigsis";"COFINS";"en-US";"";"Caption";"C:\Projetos\Atlasweb\CadConfigsis.dfm"
"cRateio_PIS.GroupBox2.TabSheet11.Pasta.fCadConfigsis";"PIS";"en-US";"";"Caption";"C:\Projetos\Atlasweb\CadConfigsis.dfm"
"cRateio_Valoracao.GroupBox2.TabSheet11.Pasta.fCadConfigsis";"Acréscimo";"en-US";"";"Caption";"C:\Projetos\Atlasweb\CadConfigsis.dfm"
"cRateio_DespesasValor.GroupBox2.TabSheet11.Pasta.fCadConfigsis";"Ratear Despesas";"en-US";"";"Caption";"C:\Projetos\Atlasweb\CadConfigsis.dfm"
"cValor_Despesas.TabSheet11.Pasta.fCadConfigsis";"Valor das Despesas de Custo do processo";"en-US";"";"Caption";"C:\Projetos\Atlasweb\CadConfigsis.dfm"
"GroupBox27.TabSheet11.Pasta.fCadConfigsis";"Diversos";"en-US";"";"Caption";"C:\Projetos\Atlasweb\CadConfigsis.dfm"
"cBotao_Duplicata.GroupBox27.TabSheet11.Pasta.fCadConfigsis";"Desabilitar botão "Gerar Duplicatas" das telas de Pedido.";"en-US";"";"Caption";"C:\Projetos\Atlasweb\CadConfigsis.dfm"
"cCalculo_Reverso.GroupBox27.TabSheet11.Pasta.fCadConfigsis";"Habilitar cálculo reverso nos pedidos.";"en-US";"";"Caption";"C:\Projetos\Atlasweb\CadConfigsis.dfm"
"cFaturamento_BloquearAtraso.GroupBox27.TabSheet11.Pasta.fCadConfigsis";"Bloquear pedidos para clientes com pagamentos em atraso.";"en-US";"";"Caption";"C:\Projetos\Atlasweb\CadConfigsis.dfm"
"GroupBox30.TabSheet11.Pasta.fCadConfigsis";"Estoque Minímo";"en-US";"";"Caption";"C:\Projetos\Atlasweb\CadConfigsis.dfm"
"cEstoque_MinimoPerc.GroupBox30.TabSheet11.Pasta.fCadConfigsis";"Percentual";"en-US";"";"FieldLabel";"C:\Projetos\Atlasweb\CadConfigsis.dfm"
"bMinimo.GroupBox30.TabSheet11.Pasta.fCadConfigsis";"Reprocessar Estoque Minímo de todos os produtos";"en-US";"";"Caption";"C:\Projetos\Atlasweb\CadConfigsis.dfm"
"TabSheet12.Pasta.fCadConfigsis";"Fisc&ais";"en-US";"";"Caption";"C:\Projetos\Atlasweb\CadConfigsis.dfm"
"TabSheet20.PageControl4.TabSheet12.Pasta.fCadConfigsis";"&Diversos";"en-US";"";"Caption";"C:\Projetos\Atlasweb\CadConfigsis.dfm"
"GroupBox1.TabSheet20.PageControl4.TabSheet12.Pasta.fCadConfigsis";"Natureza da Operação";"en-US";"";"Caption";"C:\Projetos\Atlasweb\CadConfigsis.dfm"
"cNatureza_EntradaIni.GroupBox1.TabSheet20.PageControl4.TabSheet12.Pasta.fCadConfigsis";"Entrada de";"en-US";"";"FieldLabel";"C:\Projetos\Atlasweb\CadConfigsis.dfm"
"cNatureza_SaidaIni.GroupBox1.TabSheet20.PageControl4.TabSheet12.Pasta.fCadConfigsis";"Saída de";"en-US";"";"FieldLabel";"C:\Projetos\Atlasweb\CadConfigsis.dfm"
"GroupBox7.TabSheet20.PageControl4.TabSheet12.Pasta.fCadConfigsis";"Conhecimento de Transporte (CTR)";"en-US";"";"Caption";"C:\Projetos\Atlasweb\CadConfigsis.dfm"
"cPIS_CTR.GroupBox7.TabSheet20.PageControl4.TabSheet12.Pasta.fCadConfigsis";"PIS";"en-US";"";"FieldLabel";"C:\Projetos\Atlasweb\CadConfigsis.dfm"
"cCOFINS_CTR.GroupBox7.TabSheet20.PageControl4.TabSheet12.Pasta.fCadConfigsis";"COFINS";"en-US";"";"FieldLabel";"C:\Projetos\Atlasweb\CadConfigsis.dfm"
"clRamo_CTR.GroupBox7.TabSheet20.PageControl4.TabSheet12.Pasta.fCadConfigsis";"Ramo de Atividade";"en-US";"";"FieldLabel";"C:\Projetos\Atlasweb\CadConfigsis.dfm"
"cItem_CTR.GroupBox7.TabSheet20.PageControl4.TabSheet12.Pasta.fCadConfigsis";"Código Produto";"en-US";"";"FieldLabel";"C:\Projetos\Atlasweb\CadConfigsis.dfm"
"GroupBox17.TabSheet20.PageControl4.TabSheet12.Pasta.fCadConfigsis";"Alíquotas básicas de PIS/COFINS";"en-US";"";"Caption";"C:\Projetos\Atlasweb\CadConfigsis.dfm"
"cPIS_AliquotaBasica.GroupBox17.TabSheet20.PageControl4.TabSheet12.Pasta.fCadConfigsis";"PIS (Entrada)";"en-US";"";"FieldLabel";"C:\Projetos\Atlasweb\CadConfigsis.dfm"
"cCOFINS_AliquotaBasica.GroupBox17.TabSheet20.PageControl4.TabSheet12.Pasta.fCadConfigsis";"COFINS (Entrada)";"en-US";"";"FieldLabel";"C:\Projetos\Atlasweb\CadConfigsis.dfm"
"cPIS_AliquotaBasicaSaida.GroupBox17.TabSheet20.PageControl4.TabSheet12.Pasta.fCadConfigsis";"PIS (Saída)";"en-US";"";"FieldLabel";"C:\Projetos\Atlasweb\CadConfigsis.dfm"
"cCOFINS_AliquotaBasicaSaida.GroupBox17.TabSheet20.PageControl4.TabSheet12.Pasta.fCadConfigsis";"COFINS (Saída)";"en-US";"";"FieldLabel";"C:\Projetos\Atlasweb\CadConfigsis.dfm"
"GroupBox29.TabSheet20.PageControl4.TabSheet12.Pasta.fCadConfigsis";"CIAP";"en-US";"";"Caption";"C:\Projetos\Atlasweb\CadConfigsis.dfm"
"cValor_CIAP.GroupBox29.TabSheet20.PageControl4.TabSheet12.Pasta.fCadConfigsis";"Valor Mínimo para imobilizado (CIAP)";"en-US";"";"FieldLabel";"C:\Projetos\Atlasweb\CadConfigsis.dfm"
"cParcelas_CIAP.GroupBox29.TabSheet20.PageControl4.TabSheet12.Pasta.fCadConfigsis";"Quantidade de Parcelas (Meses)";"en-US";"";"FieldLabel";"C:\Projetos\Atlasweb\CadConfigsis.dfm"
"GroupBox10.TabSheet20.PageControl4.TabSheet12.Pasta.fCadConfigsis";"Vencimentos dos  Impostos (Dia)";"en-US";"";"Caption";"C:\Projetos\Atlasweb\CadConfigsis.dfm"
"cVencimento_ICMSFUNDAP.GroupBox10.TabSheet20.PageControl4.TabSheet12.Pasta.fCadConfigsis";"ICMS FUNDAP";"en-US";"";"FieldLabel";"C:\Projetos\Atlasweb\CadConfigsis.dfm"
"cVencimento_ICMSINVEST.GroupBox10.TabSheet20.PageControl4.TabSheet12.Pasta.fCadConfigsis";"ICMS INVEST";"en-US";"";"FieldLabel";"C:\Projetos\Atlasweb\CadConfigsis.dfm"
"cVencimento_ICMSComercio.GroupBox10.TabSheet20.PageControl4.TabSheet12.Pasta.fCadConfigsis";"ICMS Comércio";"en-US";"";"FieldLabel";"C:\Projetos\Atlasweb\CadConfigsis.dfm"
"cVencimento_PIS.GroupBox10.TabSheet20.PageControl4.TabSheet12.Pasta.fCadConfigsis";"PIS";"en-US";"";"FieldLabel";"C:\Projetos\Atlasweb\CadConfigsis.dfm"
"cVencimento_COFINS.GroupBox10.TabSheet20.PageControl4.TabSheet12.Pasta.fCadConfigsis";"COFINS";"en-US";"";"FieldLabel";"C:\Projetos\Atlasweb\CadConfigsis.dfm"
"cVencimento_IPI.GroupBox10.TabSheet20.PageControl4.TabSheet12.Pasta.fCadConfigsis";"IPI";"en-US";"";"FieldLabel";"C:\Projetos\Atlasweb\CadConfigsis.dfm"
"cVencimento_IRPJ.GroupBox10.TabSheet20.PageControl4.TabSheet12.Pasta.fCadConfigsis";"IRPJ";"en-US";"";"FieldLabel";"C:\Projetos\Atlasweb\CadConfigsis.dfm"
"cVencimento_CSLL.GroupBox10.TabSheet20.PageControl4.TabSheet12.Pasta.fCadConfigsis";"CSLL";"en-US";"";"FieldLabel";"C:\Projetos\Atlasweb\CadConfigsis.dfm"
"cClassICMS.GroupBox10.TabSheet20.PageControl4.TabSheet12.Pasta.fCadConfigsis";"Orgão";"en-US";"";"FieldLabel";"C:\Projetos\Atlasweb\CadConfigsis.dfm"
"RxDBLookupCombo3.GroupBox10.TabSheet20.PageControl4.TabSheet12.Pasta.fCadConfigsis";"Tipo DOC";"en-US";"";"FieldLabel";"C:\Projetos\Atlasweb\CadConfigsis.dfm"
"RxDBLookupCombo4.GroupBox10.TabSheet20.PageControl4.TabSheet12.Pasta.fCadConfigsis";"Orgão";"en-US";"";"FieldLabel";"C:\Projetos\Atlasweb\CadConfigsis.dfm"
"RxDBLookupCombo5.GroupBox10.TabSheet20.PageControl4.TabSheet12.Pasta.fCadConfigsis";"Tipo DOC";"en-US";"";"FieldLabel";"C:\Projetos\Atlasweb\CadConfigsis.dfm"
"RxDBLookupCombo6.GroupBox10.TabSheet20.PageControl4.TabSheet12.Pasta.fCadConfigsis";"Orgão";"en-US";"";"FieldLabel";"C:\Projetos\Atlasweb\CadConfigsis.dfm"
"RxDBLookupCombo7.GroupBox10.TabSheet20.PageControl4.TabSheet12.Pasta.fCadConfigsis";"Tipo DOC";"en-US";"";"FieldLabel";"C:\Projetos\Atlasweb\CadConfigsis.dfm"
"RxDBLookupCombo8.GroupBox10.TabSheet20.PageControl4.TabSheet12.Pasta.fCadConfigsis";"Orgão";"en-US";"";"FieldLabel";"C:\Projetos\Atlasweb\CadConfigsis.dfm"
"RxDBLookupCombo9.GroupBox10.TabSheet20.PageControl4.TabSheet12.Pasta.fCadConfigsis";"Tipo DOC";"en-US";"";"FieldLabel";"C:\Projetos\Atlasweb\CadConfigsis.dfm"
"RxDBLookupCombo10.GroupBox10.TabSheet20.PageControl4.TabSheet12.Pasta.fCadConfigsis";"Orgão";"en-US";"";"FieldLabel";"C:\Projetos\Atlasweb\CadConfigsis.dfm"
"RxDBLookupCombo11.GroupBox10.TabSheet20.PageControl4.TabSheet12.Pasta.fCadConfigsis";"Tipo DOC";"en-US";"";"FieldLabel";"C:\Projetos\Atlasweb\CadConfigsis.dfm"
"RxDBLookupCombo12.GroupBox10.TabSheet20.PageControl4.TabSheet12.Pasta.fCadConfigsis";"Orgão";"en-US";"";"FieldLabel";"C:\Projetos\Atlasweb\CadConfigsis.dfm"
"RxDBLookupCombo13.GroupBox10.TabSheet20.PageControl4.TabSheet12.Pasta.fCadConfigsis";"Tipo DOC";"en-US";"";"FieldLabel";"C:\Projetos\Atlasweb\CadConfigsis.dfm"
"GroupBox33.TabSheet20.PageControl4.TabSheet12.Pasta.fCadConfigsis";"Diferencial de Alíquota ICMS (DIFAL)";"en-US";"";"Caption";"C:\Projetos\Atlasweb\CadConfigsis.dfm"
"cValor_ManifestoNFE.TabSheet20.PageControl4.TabSheet12.Pasta.fCadConfigsis";"Valor Mínimo para Manifestação de Nota Fiscal";"en-US";"";"FieldLabel";"C:\Projetos\Atlasweb\CadConfigsis.dfm"
"TabSheet21.PageControl4.TabSheet12.Pasta.fCadConfigsis";"SPED";"en-US";"";"Caption";"C:\Projetos\Atlasweb\CadConfigsis.dfm"
"GroupBox11.TabSheet21.PageControl4.TabSheet12.Pasta.fCadConfigsis";"Inventario (SPED FISCAL)";"en-US";"";"Caption";"C:\Projetos\Atlasweb\CadConfigsis.dfm"
"cConta_Inventario.GroupBox11.TabSheet21.PageControl4.TabSheet12.Pasta.fCadConfigsis";"Código da conta analítica contábil";"en-US";"";"FieldLabel";"C:\Projetos\Atlasweb\CadConfigsis.dfm"
"GroupBox18.TabSheet21.PageControl4.TabSheet12.Pasta.fCadConfigsis";"Contas Contábeis para o PIS (SPED PIS/COFINS)";"en-US";"";"Caption";"C:\Projetos\Atlasweb\CadConfigsis.dfm"
"cPIS_ContaCodigo.GroupBox18.TabSheet21.PageControl4.TabSheet12.Pasta.fCadConfigsis";"Código";"en-US";"";"FieldLabel";"C:\Projetos\Atlasweb\CadConfigsis.dfm"
"cPIS_ContaNivel.GroupBox18.TabSheet21.PageControl4.TabSheet12.Pasta.fCadConfigsis";"Nivel";"en-US";"";"FieldLabel";"C:\Projetos\Atlasweb\CadConfigsis.dfm"
"cPIS_ContaNome.GroupBox18.TabSheet21.PageControl4.TabSheet12.Pasta.fCadConfigsis";"Nome";"en-US";"";"FieldLabel";"C:\Projetos\Atlasweb\CadConfigsis.dfm"
"RxDBComboBox1.GroupBox18.TabSheet21.PageControl4.TabSheet12.Pasta.fCadConfigsis";"Natureza";"en-US";"";"FieldLabel";"C:\Projetos\Atlasweb\CadConfigsis.dfm"
"RxDBComboBox2.GroupBox18.TabSheet21.PageControl4.TabSheet12.Pasta.fCadConfigsis";"Indicador (Sint/Anal)";"en-US";"";"FieldLabel";"C:\Projetos\Atlasweb\CadConfigsis.dfm"
"GroupBox19.TabSheet21.PageControl4.TabSheet12.Pasta.fCadConfigsis";"Contas Contábeis para a COFINS (SPED PIS/COFINS)";"en-US";"";"Caption";"C:\Projetos\Atlasweb\CadConfigsis.dfm"
"cCOFINS_ContaCodigo.GroupBox19.TabSheet21.PageControl4.TabSheet12.Pasta.fCadConfigsis";"Código";"en-US";"";"FieldLabel";"C:\Projetos\Atlasweb\CadConfigsis.dfm"
"cCOFINS_ContaNivel.GroupBox19.TabSheet21.PageControl4.TabSheet12.Pasta.fCadConfigsis";"Nível";"en-US";"";"FieldLabel";"C:\Projetos\Atlasweb\CadConfigsis.dfm"
"cCOFINS_ContaNome.GroupBox19.TabSheet21.PageControl4.TabSheet12.Pasta.fCadConfigsis";"Nome";"en-US";"";"FieldLabel";"C:\Projetos\Atlasweb\CadConfigsis.dfm"
"RxDBComboBox3.GroupBox19.TabSheet21.PageControl4.TabSheet12.Pasta.fCadConfigsis";"Natureza";"en-US";"";"FieldLabel";"C:\Projetos\Atlasweb\CadConfigsis.dfm"
"RxDBComboBox4.GroupBox19.TabSheet21.PageControl4.TabSheet12.Pasta.fCadConfigsis";"Indicador (Sint/Anal)";"en-US";"";"FieldLabel";"C:\Projetos\Atlasweb\CadConfigsis.dfm"
"TabSheet7.Pasta.fCadConfigsis";"&Contábeis";"en-US";"";"Caption";"C:\Projetos\Atlasweb\CadConfigsis.dfm"
"GroupBox15.TabSheet7.Pasta.fCadConfigsis";"Criação de Contas automático no Plano de Contas";"en-US";"";"Caption";"C:\Projetos\Atlasweb\CadConfigsis.dfm"
"cContab_ContaNova.GroupBox15.TabSheet7.Pasta.fCadConfigsis";"Criar numeração sequencial das contas novas dentro do grupo";"en-US";"";"Caption";"C:\Projetos\Atlasweb\CadConfigsis.dfm"
"cContab_FilialCliente.GroupBox15.TabSheet7.Pasta.fCadConfigsis";"Criar contas das filiais (Clientes)";"en-US";"";"Caption";"C:\Projetos\Atlasweb\CadConfigsis.dfm"
"cContab_FilialFornecedor.GroupBox15.TabSheet7.Pasta.fCadConfigsis";"Criar contas das filiais (Fornecedores)";"en-US";"";"Caption";"C:\Projetos\Atlasweb\CadConfigsis.dfm"
"cContab_GrupoBanco.GroupBox15.TabSheet7.Pasta.fCadConfigsis";"Grupo (Bancos)";"en-US";"";"FieldLabel";"C:\Projetos\Atlasweb\CadConfigsis.dfm"
"cParametrizacao_Contabil.TabSheet7.Pasta.fCadConfigsis";"Obrigar parametrização contabíl nos cadastros";"en-US";"";"Caption";"C:\Projetos\Atlasweb\CadConfigsis.dfm"
"GroupBox34.TabSheet7.Pasta.fCadConfigsis";"Lançamentos de Encerramento";"en-US";"";"Caption";"C:\Projetos\Atlasweb\CadConfigsis.dfm"
"cContab_HistoricoEncPrejuizo.GroupBox34.TabSheet7.Pasta.fCadConfigsis";"Histórico";"en-US";"";"FieldLabel";"C:\Projetos\Atlasweb\CadConfigsis.dfm"
"clContab_ContaEncLucro.GroupBox34.TabSheet7.Pasta.fCadConfigsis";"Conta (Lucro Acumulado)";"en-US";"";"FieldLabel";"C:\Projetos\Atlasweb\CadConfigsis.dfm"
"clContab_ContaEncPrejuizo.GroupBox34.TabSheet7.Pasta.fCadConfigsis";"Conta (Prejuízo Acumulado)";"en-US";"";"FieldLabel";"C:\Projetos\Atlasweb\CadConfigsis.dfm"
"clContab_ContaResultado.GroupBox34.TabSheet7.Pasta.fCadConfigsis";"Conta (Resultado)";"en-US";"";"FieldLabel";"C:\Projetos\Atlasweb\CadConfigsis.dfm"
"cContab_HistoricoResultado.GroupBox34.TabSheet7.Pasta.fCadConfigsis";"Histórico (Resultado)";"en-US";"";"FieldLabel";"C:\Projetos\Atlasweb\CadConfigsis.dfm"
"cContab_HistoricoEncLucro.GroupBox34.TabSheet7.Pasta.fCadConfigsis";"Histórico";"en-US";"";"FieldLabel";"C:\Projetos\Atlasweb\CadConfigsis.dfm"
"TabSheet13.Pasta.fCadConfigsis";"Fi&nanceiros";"en-US";"";"Caption";"C:\Projetos\Atlasweb\CadConfigsis.dfm"
"TabSheet6.PageControl2.TabSheet13.Pasta.fCadConfigsis";"&Lançamentos";"en-US";"";"Caption";"C:\Projetos\Atlasweb\CadConfigsis.dfm"
"clClassificacao_DescontosRC.GroupBox12.TabSheet6.PageControl2.TabSheet13.Pasta.fCadConfigsis";"Descontos Recebidos";"en-US";"";"FieldLabel";"C:\Projetos\Atlasweb\CadConfigsis.dfm"
"clClassificacao_DescontosPG.GroupBox12.TabSheet6.PageControl2.TabSheet13.Pasta.fCadConfigsis";"Descontos Concedidos";"en-US";"";"FieldLabel";"C:\Projetos\Atlasweb\CadConfigsis.dfm"
"clClassificacao_MultaRC.GroupBox12.TabSheet6.PageControl2.TabSheet13.Pasta.fCadConfigsis";"Multas Recebidas";"en-US";"";"FieldLabel";"C:\Projetos\Atlasweb\CadConfigsis.dfm"
"clClassificacao_JurosPG.GroupBox12.TabSheet6.PageControl2.TabSheet13.Pasta.fCadConfigsis";"Juros Pagos";"en-US";"";"FieldLabel";"C:\Projetos\Atlasweb\CadConfigsis.dfm"
"clClassificacao_JurosRC.GroupBox12.TabSheet6.PageControl2.TabSheet13.Pasta.fCadConfigsis";"Juros Recebidos";"en-US";"";"FieldLabel";"C:\Projetos\Atlasweb\CadConfigsis.dfm"
"clClassificacao_MultaPG.GroupBox12.TabSheet6.PageControl2.TabSheet13.Pasta.fCadConfigsis";"Multas Pagas";"en-US";"";"FieldLabel";"C:\Projetos\Atlasweb\CadConfigsis.dfm"
"GroupBox13.TabSheet6.PageControl2.TabSheet13.Pasta.fCadConfigsis";"Classificações Financeiras de Recebimento para Transferências";"en-US";"";"Caption";"C:\Projetos\Atlasweb\CadConfigsis.dfm"
"clClassificacao_TransfBanco.GroupBox13.TabSheet6.PageControl2.TabSheet13.Pasta.fCadConfigsis";"Transferência Bancária";"en-US";"";"FieldLabel";"C:\Projetos\Atlasweb\CadConfigsis.dfm"
"clClassificacao_TransfProcesso.GroupBox13.TabSheet6.PageControl2.TabSheet13.Pasta.fCadConfigsis";"Transferência Processo";"en-US";"";"FieldLabel";"C:\Projetos\Atlasweb\CadConfigsis.dfm"
"GroupBox14.TabSheet6.PageControl2.TabSheet13.Pasta.fCadConfigsis";"Classificações Financeiras para Fechamento de Câmbio";"en-US";"";"Caption";"C:\Projetos\Atlasweb\CadConfigsis.dfm"
"clClassificacao_CambioVarAtiva.GroupBox14.TabSheet6.PageControl2.TabSheet13.Pasta.fCadConfigsis";"Variação (Ativa)";"en-US";"";"FieldLabel";"C:\Projetos\Atlasweb\CadConfigsis.dfm"
"clDocumento_Cambio.GroupBox14.TabSheet6.PageControl2.TabSheet13.Pasta.fCadConfigsis";"Documento";"en-US";"";"FieldLabel";"C:\Projetos\Atlasweb\CadConfigsis.dfm"
"clClassificacao_CambioVarPassiva.GroupBox14.TabSheet6.PageControl2.TabSheet13.Pasta.fCadConfigsis";"Variação (Passiva)";"en-US";"";"FieldLabel";"C:\Projetos\Atlasweb\CadConfigsis.dfm"
"GroupBox16.TabSheet6.PageControl2.TabSheet13.Pasta.fCadConfigsis";"Classificação Financeira para o Lançamento do Contrato de Câmbio";"en-US";"";"Caption";"C:\Projetos\Atlasweb\CadConfigsis.dfm"
"clContratoCambio_Classificacao.GroupBox16.TabSheet6.PageControl2.TabSheet13.Pasta.fCadConfigsis";"Lançamento Financeiro";"en-US";"";"FieldLabel";"C:\Projetos\Atlasweb\CadConfigsis.dfm"
"clContratoCambio_Documento.GroupBox16.TabSheet6.PageControl2.TabSheet13.Pasta.fCadConfigsis";"Documento";"en-US";"";"FieldLabel";"C:\Projetos\Atlasweb\CadConfigsis.dfm"
"TabSheet5.PageControl2.TabSheet13.Pasta.fCadConfigsis";"&Duplicatas";"en-US";"";"Caption";"C:\Projetos\Atlasweb\CadConfigsis.dfm"
"GroupBox4.TabSheet5.PageControl2.TabSheet13.Pasta.fCadConfigsis";"Geração das Duplicatas dos Impostos";"en-US";"";"Caption";"C:\Projetos\Atlasweb\CadConfigsis.dfm"
"cDuplicata01_Dias.GroupBox4.TabSheet5.PageControl2.TabSheet13.Pasta.fCadConfigsis";"Vencto.(Dias)";"en-US";"";"FieldLabel";"C:\Projetos\Atlasweb\CadConfigsis.dfm"
"cDuplicata02_Dias.GroupBox4.TabSheet5.PageControl2.TabSheet13.Pasta.fCadConfigsis";"Vencto.(Dias)";"en-US";"";"FieldLabel";"C:\Projetos\Atlasweb\CadConfigsis.dfm"
"cDuplicata03_Dias.GroupBox4.TabSheet5.PageControl2.TabSheet13.Pasta.fCadConfigsis";"Vencto.(Dias)";"en-US";"";"FieldLabel";"C:\Projetos\Atlasweb\CadConfigsis.dfm"
"cDuplicata04_Dias.GroupBox4.TabSheet5.PageControl2.TabSheet13.Pasta.fCadConfigsis";"Vencto.(Dias)";"en-US";"";"FieldLabel";"C:\Projetos\Atlasweb\CadConfigsis.dfm"
"cDuplicata05_Dias.GroupBox4.TabSheet5.PageControl2.TabSheet13.Pasta.fCadConfigsis";"Vencto.(Dias)";"en-US";"";"FieldLabel";"C:\Projetos\Atlasweb\CadConfigsis.dfm"
"cDuplicata06_Dias.GroupBox4.TabSheet5.PageControl2.TabSheet13.Pasta.fCadConfigsis";"Vencto.(Dias)";"en-US";"";"FieldLabel";"C:\Projetos\Atlasweb\CadConfigsis.dfm"
"cDuplicata07_Dias.GroupBox4.TabSheet5.PageControl2.TabSheet13.Pasta.fCadConfigsis";"Vencto.(Dias)";"en-US";"";"FieldLabel";"C:\Projetos\Atlasweb\CadConfigsis.dfm"
"cDuplicata08_Dias.GroupBox4.TabSheet5.PageControl2.TabSheet13.Pasta.fCadConfigsis";"Vencto.(Dias)";"en-US";"";"FieldLabel";"C:\Projetos\Atlasweb\CadConfigsis.dfm"
"cDuplicata01_Sub.GroupBox4.TabSheet5.PageControl2.TabSheet13.Pasta.fCadConfigsis";"Mês Subsequente";"en-US";"";"Caption";"C:\Projetos\Atlasweb\CadConfigsis.dfm"
"cDuplicata02_Sub.GroupBox4.TabSheet5.PageControl2.TabSheet13.Pasta.fCadConfigsis";"Mês Subsequente";"en-US";"";"Caption";"C:\Projetos\Atlasweb\CadConfigsis.dfm"
"cDuplicata03_Sub.GroupBox4.TabSheet5.PageControl2.TabSheet13.Pasta.fCadConfigsis";"Mês Subsequente";"en-US";"";"Caption";"C:\Projetos\Atlasweb\CadConfigsis.dfm"
"cDuplicata04_Sub.GroupBox4.TabSheet5.PageControl2.TabSheet13.Pasta.fCadConfigsis";"Mês Subsequente";"en-US";"";"Caption";"C:\Projetos\Atlasweb\CadConfigsis.dfm"
"cDuplicata05_Sub.GroupBox4.TabSheet5.PageControl2.TabSheet13.Pasta.fCadConfigsis";"Mês Subsequente";"en-US";"";"Caption";"C:\Projetos\Atlasweb\CadConfigsis.dfm"
"cDuplicata06_Sub.GroupBox4.TabSheet5.PageControl2.TabSheet13.Pasta.fCadConfigsis";"Mês Subsequente";"en-US";"";"Caption";"C:\Projetos\Atlasweb\CadConfigsis.dfm"
"cDuplicata07_Sub.GroupBox4.TabSheet5.PageControl2.TabSheet13.Pasta.fCadConfigsis";"Mês Subsequente";"en-US";"";"Caption";"C:\Projetos\Atlasweb\CadConfigsis.dfm"
"cDuplicata08_Sub.GroupBox4.TabSheet5.PageControl2.TabSheet13.Pasta.fCadConfigsis";"Mês Subsequente";"en-US";"";"Caption";"C:\Projetos\Atlasweb\CadConfigsis.dfm"
"clDuplicata01.GroupBox4.TabSheet5.PageControl2.TabSheet13.Pasta.fCadConfigsis";"Duplicata 1";"en-US";"";"FieldLabel";"C:\Projetos\Atlasweb\CadConfigsis.dfm"
"clDuplicata02.GroupBox4.TabSheet5.PageControl2.TabSheet13.Pasta.fCadConfigsis";"Duplicata 2";"en-US";"";"FieldLabel";"C:\Projetos\Atlasweb\CadConfigsis.dfm"
"clDuplicata03.GroupBox4.TabSheet5.PageControl2.TabSheet13.Pasta.fCadConfigsis";"Duplicata 3";"en-US";"";"FieldLabel";"C:\Projetos\Atlasweb\CadConfigsis.dfm"
"clDuplicata06.GroupBox4.TabSheet5.PageControl2.TabSheet13.Pasta.fCadConfigsis";"Duplicata 6";"en-US";"";"FieldLabel";"C:\Projetos\Atlasweb\CadConfigsis.dfm"
"clDuplicata05.GroupBox4.TabSheet5.PageControl2.TabSheet13.Pasta.fCadConfigsis";"Duplicata 5";"en-US";"";"FieldLabel";"C:\Projetos\Atlasweb\CadConfigsis.dfm"
"clDuplicata04.GroupBox4.TabSheet5.PageControl2.TabSheet13.Pasta.fCadConfigsis";"Duplicata 4";"en-US";"";"FieldLabel";"C:\Projetos\Atlasweb\CadConfigsis.dfm"
"clDuplicata08.GroupBox4.TabSheet5.PageControl2.TabSheet13.Pasta.fCadConfigsis";"Duplicata 8";"en-US";"";"FieldLabel";"C:\Projetos\Atlasweb\CadConfigsis.dfm"
"clDuplicata07.GroupBox4.TabSheet5.PageControl2.TabSheet13.Pasta.fCadConfigsis";"Duplicata 7";"en-US";"";"FieldLabel";"C:\Projetos\Atlasweb\CadConfigsis.dfm"
"cGerar_DuplImpostos.GroupBox4.TabSheet5.PageControl2.TabSheet13.Pasta.fCadConfigsis";"Gerar as duplicatas dos impostos na emissão da nota fiscal.";"en-US";"";"Caption";"C:\Projetos\Atlasweb\CadConfigsis.dfm"
"clDuplicata01_Class.GroupBox4.TabSheet5.PageControl2.TabSheet13.Pasta.fCadConfigsis";"Classificação";"en-US";"";"FieldLabel";"C:\Projetos\Atlasweb\CadConfigsis.dfm"
"clDuplicata02_Class.GroupBox4.TabSheet5.PageControl2.TabSheet13.Pasta.fCadConfigsis";"Classificação";"en-US";"";"FieldLabel";"C:\Projetos\Atlasweb\CadConfigsis.dfm"
"clDuplicata03_Class.GroupBox4.TabSheet5.PageControl2.TabSheet13.Pasta.fCadConfigsis";"Classificação";"en-US";"";"FieldLabel";"C:\Projetos\Atlasweb\CadConfigsis.dfm"
"clDuplicata06_Class.GroupBox4.TabSheet5.PageControl2.TabSheet13.Pasta.fCadConfigsis";"Classificação";"en-US";"";"FieldLabel";"C:\Projetos\Atlasweb\CadConfigsis.dfm"
"clDuplicata05_Class.GroupBox4.TabSheet5.PageControl2.TabSheet13.Pasta.fCadConfigsis";"Classificação";"en-US";"";"FieldLabel";"C:\Projetos\Atlasweb\CadConfigsis.dfm"
"clDuplicata04_Class.GroupBox4.TabSheet5.PageControl2.TabSheet13.Pasta.fCadConfigsis";"Classificação";"en-US";"";"FieldLabel";"C:\Projetos\Atlasweb\CadConfigsis.dfm"
"clDuplicata08_Class.GroupBox4.TabSheet5.PageControl2.TabSheet13.Pasta.fCadConfigsis";"Classificação";"en-US";"";"FieldLabel";"C:\Projetos\Atlasweb\CadConfigsis.dfm"
"clDuplicata07_Class.GroupBox4.TabSheet5.PageControl2.TabSheet13.Pasta.fCadConfigsis";"Classificação";"en-US";"";"FieldLabel";"C:\Projetos\Atlasweb\CadConfigsis.dfm"
"cDia_Util.TabSheet5.PageControl2.TabSheet13.Pasta.fCadConfigsis";"Vencimentos em final de semana?";"en-US";"";"Caption";"C:\Projetos\Atlasweb\CadConfigsis.dfm"
"cDiferenca_Duplicata.TabSheet5.PageControl2.TabSheet13.Pasta.fCadConfigsis";"Diferença de arredondamento";"en-US";"";"Caption";"C:\Projetos\Atlasweb\CadConfigsis.dfm"
"cSequencial_Duplicata.TabSheet5.PageControl2.TabSheet13.Pasta.fCadConfigsis";"Numero da Duplicata";"en-US";"";"Caption";"C:\Projetos\Atlasweb\CadConfigsis.dfm"
"TabSheet9.PageControl2.TabSheet13.Pasta.fCadConfigsis";"&Diversos";"en-US";"";"Caption";"C:\Projetos\Atlasweb\CadConfigsis.dfm"
"cHora_Solicitacao.TabSheet9.PageControl2.TabSheet13.Pasta.fCadConfigsis";"Hora limite para solicitação de numerários";"en-US";"";"FieldLabel";"C:\Projetos\Atlasweb\CadConfigsis.dfm"
"GroupBox20.TabSheet9.PageControl2.TabSheet13.Pasta.fCadConfigsis";"Lançamento Financeiro (Pagamento Comissões a Representantes)";"en-US";"";"Caption";"C:\Projetos\Atlasweb\CadConfigsis.dfm"
"clTipo_DocumentoPagamento.GroupBox20.TabSheet9.PageControl2.TabSheet13.Pasta.fCadConfigsis";"Tipo de Documento";"en-US";"";"FieldLabel";"C:\Projetos\Atlasweb\CadConfigsis.dfm"
"clCentro_CustoPagamento.GroupBox20.TabSheet9.PageControl2.TabSheet13.Pasta.fCadConfigsis";"Centro de Custo";"en-US";"";"FieldLabel";"C:\Projetos\Atlasweb\CadConfigsis.dfm"
"clClassificacao_Pagamento.GroupBox20.TabSheet9.PageControl2.TabSheet13.Pasta.fCadConfigsis";"Classificação Financeira";"en-US";"";"FieldLabel";"C:\Projetos\Atlasweb\CadConfigsis.dfm"
"GroupBox25.TabSheet9.PageControl2.TabSheet13.Pasta.fCadConfigsis";"Informações default para empréstimos bancários (Capital de Giro)";"en-US";"";"Caption";"C:\Projetos\Atlasweb\CadConfigsis.dfm"
"clEmprestimoBancario_CentroCusto.GroupBox25.TabSheet9.PageControl2.TabSheet13.Pasta.fCadConfigsis";"Centro de Custo";"en-US";"";"FieldLabel";"C:\Projetos\Atlasweb\CadConfigsis.dfm"
"clEmprestimoBancario_ClassificacaoR.GroupBox25.TabSheet9.PageControl2.TabSheet13.Pasta.fCadConfigsis";"Classificação Financeira (Recebimento)";"en-US";"";"FieldLabel";"C:\Projetos\Atlasweb\CadConfigsis.dfm"
"clEmprestimoBancario_TipoDocumento.GroupBox25.TabSheet9.PageControl2.TabSheet13.Pasta.fCadConfigsis";"Tipo de Documento";"en-US";"";"FieldLabel";"C:\Projetos\Atlasweb\CadConfigsis.dfm"
"clEmprestimoBancario_ClassificacaoP.GroupBox25.TabSheet9.PageControl2.TabSheet13.Pasta.fCadConfigsis";"Classificação Financeira (Pagamento)";"en-US";"";"FieldLabel";"C:\Projetos\Atlasweb\CadConfigsis.dfm"
"cEmprestimoBancario_FormaRecebimento.GroupBox25.TabSheet9.PageControl2.TabSheet13.Pasta.fCadConfigsis";"Forma de Recebimento";"en-US";"";"FieldLabel";"C:\Projetos\Atlasweb\CadConfigsis.dfm"
"cCalculo_Comissao.TabSheet9.PageControl2.TabSheet13.Pasta.fCadConfigsis";"Calcular comissão de representantes";"en-US";"";"Caption";"C:\Projetos\Atlasweb\CadConfigsis.dfm"
"clTipo_DocumentoPagamentoTelevendas.GroupBox31.TabSheet9.PageControl2.TabSheet13.Pasta.fCadConfigsis";"Tipo de Documento";"en-US";"";"FieldLabel";"C:\Projetos\Atlasweb\CadConfigsis.dfm"
"clCentro_CustoPagamentoTelevendas.GroupBox31.TabSheet9.PageControl2.TabSheet13.Pasta.fCadConfigsis";"Centro de Custo";"en-US";"";"FieldLabel";"C:\Projetos\Atlasweb\CadConfigsis.dfm"
"clClassificacao_PagamentoTelevendas.GroupBox31.TabSheet9.PageControl2.TabSheet13.Pasta.fCadConfigsis";"Classificação Financeira";"en-US";"";"FieldLabel";"C:\Projetos\Atlasweb\CadConfigsis.dfm"
"GroupBox32.TabSheet9.PageControl2.TabSheet13.Pasta.fCadConfigsis";"Lançamento Financeiro (Pagamento Comissões - Outras)";"en-US";"";"Caption";"C:\Projetos\Atlasweb\CadConfigsis.dfm"
"clTipo_DocumentoPagamentoOutros.GroupBox32.TabSheet9.PageControl2.TabSheet13.Pasta.fCadConfigsis";"Tipo de Documento";"en-US";"";"FieldLabel";"C:\Projetos\Atlasweb\CadConfigsis.dfm"
"clCentro_CustoPagamentoOutros.GroupBox32.TabSheet9.PageControl2.TabSheet13.Pasta.fCadConfigsis";"Centro de Custo";"en-US";"";"FieldLabel";"C:\Projetos\Atlasweb\CadConfigsis.dfm"
"clClassificacao_PagamentoOutros.GroupBox32.TabSheet9.PageControl2.TabSheet13.Pasta.fCadConfigsis";"Classificação Financeira";"en-US";"";"FieldLabel";"C:\Projetos\Atlasweb\CadConfigsis.dfm"
"TabSheet15.PageControl2.TabSheet13.Pasta.fCadConfigsis";"&Boleto Bancário";"en-US";"";"Caption";"C:\Projetos\Atlasweb\CadConfigsis.dfm"
"cBoleto_Contato.TabSheet15.PageControl2.TabSheet13.Pasta.fCadConfigsis";"Imprimir dados de contato no boleto.";"en-US";"";"Caption";"C:\Projetos\Atlasweb\CadConfigsis.dfm"
"cBoleto_PercentualMulta.TabSheet15.PageControl2.TabSheet13.Pasta.fCadConfigsis";"Percentual de multa após o vencimento";"en-US";"";"FieldLabel";"C:\Projetos\Atlasweb\CadConfigsis.dfm"
"cBoleto_PercentualJuros.TabSheet15.PageControl2.TabSheet13.Pasta.fCadConfigsis";"Percentual de Juros por dia de atraso";"en-US";"";"FieldLabel";"C:\Projetos\Atlasweb\CadConfigsis.dfm"
"cBoleto_ProtestoDias.TabSheet15.PageControl2.TabSheet13.Pasta.fCadConfigsis";"Protestar após quantos dias";"en-US";"";"FieldLabel";"C:\Projetos\Atlasweb\CadConfigsis.dfm"
"cBoleto_EspecieDOC.TabSheet15.PageControl2.TabSheet13.Pasta.fCadConfigsis";"Espécie Documento";"en-US";"";"FieldLabel";"C:\Projetos\Atlasweb\CadConfigsis.dfm"
"cBoleto_LocalPagamento.TabSheet15.PageControl2.TabSheet13.Pasta.fCadConfigsis";"Local de Pagamento";"en-US";"";"FieldLabel";"C:\Projetos\Atlasweb\CadConfigsis.dfm"
"cBoleto_InstrucaoCod.TabSheet15.PageControl2.TabSheet13.Pasta.fCadConfigsis";"Instruções 1 (Código/Descrição)";"en-US";"";"FieldLabel";"C:\Projetos\Atlasweb\CadConfigsis.dfm"
"cBoleto_InstrucaoCod2.TabSheet15.PageControl2.TabSheet13.Pasta.fCadConfigsis";"Instruções 2 (Código)";"en-US";"";"FieldLabel";"C:\Projetos\Atlasweb\CadConfigsis.dfm"
"TabSheet3.Pasta.fCadConfigsis";"P&rocessos";"en-US";"";"Caption";"C:\Projetos\Atlasweb\CadConfigsis.dfm"
"TabSheet19.PageControl3.TabSheet3.Pasta.fCadConfigsis";"&Diversos";"en-US";"";"Caption";"C:\Projetos\Atlasweb\CadConfigsis.dfm"
"cProcesso_Numero.TabSheet19.PageControl3.TabSheet3.Pasta.fCadConfigsis";"Geração do Número do Processo/PO Automático";"en-US";"";"Caption";"C:\Projetos\Atlasweb\CadConfigsis.dfm"
"cProcesso_DigitosAno.TabSheet19.PageControl3.TabSheet3.Pasta.fCadConfigsis";"Digitos do Ano";"en-US";"";"Caption";"C:\Projetos\Atlasweb\CadConfigsis.dfm"
"cBloquear_ProcessoFechado.TabSheet19.PageControl3.TabSheet3.Pasta.fCadConfigsis";"Bloquear a movimentação financeira para processos fechados.";"en-US";"";"Caption";"C:\Projetos\Atlasweb\CadConfigsis.dfm"
"cProcesso_ObrigarFatura.TabSheet19.PageControl3.TabSheet3.Pasta.fCadConfigsis";"Obrigar campos da fatura no cadastro do processo.";"en-US";"";"Caption";"C:\Projetos\Atlasweb\CadConfigsis.dfm"
"cValor_DI.TabSheet19.PageControl3.TabSheet3.Pasta.fCadConfigsis";"Valor da DI";"en-US";"";"FieldLabel";"C:\Projetos\Atlasweb\CadConfigsis.dfm"
"TabSheet17.PageControl3.TabSheet3.Pasta.fCadConfigsis";"&Importação de DI";"en-US";"";"Caption";"C:\Projetos\Atlasweb\CadConfigsis.dfm"
"GroupBox8.TabSheet17.PageControl3.TabSheet3.Pasta.fCadConfigsis";"Importação de DI's do SISCOMEX";"en-US";"";"Caption";"C:\Projetos\Atlasweb\CadConfigsis.dfm"
"clMoeda_Importacao.GroupBox8.TabSheet17.PageControl3.TabSheet3.Pasta.fCadConfigsis";"Moeda padrão p/conversão p/DI's com mais de uma moeda";"en-US";"";"FieldLabel";"C:\Projetos\Atlasweb\CadConfigsis.dfm"
"clRamo_Atividade.GroupBox8.TabSheet17.PageControl3.TabSheet3.Pasta.fCadConfigsis";"Ramo de atividade padrão para fornecedores do exterior";"en-US";"";"FieldLabel";"C:\Projetos\Atlasweb\CadConfigsis.dfm"
"cAdicao_PesoLiquido.GroupBox8.TabSheet17.PageControl3.TabSheet3.Pasta.fCadConfigsis";"Peso Unitário Produto";"en-US";"";"Caption";"C:\Projetos\Atlasweb\CadConfigsis.dfm"
"cSISCOMEX_MascaraReferencia.GroupBox8.TabSheet17.PageControl3.TabSheet3.Pasta.fCadConfigsis";"Máscara p/importação cód.referência na descrição do prod.";"en-US";"";"FieldLabel";"C:\Projetos\Atlasweb\CadConfigsis.dfm"
"cProcesso_ImportarFechado.GroupBox8.TabSheet17.PageControl3.TabSheet3.Pasta.fCadConfigsis";"Importar processos com notas fiscais já emitidas.";"en-US";"";"Caption";"C:\Projetos\Atlasweb\CadConfigsis.dfm"
"cAFRMM_Calcular.GroupBox8.TabSheet17.PageControl3.TabSheet3.Pasta.fCadConfigsis";"Calcular valor de AFRMM e gerar lançamento no financeiro.";"en-US";"";"Caption";"C:\Projetos\Atlasweb\CadConfigsis.dfm"
"cAFRMM_Tarifa.GroupBox8.TabSheet17.PageControl3.TabSheet3.Pasta.fCadConfigsis";"Tarifa";"en-US";"";"FieldLabel";"C:\Projetos\Atlasweb\CadConfigsis.dfm"
"cAFRMM_Taxa.GroupBox8.TabSheet17.PageControl3.TabSheet3.Pasta.fCadConfigsis";"Taxa Utilização Mercante";"en-US";"";"FieldLabel";"C:\Projetos\Atlasweb\CadConfigsis.dfm"
"cAFRMM_Percentual.GroupBox8.TabSheet17.PageControl3.TabSheet3.Pasta.fCadConfigsis";"Percentual p/Cálculo";"en-US";"";"FieldLabel";"C:\Projetos\Atlasweb\CadConfigsis.dfm"
"cSISCOMEX_MascaraPosicao.GroupBox8.TabSheet17.PageControl3.TabSheet3.Pasta.fCadConfigsis";"Posição do código de referência na descrição";"en-US";"";"Caption";"C:\Projetos\Atlasweb\CadConfigsis.dfm"
"cSISCOMEX_MascaraPO.GroupBox8.TabSheet17.PageControl3.TabSheet3.Pasta.fCadConfigsis";"Máscara p/importação do nº do PO na descrição do prod.";"en-US";"";"FieldLabel";"C:\Projetos\Atlasweb\CadConfigsis.dfm"
"cSISCOMEX_MascaraITEM.GroupBox8.TabSheet17.PageControl3.TabSheet3.Pasta.fCadConfigsis";"Máscara p/importação do nº do ITEM na descrição do prod.";"en-US";"";"FieldLabel";"C:\Projetos\Atlasweb\CadConfigsis.dfm"
"TabSheet18.PageControl3.TabSheet3.Pasta.fCadConfigsis";"&Fechamento de Processos";"en-US";"";"Caption";"C:\Projetos\Atlasweb\CadConfigsis.dfm"
"GroupBox21.TabSheet18.PageControl3.TabSheet3.Pasta.fCadConfigsis";"Parâmetros para Fechamento de Processo";"en-US";"";"Caption";"C:\Projetos\Atlasweb\CadConfigsis.dfm"
"clProcesso_FechamentoCSLL.GroupBox21.TabSheet18.PageControl3.TabSheet3.Pasta.fCadConfigsis";"CSLL";"en-US";"";"FieldLabel";"C:\Projetos\Atlasweb\CadConfigsis.dfm"
"clProcesso_FechamentoIRPJ.GroupBox21.TabSheet18.PageControl3.TabSheet3.Pasta.fCadConfigsis";"IRPJ";"en-US";"";"FieldLabel";"C:\Projetos\Atlasweb\CadConfigsis.dfm"
"cProcesso_FechamentoICMSPagar.GroupBox21.TabSheet18.PageControl3.TabSheet3.Pasta.fCadConfigsis";"Percentual ICMS (Pagar)";"en-US";"";"FieldLabel";"C:\Projetos\Atlasweb\CadConfigsis.dfm"
"cProcesso_FechamentoFDE.GroupBox21.TabSheet18.PageControl3.TabSheet3.Pasta.fCadConfigsis";"Percentual FDE";"en-US";"";"FieldLabel";"C:\Projetos\Atlasweb\CadConfigsis.dfm"
"cProcesso_FechamentoAssAduaneira.GroupBox21.TabSheet18.PageControl3.TabSheet3.Pasta.fCadConfigsis";"Assessoria Aduaneira";"en-US";"";"FieldLabel";"C:\Projetos\Atlasweb\CadConfigsis.dfm"
"clProcesso_FechamentoClassPgtoCliente.GroupBox21.TabSheet18.PageControl3.TabSheet3.Pasta.fCadConfigsis";"Classificação Pgto. Cliente";"en-US";"";"FieldLabel";"C:\Projetos\Atlasweb\CadConfigsis.dfm"
"clProcesso_FechamentoClassCorrecao.GroupBox21.TabSheet18.PageControl3.TabSheet3.Pasta.fCadConfigsis";"Classificação Corr.Financ.";"en-US";"";"FieldLabel";"C:\Projetos\Atlasweb\CadConfigsis.dfm"
"cProcesso_FechamentoCorrecao.GroupBox21.TabSheet18.PageControl3.TabSheet3.Pasta.fCadConfigsis";"Percentual Correção Dia";"en-US";"";"FieldLabel";"C:\Projetos\Atlasweb\CadConfigsis.dfm"
"cProcesso_FechamentoObservacao.GroupBox21.TabSheet18.PageControl3.TabSheet3.Pasta.fCadConfigsis";"Observação das Despesas";"en-US";"";"Caption";"C:\Projetos\Atlasweb\CadConfigsis.dfm"
"cProcesso_FechamentoObsTexto.GroupBox21.TabSheet18.PageControl3.TabSheet3.Pasta.fCadConfigsis";"Observação para o Fechamento";"en-US";"";"FieldLabel";"C:\Projetos\Atlasweb\CadConfigsis.dfm"
"clProcesso_FechamentoDRE.GroupBox21.TabSheet18.PageControl3.TabSheet3.Pasta.fCadConfigsis";"Código da DRE";"en-US";"";"FieldLabel";"C:\Projetos\Atlasweb\CadConfigsis.dfm"
"TabSheet8.Pasta.fCadConfigsis";"&Checagens";"en-US";"";"Caption";"C:\Projetos\Atlasweb\CadConfigsis.dfm"
"GroupBox22.TabSheet8.Pasta.fCadConfigsis";"Entrega de Arquivos Fiscais";"en-US";"";"Caption";"C:\Projetos\Atlasweb\CadConfigsis.dfm"
"cVencimento_FISCAL.GroupBox22.TabSheet8.Pasta.fCadConfigsis";"Dia Vencimento SPED FISCAL";"en-US";"";"FieldLabel";"C:\Projetos\Atlasweb\CadConfigsis.dfm"
"cVencimento_PISCOFINS.GroupBox22.TabSheet8.Pasta.fCadConfigsis";"Dia Vencimento SPED PIS/COFINS";"en-US";"";"FieldLabel";"C:\Projetos\Atlasweb\CadConfigsis.dfm"
"cVencimento_CONTABIL.GroupBox22.TabSheet8.Pasta.fCadConfigsis";"Dia Vencimento SPED CONTABIL";"en-US";"";"FieldLabel";"C:\Projetos\Atlasweb\CadConfigsis.dfm"
"cVencimento_SINTEGRA.GroupBox22.TabSheet8.Pasta.fCadConfigsis";"Dia Vencimento SINTEGRA";"en-US";"";"FieldLabel";"C:\Projetos\Atlasweb\CadConfigsis.dfm"
"cVencimento_CONTABILMes.GroupBox22.TabSheet8.Pasta.fCadConfigsis";"Mês Específico";"en-US";"";"FieldLabel";"C:\Projetos\Atlasweb\CadConfigsis.dfm"
"TabSheet10.Pasta.fCadConfigsis";"&Banco de Dados";"en-US";"";"Caption";"C:\Projetos\Atlasweb\CadConfigsis.dfm"
"GroupBox23.TabSheet10.Pasta.fCadConfigsis";"Tabelas Compartilhadas";"en-US";"";"Caption";"C:\Projetos\Atlasweb\CadConfigsis.dfm"
"cCompartilhar_Classificacao.GroupBox23.TabSheet10.Pasta.fCadConfigsis";"Cadastro de Classificação Financeira";"en-US";"";"Caption";"C:\Projetos\Atlasweb\CadConfigsis.dfm"
"cCompartilhar_Bancos.GroupBox23.TabSheet10.Pasta.fCadConfigsis";"Cadastro de Bancos";"en-US";"";"Caption";"C:\Projetos\Atlasweb\CadConfigsis.dfm"
"TabSheet14.Pasta.fCadConfigsis";"&Televendas";"en-US";"";"Caption";"C:\Projetos\Atlasweb\CadConfigsis.dfm"
"GroupBox28.TabSheet14.Pasta.fCadConfigsis";"Dados de Faturamento para pedidos de Televendas";"en-US";"";"Caption";"C:\Projetos\Atlasweb\CadConfigsis.dfm"
"clTelevendas_Transportador.GroupBox28.TabSheet14.Pasta.fCadConfigsis";"Transportador";"en-US";"";"FieldLabel";"C:\Projetos\Atlasweb\CadConfigsis.dfm"
"cTipoNota.GroupBox28.TabSheet14.Pasta.fCadConfigsis";"Tipo Nota";"en-US";"";"FieldLabel";"C:\Projetos\Atlasweb\CadConfigsis.dfm"
"cModalidadeFrete.GroupBox28.TabSheet14.Pasta.fCadConfigsis";"Modalidade de Frete";"en-US";"";"FieldLabel";"C:\Projetos\Atlasweb\CadConfigsis.dfm"
"RxDBLookupCombo1.GroupBox28.TabSheet14.Pasta.fCadConfigsis";"Natureza Operação (Dentro do Estado)";"en-US";"";"FieldLabel";"C:\Projetos\Atlasweb\CadConfigsis.dfm"
"RxDBLookupCombo2.GroupBox28.TabSheet14.Pasta.fCadConfigsis";"Natureza Operação (Fora do Estado)";"en-US";"";"FieldLabel";"C:\Projetos\Atlasweb\CadConfigsis.dfm"
"cModalidade.GroupBox28.TabSheet14.Pasta.fCadConfigsis";"Modalidade Pgto";"en-US";"";"FieldLabel";"C:\Projetos\Atlasweb\CadConfigsis.dfm"
"TabSheet16.Pasta.fCadConfigsis";"&Arquivo de Inicialização";"en-US";"";"Caption";"C:\Projetos\Atlasweb\CadConfigsis.dfm"
"aLista.Pasta.fCadConsultaCST";"CST IPI";"en-US";"";"Caption";"C:\Projetos\Atlasweb\CadConsultaCST.dfm"
"UniTabSheet1";"CST PIS";"en-US";"";"Caption";"C:\Projetos\Atlasweb\CadConsultaCST.dfm"
"UniTabSheet2";"CST COFINS";"en-US";"";"Caption";"C:\Projetos\Atlasweb\CadConsultaCST.dfm"
"UniTabSheet3";"CST ICMS Tabela A (Origem)";"en-US";"";"Caption";"C:\Projetos\Atlasweb\CadConsultaCST.dfm"
"UniTabSheet9";"CST ICMS Tabela B";"en-US";"";"Caption";"C:\Projetos\Atlasweb\CadConsultaCST.dfm"
"UniTabSheet4";"CST IBS";"en-US";"";"Caption";"C:\Projetos\Atlasweb\CadConsultaCST.dfm"
"UniTabSheet5";"CST CBS";"en-US";"";"Caption";"C:\Projetos\Atlasweb\CadConsultaCST.dfm"
"aLista.Pasta.fCadCores";"Lista";"en-US";"";"Caption";"C:\Projetos\Atlasweb\CadCores.dfm"
"UniTabSheet1.fCadCores";"Dados Gerais";"en-US";"";"Caption";"C:\Projetos\Atlasweb\CadCores.dfm"
"pFicha.UniScrollBox1.UniTabSheet1.fCadCores";"DADOS GERAIS";"en-US";"";"Title";"C:\Projetos\Atlasweb\CadCores.dfm"
"cNome.pFicha.UniScrollBox1.UniTabSheet1.fCadCores";"Nome";"en-US";"";"FieldLabel";"C:\Projetos\Atlasweb\CadCores.dfm"
"cCodigo.pFicha.UniScrollBox1.UniTabSheet1.fCadCores";"Código";"en-US";"";"FieldLabel";"C:\Projetos\Atlasweb\CadCores.dfm"
"cData.pFicha.pCotacao.fCadCotacao";"Data";"en-US";"";"FieldLabel";"C:\Projetos\Atlasweb\CadCotacao.dfm"
"cValor.pFicha.pCotacao.fCadCotacao";"Valor";"en-US";"";"FieldLabel";"C:\Projetos\Atlasweb\CadCotacao.dfm"
"UniPanel1.pCotacao.fCadCotacao";"UniPanel1";"en-US";"";"Caption";"C:\Projetos\Atlasweb\CadCotacao.dfm"
"Alerta";"Title";"en-US";"";"Title";"C:\Projetos\Atlasweb\CadCotacao.dfm"
"aLista.Pasta.fCadDestinatarios";"Lista";"en-US";"";"Caption";"C:\Projetos\Atlasweb\CadDestinatarios.dfm"
"UniTabSheet1";"Dados Basicos";"en-US";"";"Caption";"C:\Projetos\Atlasweb\CadDestinatarios.dfm"
"pFicha1.UniScrollBox1.UniTabSheet1";"Dados Basicos";"en-US";"";"Title";"C:\Projetos\Atlasweb\CadDestinatarios.dfm"
"cNome_Fantasia.pFicha1.UniScrollBox1.UniTabSheet1";"Nome Fantasia";"en-US";"";"FieldLabel";"C:\Projetos\Atlasweb\CadDestinatarios.dfm"
"cRua.pFicha1.UniScrollBox1.UniTabSheet1";"Rua";"en-US";"";"FieldLabel";"C:\Projetos\Atlasweb\CadDestinatarios.dfm"
"cRua_Numero.pFicha1.UniScrollBox1.UniTabSheet1";"Número";"en-US";"";"FieldLabel";"C:\Projetos\Atlasweb\CadDestinatarios.dfm"
"cComplemento.pFicha1.UniScrollBox1.UniTabSheet1";"Complemento";"en-US";"";"FieldLabel";"C:\Projetos\Atlasweb\CadDestinatarios.dfm"
"cBairro.pFicha1.UniScrollBox1.UniTabSheet1";"Bairro";"en-US";"";"FieldLabel";"C:\Projetos\Atlasweb\CadDestinatarios.dfm"
"cMunicipio.pFicha1.UniScrollBox1.UniTabSheet1";"Município";"en-US";"";"FieldLabel";"C:\Projetos\Atlasweb\CadDestinatarios.dfm"
"cEstado.pFicha1.UniScrollBox1.UniTabSheet1";"Estado";"en-US";"";"FieldLabel";"C:\Projetos\Atlasweb\CadDestinatarios.dfm"
"cCEP.pFicha1.UniScrollBox1.UniTabSheet1";"CEP";"en-US";"";"FieldLabel";"C:\Projetos\Atlasweb\CadDestinatarios.dfm"
"cTelefone1.pFicha1.UniScrollBox1.UniTabSheet1";"Telefone";"en-US";"";"FieldLabel";"C:\Projetos\Atlasweb\CadDestinatarios.dfm"
"cTelefone2.pFicha1.UniScrollBox1.UniTabSheet1";"Telefone";"en-US";"";"FieldLabel";"C:\Projetos\Atlasweb\CadDestinatarios.dfm"
"cContato.pFicha1.UniScrollBox1.UniTabSheet1";"Contato";"en-US";"";"FieldLabel";"C:\Projetos\Atlasweb\CadDestinatarios.dfm"
"cData_Cadastro.pFicha1.UniScrollBox1.UniTabSheet1";"Data do Cadastro";"en-US";"";"FieldLabel";"C:\Projetos\Atlasweb\CadDestinatarios.dfm"
"gPerfil.pFicha1.UniScrollBox1.UniTabSheet1";"Perfil / Características";"en-US";"";"Caption";"C:\Projetos\Atlasweb\CadDestinatarios.dfm"
"cIsento.gPerfil.pFicha1.UniScrollBox1.UniTabSheet1";"Isento de IE";"en-US";"";"Caption";"C:\Projetos\Atlasweb\CadDestinatarios.dfm"
"cAtivo.gPerfil.pFicha1.UniScrollBox1.UniTabSheet1";"Desativado";"en-US";"";"Caption";"C:\Projetos\Atlasweb\CadDestinatarios.dfm"
"cSimples_Nacional.gPerfil.pFicha1.UniScrollBox1.UniTabSheet1";"Simples_Nacional";"en-US";"";"Caption";"C:\Projetos\Atlasweb\CadDestinatarios.dfm"
"cZona_Franca.gPerfil.pFicha1.UniScrollBox1.UniTabSheet1";"Zona_Franca";"en-US";"";"Caption";"C:\Projetos\Atlasweb\CadDestinatarios.dfm"
"cConsumidor_Final.gPerfil.pFicha1.UniScrollBox1.UniTabSheet1";"Consumidor_Final";"en-US";"";"Caption";"C:\Projetos\Atlasweb\CadDestinatarios.dfm"
"cMEI.gPerfil.pFicha1.UniScrollBox1.UniTabSheet1";"MEI";"en-US";"";"Caption";"C:\Projetos\Atlasweb\CadDestinatarios.dfm"
"cInscricaoST.gPerfil.pFicha1.UniScrollBox1.UniTabSheet1";"Possui Inscrição de ST";"en-US";"";"Caption";"C:\Projetos\Atlasweb\CadDestinatarios.dfm"
"cCliente.gPerfil.pFicha1.UniScrollBox1.UniTabSheet1";"Cliente";"en-US";"";"Caption";"C:\Projetos\Atlasweb\CadDestinatarios.dfm"
"cFornecedor.gPerfil.pFicha1.UniScrollBox1.UniTabSheet1";"Fornecedor";"en-US";"";"Caption";"C:\Projetos\Atlasweb\CadDestinatarios.dfm"
"cOrgao_Publico.gPerfil.pFicha1.UniScrollBox1.UniTabSheet1";"Orgao_Publico";"en-US";"";"Caption";"C:\Projetos\Atlasweb\CadDestinatarios.dfm"
"cTransportador.gPerfil.pFicha1.UniScrollBox1.UniTabSheet1";"Transportador";"en-US";"";"Caption";"C:\Projetos\Atlasweb\CadDestinatarios.dfm"
"cFabricante.gPerfil.pFicha1.UniScrollBox1.UniTabSheet1";"Fabricante";"en-US";"";"Caption";"C:\Projetos\Atlasweb\CadDestinatarios.dfm"
"cRepresentante.gPerfil.pFicha1.UniScrollBox1.UniTabSheet1";"Representante";"en-US";"";"Caption";"C:\Projetos\Atlasweb\CadDestinatarios.dfm"
"cConsignacao.gPerfil.pFicha1.UniScrollBox1.UniTabSheet1";"Cliente de Consignação";"en-US";"";"Caption";"C:\Projetos\Atlasweb\CadDestinatarios.dfm"
"UniDBCheckBox2.gPerfil.pFicha1.UniScrollBox1.UniTabSheet1";"Micro Empresa";"en-US";"";"Caption";"C:\Projetos\Atlasweb\CadDestinatarios.dfm"
"UniDBCheckBox3.gPerfil.pFicha1.UniScrollBox1.UniTabSheet1";"Exportador";"en-US";"";"Caption";"C:\Projetos\Atlasweb\CadDestinatarios.dfm"
"UniDBCheckBox4.gPerfil.pFicha1.UniScrollBox1.UniTabSheet1";"Armazém";"en-US";"";"Caption";"C:\Projetos\Atlasweb\CadDestinatarios.dfm"
"UniDBCheckBox5.gPerfil.pFicha1.UniScrollBox1.UniTabSheet1";"Varejista";"en-US";"";"Caption";"C:\Projetos\Atlasweb\CadDestinatarios.dfm"
"UniDBCheckBox6.gPerfil.pFicha1.UniScrollBox1.UniTabSheet1";"Atacadista";"en-US";"";"Caption";"C:\Projetos\Atlasweb\CadDestinatarios.dfm"
"UniDBCheckBox7.gPerfil.pFicha1.UniScrollBox1.UniTabSheet1";"Prospecção";"en-US";"";"Caption";"C:\Projetos\Atlasweb\CadDestinatarios.dfm"
"UniDBCheckBox8.gPerfil.pFicha1.UniScrollBox1.UniTabSheet1";"Bloqueado";"en-US";"";"Caption";"C:\Projetos\Atlasweb\CadDestinatarios.dfm"
"UniDBCheckBox9.gPerfil.pFicha1.UniScrollBox1.UniTabSheet1";"Terminal";"en-US";"";"Caption";"C:\Projetos\Atlasweb\CadDestinatarios.dfm"
"UniDBCheckBox10.gPerfil.pFicha1.UniScrollBox1.UniTabSheet1";"Atendente de Call Center";"en-US";"";"Caption";"C:\Projetos\Atlasweb\CadDestinatarios.dfm"
"UniDBCheckBox11.gPerfil.pFicha1.UniScrollBox1.UniTabSheet1";"Importador";"en-US";"";"Caption";"C:\Projetos\Atlasweb\CadDestinatarios.dfm"
"gPJ.pFicha1.UniScrollBox1.UniTabSheet1";"Registros / Inscrições (Pessoa Juridica)";"en-US";"";"Caption";"C:\Projetos\Atlasweb\CadDestinatarios.dfm"
"cCNPJ.gPJ.pFicha1.UniScrollBox1.UniTabSheet1";"CNPJ";"en-US";"";"FieldLabel";"C:\Projetos\Atlasweb\CadDestinatarios.dfm"
"cInscricao_Estadual.gPJ.pFicha1.UniScrollBox1.UniTabSheet1";"Inscrição Estadual";"en-US";"";"FieldLabel";"C:\Projetos\Atlasweb\CadDestinatarios.dfm"
"cInscricao_Municipal.gPJ.pFicha1.UniScrollBox1.UniTabSheet1";"Inscrição Municipal";"en-US";"";"FieldLabel";"C:\Projetos\Atlasweb\CadDestinatarios.dfm"
"cSUFRAMA.gPJ.pFicha1.UniScrollBox1.UniTabSheet1";"SUFRAMA";"en-US";"";"FieldLabel";"C:\Projetos\Atlasweb\CadDestinatarios.dfm"
"cRegistro_Alfandega.gPJ.pFicha1.UniScrollBox1.UniTabSheet1";"Registro Alfandega";"en-US";"";"FieldLabel";"C:\Projetos\Atlasweb\CadDestinatarios.dfm"
"cCNAE.gPJ.pFicha1.UniScrollBox1.UniTabSheet1";"CNAE Principal";"en-US";"";"FieldLabel";"C:\Projetos\Atlasweb\CadDestinatarios.dfm"
"cDesoneracao.gPJ.pFicha1.UniScrollBox1.UniTabSheet1";"Desoneracao";"en-US";"";"FieldLabel";"C:\Projetos\Atlasweb\CadDestinatarios.dfm"
"cIndicadorIE.gPJ.pFicha1.UniScrollBox1.UniTabSheet1";"Indicador de IE";"en-US";"";"FieldLabel";"C:\Projetos\Atlasweb\CadDestinatarios.dfm"
"gOrgao.pFicha1.UniScrollBox1.UniTabSheet1";"Orgão Público";"en-US";"";"Caption";"C:\Projetos\Atlasweb\CadDestinatarios.dfm"
"cEstado_Municipio.gOrgao.pFicha1.UniScrollBox1.UniTabSheet1";"Estado/Municipio";"en-US";"";"FieldLabel";"C:\Projetos\Atlasweb\CadDestinatarios.dfm"
"cAbreviatura.gOrgao.pFicha1.UniScrollBox1.UniTabSheet1";"Abreviatura";"en-US";"";"FieldLabel";"C:\Projetos\Atlasweb\CadDestinatarios.dfm"
"cPais.UniTabSheet1";"País";"en-US";"";"FieldLabel";"C:\Projetos\Atlasweb\CadDestinatarios.dfm"
"cRamo_Atividade.UniTabSheet1";"Ramo de Atividade";"en-US";"";"FieldLabel";"C:\Projetos\Atlasweb\CadDestinatarios.dfm"
"UniDBLookupComboBox1.UniTabSheet1";"Tipo de Produto";"en-US";"";"FieldLabel";"C:\Projetos\Atlasweb\CadDestinatarios.dfm"
"gPF.UniTabSheet1";"Registros / Inscrições (Pessoa Física)";"en-US";"";"Caption";"C:\Projetos\Atlasweb\CadDestinatarios.dfm"
"cCPF.gPF.UniTabSheet1";"CPF";"en-US";"";"FieldLabel";"C:\Projetos\Atlasweb\CadDestinatarios.dfm"
"cRG.gPF.UniTabSheet1";"RG";"en-US";"";"FieldLabel";"C:\Projetos\Atlasweb\CadDestinatarios.dfm"
"cPassaporte.gPF.UniTabSheet1";"Passaporte";"en-US";"";"FieldLabel";"C:\Projetos\Atlasweb\CadDestinatarios.dfm"
"UniTabSheet2";"Pessoais";"en-US";"";"Caption";"C:\Projetos\Atlasweb\CadDestinatarios.dfm"
"cData_Nascimento.pFicha2.UniScrollBox2.UniTabSheet2";"Data de Nascimento";"en-US";"";"FieldLabel";"C:\Projetos\Atlasweb\CadDestinatarios.dfm"
"cNaturalidade.pFicha2.UniScrollBox2.UniTabSheet2";"Natural de";"en-US";"";"FieldLabel";"C:\Projetos\Atlasweb\CadDestinatarios.dfm"
"cNome_Mae.pFicha2.UniScrollBox2.UniTabSheet2";"Nome da Mãe";"en-US";"";"FieldLabel";"C:\Projetos\Atlasweb\CadDestinatarios.dfm"
"cNome_Pai.pFicha2.UniScrollBox2.UniTabSheet2";"Nome do Pai";"en-US";"";"FieldLabel";"C:\Projetos\Atlasweb\CadDestinatarios.dfm"
"cProfissao.pFicha2.UniScrollBox2.UniTabSheet2";"Profissão";"en-US";"";"FieldLabel";"C:\Projetos\Atlasweb\CadDestinatarios.dfm"
"cSexo.pFicha2.UniScrollBox2.UniTabSheet2";"Sexo";"en-US";"";"Caption";"C:\Projetos\Atlasweb\CadDestinatarios.dfm"
"cEstadoCivil.pFicha2.UniScrollBox2.UniTabSheet2";"Estado Civil";"en-US";"";"Caption";"C:\Projetos\Atlasweb\CadDestinatarios.dfm"
"UniDBFormattedNumberEdit1.pFicha2.UniScrollBox2.UniTabSheet2";"Renda Mensal";"en-US";"";"FieldLabel";"C:\Projetos\Atlasweb\CadDestinatarios.dfm"
"UniGroupBox1.pFicha2.UniScrollBox2.UniTabSheet2";"Local de trabalho";"en-US";"";"Caption";"C:\Projetos\Atlasweb\CadDestinatarios.dfm"
"cTempo_Servico.UniGroupBox1.pFicha2.UniScrollBox2.UniTabSheet2";"Tempo de Serviço";"en-US";"";"FieldLabel";"C:\Projetos\Atlasweb\CadDestinatarios.dfm"
"cTrabalho_Local.UniGroupBox1.pFicha2.UniScrollBox2.UniTabSheet2";"Local / Empresa";"en-US";"";"FieldLabel";"C:\Projetos\Atlasweb\CadDestinatarios.dfm"
"cTrabalho_Endereco.UniGroupBox1.pFicha2.UniScrollBox2.UniTabSheet2";"Rua";"en-US";"";"FieldLabel";"C:\Projetos\Atlasweb\CadDestinatarios.dfm"
"cTrabalho_Bairro.UniGroupBox1.pFicha2.UniScrollBox2.UniTabSheet2";"Bairro";"en-US";"";"FieldLabel";"C:\Projetos\Atlasweb\CadDestinatarios.dfm"
"cTrabalho_Cidade.UniGroupBox1.pFicha2.UniScrollBox2.UniTabSheet2";"Município";"en-US";"";"FieldLabel";"C:\Projetos\Atlasweb\CadDestinatarios.dfm"
"cTrabalho_CEP.UniGroupBox1.pFicha2.UniScrollBox2.UniTabSheet2";"CEP";"en-US";"";"FieldLabel";"C:\Projetos\Atlasweb\CadDestinatarios.dfm"
"cTrabalho_Estado.UniGroupBox1.pFicha2.UniScrollBox2.UniTabSheet2";"Estado";"en-US";"";"FieldLabel";"C:\Projetos\Atlasweb\CadDestinatarios.dfm"
"cTrabalho_Telefone.UniGroupBox1.pFicha2.UniScrollBox2.UniTabSheet2";"Telefone";"en-US";"";"FieldLabel";"C:\Projetos\Atlasweb\CadDestinatarios.dfm"
"UniTabSheet3";"Referências";"en-US";"";"Caption";"C:\Projetos\Atlasweb\CadDestinatarios.dfm"
"pFicha3.UniScrollBox3.UniTabSheet3";"DADOS GERAIS";"en-US";"";"Title";"C:\Projetos\Atlasweb\CadDestinatarios.dfm"
"UniGroupBox4.pFicha3.UniScrollBox3.UniTabSheet3";"Referências Bancárias";"en-US";"";"Caption";"C:\Projetos\Atlasweb\CadDestinatarios.dfm"
"cReferencias_Banco1.UniGroupBox4.pFicha3.UniScrollBox3.UniTabSheet3";"Banco";"en-US";"";"FieldLabel";"C:\Projetos\Atlasweb\CadDestinatarios.dfm"
"cReferencias_Banco1Agencia.UniGroupBox4.pFicha3.UniScrollBox3.UniTabSheet3";"Agência";"en-US";"";"FieldLabel";"C:\Projetos\Atlasweb\CadDestinatarios.dfm"
"cReferencias_Banco1Conta.UniGroupBox4.pFicha3.UniScrollBox3.UniTabSheet3";"Conta";"en-US";"";"FieldLabel";"C:\Projetos\Atlasweb\CadDestinatarios.dfm"
"cReferencias_Banco1Data.UniGroupBox4.pFicha3.UniScrollBox3.UniTabSheet3";"Data";"en-US";"";"FieldLabel";"C:\Projetos\Atlasweb\CadDestinatarios.dfm"
"cReferencias_Banco2.UniGroupBox4.pFicha3.UniScrollBox3.UniTabSheet3";"Banco";"en-US";"";"FieldLabel";"C:\Projetos\Atlasweb\CadDestinatarios.dfm"
"cReferencias_Banco2Agencia.UniGroupBox4.pFicha3.UniScrollBox3.UniTabSheet3";"Agência";"en-US";"";"FieldLabel";"C:\Projetos\Atlasweb\CadDestinatarios.dfm"
"cReferencias_Banco2Conta.UniGroupBox4.pFicha3.UniScrollBox3.UniTabSheet3";"Conta";"en-US";"";"FieldLabel";"C:\Projetos\Atlasweb\CadDestinatarios.dfm"
"cReferencias_Banco2Data.UniGroupBox4.pFicha3.UniScrollBox3.UniTabSheet3";"Data";"en-US";"";"FieldLabel";"C:\Projetos\Atlasweb\CadDestinatarios.dfm"
"cReferencias_Cartoes.UniGroupBox4.pFicha3.UniScrollBox3.UniTabSheet3";"Cartões de Crédito";"en-US";"";"FieldLabel";"C:\Projetos\Atlasweb\CadDestinatarios.dfm"
"cSwift_Code.UniGroupBox4.pFicha3.UniScrollBox3.UniTabSheet3";"Swift Code";"en-US";"";"FieldLabel";"C:\Projetos\Atlasweb\CadDestinatarios.dfm"
"cIBAN.UniGroupBox4.pFicha3.UniScrollBox3.UniTabSheet3";"IBAN";"en-US";"";"FieldLabel";"C:\Projetos\Atlasweb\CadDestinatarios.dfm"
"UniGroupBox8.pFicha3.UniScrollBox3.UniTabSheet3";"Referências Comerciais";"en-US";"";"Caption";"C:\Projetos\Atlasweb\CadDestinatarios.dfm"
"cReferencias_Comercial1.UniGroupBox8.pFicha3.UniScrollBox3.UniTabSheet3";"Nome";"en-US";"";"FieldLabel";"C:\Projetos\Atlasweb\CadDestinatarios.dfm"
"cReferencias_Comercial2.UniGroupBox8.pFicha3.UniScrollBox3.UniTabSheet3";"Nome";"en-US";"";"FieldLabel";"C:\Projetos\Atlasweb\CadDestinatarios.dfm"
"cReferencias_Comercial3.UniGroupBox8.pFicha3.UniScrollBox3.UniTabSheet3";"Nome";"en-US";"";"FieldLabel";"C:\Projetos\Atlasweb\CadDestinatarios.dfm"
"cReferencias_ComercialContato1.UniGroupBox8.pFicha3.UniScrollBox3.UniTabSheet3";"Contato";"en-US";"";"FieldLabel";"C:\Projetos\Atlasweb\CadDestinatarios.dfm"
"cReferencias_ComercialContato2.UniGroupBox8.pFicha3.UniScrollBox3.UniTabSheet3";"Contato";"en-US";"";"FieldLabel";"C:\Projetos\Atlasweb\CadDestinatarios.dfm"
"cReferencias_ComercialContato3.UniGroupBox8.pFicha3.UniScrollBox3.UniTabSheet3";"Contato";"en-US";"";"FieldLabel";"C:\Projetos\Atlasweb\CadDestinatarios.dfm"
"cReferencias_ComercialData1.UniGroupBox8.pFicha3.UniScrollBox3.UniTabSheet3";"Cliente desde";"en-US";"";"FieldLabel";"C:\Projetos\Atlasweb\CadDestinatarios.dfm"
"cReferencias_ComercialPontual1.UniGroupBox8.pFicha3.UniScrollBox3.UniTabSheet3";"Pontualidade";"en-US";"";"FieldLabel";"C:\Projetos\Atlasweb\CadDestinatarios.dfm"
"UniDBEdit1.UniGroupBox8.pFicha3.UniScrollBox3.UniTabSheet3";"Valor Última Compra";"en-US";"";"FieldLabel";"C:\Projetos\Atlasweb\CadDestinatarios.dfm"
"UniTabSheet4";"Avalista";"en-US";"";"Caption";"C:\Projetos\Atlasweb\CadDestinatarios.dfm"
"pFicha4.UniScrollBox4.UniTabSheet4";"DADOS GERAIS";"en-US";"";"Title";"C:\Projetos\Atlasweb\CadDestinatarios.dfm"
"cAvalista_Nome.pFicha4.UniScrollBox4.UniTabSheet4";"Nome";"en-US";"";"FieldLabel";"C:\Projetos\Atlasweb\CadDestinatarios.dfm"
"cAvalista_CNPJ.pFicha4.UniScrollBox4.UniTabSheet4";"CNPJ";"en-US";"";"FieldLabel";"C:\Projetos\Atlasweb\CadDestinatarios.dfm"
"cAvalista_CPF.pFicha4.UniScrollBox4.UniTabSheet4";"CPF";"en-US";"";"FieldLabel";"C:\Projetos\Atlasweb\CadDestinatarios.dfm"
"cAvalista_RG.pFicha4.UniScrollBox4.UniTabSheet4";"RG";"en-US";"";"FieldLabel";"C:\Projetos\Atlasweb\CadDestinatarios.dfm"
"cAvalista_Endereco.pFicha4.UniScrollBox4.UniTabSheet4";"Endereço";"en-US";"";"FieldLabel";"C:\Projetos\Atlasweb\CadDestinatarios.dfm"
"cAvalista_Bairro.pFicha4.UniScrollBox4.UniTabSheet4";"Bairro";"en-US";"";"FieldLabel";"C:\Projetos\Atlasweb\CadDestinatarios.dfm"
"cAvalista_Cidade.pFicha4.UniScrollBox4.UniTabSheet4";"Município";"en-US";"";"FieldLabel";"C:\Projetos\Atlasweb\CadDestinatarios.dfm"
"cAvalista_Estado.pFicha4.UniScrollBox4.UniTabSheet4";"Estado";"en-US";"";"FieldLabel";"C:\Projetos\Atlasweb\CadDestinatarios.dfm"
"cAvalista_CEP.pFicha4.UniScrollBox4.UniTabSheet4";"CEP";"en-US";"";"FieldLabel";"C:\Projetos\Atlasweb\CadDestinatarios.dfm"
"UniTabSheet5";"Entrega / Retirada";"en-US";"";"Caption";"C:\Projetos\Atlasweb\CadDestinatarios.dfm"
"pFicha5.UniScrollBox5.UniTabSheet5";"DADOS GERAIS";"en-US";"";"Title";"C:\Projetos\Atlasweb\CadDestinatarios.dfm"
"UniGroupBox5.pFicha5.UniScrollBox5.UniTabSheet5";"Endereço de Entrega";"en-US";"";"Caption";"C:\Projetos\Atlasweb\CadDestinatarios.dfm"
"cRua_Entrega.UniGroupBox5.pFicha5.UniScrollBox5.UniTabSheet5";"Rua";"en-US";"";"FieldLabel";"C:\Projetos\Atlasweb\CadDestinatarios.dfm"
"cRua_EntregaNumero.UniGroupBox5.pFicha5.UniScrollBox5.UniTabSheet5";"Rua Nº";"en-US";"";"FieldLabel";"C:\Projetos\Atlasweb\CadDestinatarios.dfm"
"cBairro_Entrega.UniGroupBox5.pFicha5.UniScrollBox5.UniTabSheet5";"Bairro";"en-US";"";"FieldLabel";"C:\Projetos\Atlasweb\CadDestinatarios.dfm"
"cMunicipio_Entrega.UniGroupBox5.pFicha5.UniScrollBox5.UniTabSheet5";"Município";"en-US";"";"FieldLabel";"C:\Projetos\Atlasweb\CadDestinatarios.dfm"
"cEstado_Entrega.UniGroupBox5.pFicha5.UniScrollBox5.UniTabSheet5";"Estado";"en-US";"";"FieldLabel";"C:\Projetos\Atlasweb\CadDestinatarios.dfm"
"cCEP_Entrega.UniGroupBox5.pFicha5.UniScrollBox5.UniTabSheet5";"CEP";"en-US";"";"FieldLabel";"C:\Projetos\Atlasweb\CadDestinatarios.dfm"
"cCNPJ_Entrega.UniGroupBox5.pFicha5.UniScrollBox5.UniTabSheet5";"CNPJ";"en-US";"";"FieldLabel";"C:\Projetos\Atlasweb\CadDestinatarios.dfm"
"cIE_Entrega.UniGroupBox5.pFicha5.UniScrollBox5.UniTabSheet5";"Inscrição Estadual";"en-US";"";"FieldLabel";"C:\Projetos\Atlasweb\CadDestinatarios.dfm"
"cCPF_Entrega.UniGroupBox5.pFicha5.UniScrollBox5.UniTabSheet5";"CPF";"en-US";"";"FieldLabel";"C:\Projetos\Atlasweb\CadDestinatarios.dfm"
"cRecebedor_Entrega.UniGroupBox5.pFicha5.UniScrollBox5.UniTabSheet5";"Recebedor";"en-US";"";"FieldLabel";"C:\Projetos\Atlasweb\CadDestinatarios.dfm"
"cRua_ComplEntrega.UniGroupBox5.pFicha5.UniScrollBox5.UniTabSheet5";"Complemento";"en-US";"";"FieldLabel";"C:\Projetos\Atlasweb\CadDestinatarios.dfm"
"cEmail_Entrega.UniGroupBox5.pFicha5.UniScrollBox5.UniTabSheet5";"E-Mail";"en-US";"";"FieldLabel";"C:\Projetos\Atlasweb\CadDestinatarios.dfm"
"cTelefone_Entrega.UniGroupBox5.pFicha5.UniScrollBox5.UniTabSheet5";"Telefone";"en-US";"";"FieldLabel";"C:\Projetos\Atlasweb\CadDestinatarios.dfm"
"cPais_Entrega.UniGroupBox5.pFicha5.UniScrollBox5.UniTabSheet5";"País";"en-US";"";"FieldLabel";"C:\Projetos\Atlasweb\CadDestinatarios.dfm"
"cEndereco_Entrega.UniGroupBox5.pFicha5.UniScrollBox5.UniTabSheet5";"Habilitar Endereço de Entrega";"en-US";"";"Caption";"C:\Projetos\Atlasweb\CadDestinatarios.dfm"
"UniGroupBox9.pFicha5.UniScrollBox5.UniTabSheet5";"Endereço de Retirada";"en-US";"";"Caption";"C:\Projetos\Atlasweb\CadDestinatarios.dfm"
"UniDBEdit2.UniGroupBox9.pFicha5.UniScrollBox5.UniTabSheet5";"Rua";"en-US";"";"FieldLabel";"C:\Projetos\Atlasweb\CadDestinatarios.dfm"
"UniDBEdit3.UniGroupBox9.pFicha5.UniScrollBox5.UniTabSheet5";"Rua Nº";"en-US";"";"FieldLabel";"C:\Projetos\Atlasweb\CadDestinatarios.dfm"
"UniDBEdit4.UniGroupBox9.pFicha5.UniScrollBox5.UniTabSheet5";"Bairro";"en-US";"";"FieldLabel";"C:\Projetos\Atlasweb\CadDestinatarios.dfm"
"UniDBLookupComboBox2.UniGroupBox9.pFicha5.UniScrollBox5.UniTabSheet5";"Município";"en-US";"";"FieldLabel";"C:\Projetos\Atlasweb\CadDestinatarios.dfm"
"UniDBLookupComboBox3.UniGroupBox9.pFicha5.UniScrollBox5.UniTabSheet5";"Estado";"en-US";"";"FieldLabel";"C:\Projetos\Atlasweb\CadDestinatarios.dfm"
"UniDBEdit5.UniGroupBox9.pFicha5.UniScrollBox5.UniTabSheet5";"CEP";"en-US";"";"FieldLabel";"C:\Projetos\Atlasweb\CadDestinatarios.dfm"
"UniDBEdit6.UniGroupBox9.pFicha5.UniScrollBox5.UniTabSheet5";"CNPJ";"en-US";"";"FieldLabel";"C:\Projetos\Atlasweb\CadDestinatarios.dfm"
"UniDBEdit7.UniGroupBox9.pFicha5.UniScrollBox5.UniTabSheet5";"Inscrição Estadual";"en-US";"";"FieldLabel";"C:\Projetos\Atlasweb\CadDestinatarios.dfm"
"UniDBEdit8.UniGroupBox9.pFicha5.UniScrollBox5.UniTabSheet5";"CPF";"en-US";"";"FieldLabel";"C:\Projetos\Atlasweb\CadDestinatarios.dfm"
"UniDBEdit9.UniGroupBox9.pFicha5.UniScrollBox5.UniTabSheet5";"Recebedor";"en-US";"";"FieldLabel";"C:\Projetos\Atlasweb\CadDestinatarios.dfm"
"UniDBEdit10.UniGroupBox9.pFicha5.UniScrollBox5.UniTabSheet5";"Complemento";"en-US";"";"FieldLabel";"C:\Projetos\Atlasweb\CadDestinatarios.dfm"
"UniDBEdit11.UniGroupBox9.pFicha5.UniScrollBox5.UniTabSheet5";"E-Mail";"en-US";"";"FieldLabel";"C:\Projetos\Atlasweb\CadDestinatarios.dfm"
"UniDBEdit12.UniGroupBox9.pFicha5.UniScrollBox5.UniTabSheet5";"Telefone";"en-US";"";"FieldLabel";"C:\Projetos\Atlasweb\CadDestinatarios.dfm"
"UniDBLookupComboBox4.UniGroupBox9.pFicha5.UniScrollBox5.UniTabSheet5";"País";"en-US";"";"FieldLabel";"C:\Projetos\Atlasweb\CadDestinatarios.dfm"
"UniDBCheckBox1.UniGroupBox9.pFicha5.UniScrollBox5.UniTabSheet5";"Habilitar Endereço de Retirada";"en-US";"";"Caption";"C:\Projetos\Atlasweb\CadDestinatarios.dfm"
"UniTabSheet7";"Premissas";"en-US";"";"Caption";"C:\Projetos\Atlasweb\CadDestinatarios.dfm"
"pFicha7.UniScrollBox7.UniTabSheet7";"DADOS GERAIS";"en-US";"";"Title";"C:\Projetos\Atlasweb\CadDestinatarios.dfm"
"cDesconto_Dupl_Tipo.pFicha7.UniScrollBox7.UniTabSheet7";"Desconto Duplicata";"en-US";"";"FieldLabel";"C:\Projetos\Atlasweb\CadDestinatarios.dfm"
"cDesconto_Dupl_Dias.pFicha7.UniScrollBox7.UniTabSheet7";"Limite (Dias)";"en-US";"";"FieldLabel";"C:\Projetos\Atlasweb\CadDestinatarios.dfm"
"cDesconto_Dupl_Campo.pFicha7.UniScrollBox7.UniTabSheet7";"Calculo Desconto";"en-US";"";"FieldLabel";"C:\Projetos\Atlasweb\CadDestinatarios.dfm"
"cVencimento_Contrato.pFicha7.UniScrollBox7.UniTabSheet7";"Vencimento Contrato";"en-US";"";"FieldLabel";"C:\Projetos\Atlasweb\CadDestinatarios.dfm"
"cVencimento_Radar.pFicha7.UniScrollBox7.UniTabSheet7";"Vencimento Radar";"en-US";"";"FieldLabel";"C:\Projetos\Atlasweb\CadDestinatarios.dfm"
"cVencimento_Vinculacao.pFicha7.UniScrollBox7.UniTabSheet7";"Vencimento Vinculação";"en-US";"";"FieldLabel";"C:\Projetos\Atlasweb\CadDestinatarios.dfm"
"cCondicao_Pagamento.pFicha7.UniScrollBox7.UniTabSheet7";"Condição Pgto (Duplicata)";"en-US";"";"FieldLabel";"C:\Projetos\Atlasweb\CadDestinatarios.dfm"
"cAtraso_Maximo.pFicha7.UniScrollBox7.UniTabSheet7";"Atraso Máximo Pgto em Dias:";"en-US";"";"FieldLabel";"C:\Projetos\Atlasweb\CadDestinatarios.dfm"
"cDesconto_Dupl_Valor.pFicha7.UniScrollBox7.UniTabSheet7";"Valor %";"en-US";"";"FieldLabel";"C:\Projetos\Atlasweb\CadDestinatarios.dfm"
"UniDBEdit13.pFicha7.UniScrollBox7.UniTabSheet7";"Margem Lucro (%)";"en-US";"";"FieldLabel";"C:\Projetos\Atlasweb\CadDestinatarios.dfm"
"UniDBEdit14.pFicha7.UniScrollBox7.UniTabSheet7";"Margem Lucro (Valor)";"en-US";"";"FieldLabel";"C:\Projetos\Atlasweb\CadDestinatarios.dfm"
"UniDBEdit15.pFicha7.UniScrollBox7.UniTabSheet7";"Desconto Operacional (%)";"en-US";"";"FieldLabel";"C:\Projetos\Atlasweb\CadDestinatarios.dfm"
"UniDBEdit16.pFicha7.UniScrollBox7.UniTabSheet7";"Desconto Operacional (Valor)";"en-US";"";"FieldLabel";"C:\Projetos\Atlasweb\CadDestinatarios.dfm"
"UniDBEdit17.pFicha7.UniScrollBox7.UniTabSheet7";"Desconto Adicional (%)";"en-US";"";"FieldLabel";"C:\Projetos\Atlasweb\CadDestinatarios.dfm"
"UniDBEdit18.pFicha7.UniScrollBox7.UniTabSheet7";"Desconto Adicional (Valor)";"en-US";"";"FieldLabel";"C:\Projetos\Atlasweb\CadDestinatarios.dfm"
"UniDBEdit19.pFicha7.UniScrollBox7.UniTabSheet7";"Desconto Comercial (%)";"en-US";"";"FieldLabel";"C:\Projetos\Atlasweb\CadDestinatarios.dfm"
"UniDBEdit20.pFicha7.UniScrollBox7.UniTabSheet7";"Desconto Comercial (Valor)";"en-US";"";"FieldLabel";"C:\Projetos\Atlasweb\CadDestinatarios.dfm"
"UniDBEdit21.pFicha7.UniScrollBox7.UniTabSheet7";"Fator Faturamento";"en-US";"";"FieldLabel";"C:\Projetos\Atlasweb\CadDestinatarios.dfm"
"UniDBEdit22.pFicha7.UniScrollBox7.UniTabSheet7";"Fator SISCOMEX";"en-US";"";"FieldLabel";"C:\Projetos\Atlasweb\CadDestinatarios.dfm"
"cLimiteSaldo.pFicha7.UniScrollBox7.UniTabSheet7";"Limite Saldo";"en-US";"";"FieldLabel";"C:\Projetos\Atlasweb\CadDestinatarios.dfm"
"UniDBFormattedNumberEdit2.pFicha7.UniScrollBox7.UniTabSheet7";"Limite Crédito";"en-US";"";"FieldLabel";"C:\Projetos\Atlasweb\CadDestinatarios.dfm"
"UniDBFormattedNumberEdit3.pFicha7.UniScrollBox7.UniTabSheet7";"Limite Utilizado";"en-US";"";"FieldLabel";"C:\Projetos\Atlasweb\CadDestinatarios.dfm"
"UniTabSheet13";"COMEX";"en-US";"";"Caption";"C:\Projetos\Atlasweb\CadDestinatarios.dfm"
"UniPanel2.UniTabSheet13";"DADOS GERAIS";"en-US";"";"Title";"C:\Projetos\Atlasweb\CadDestinatarios.dfm"
"cPO.UniPanel2.UniTabSheet13";"Nº PO";"en-US";"";"FieldLabel";"C:\Projetos\Atlasweb\CadDestinatarios.dfm"
"cMascara_PO.UniPanel2.UniTabSheet13";"Mascara do PO";"en-US";"";"FieldLabel";"C:\Projetos\Atlasweb\CadDestinatarios.dfm"
"cMascara_Processo.UniPanel2.UniTabSheet13";"Mascara do Processo";"en-US";"";"FieldLabel";"C:\Projetos\Atlasweb\CadDestinatarios.dfm"
"cModalidade_Importacao.UniPanel2.UniTabSheet13";"Modalidade de Importação";"en-US";"";"FieldLabel";"C:\Projetos\Atlasweb\CadDestinatarios.dfm"
"UniTabSheet10";"Cobrança";"en-US";"";"Caption";"C:\Projetos\Atlasweb\CadDestinatarios.dfm"
"pFicha10.UniScrollBox10.UniTabSheet10";"DADOS GERAIS";"en-US";"";"Title";"C:\Projetos\Atlasweb\CadDestinatarios.dfm"
"cCobranca_Endereco.pFicha10.UniScrollBox10.UniTabSheet10";"Endereço";"en-US";"";"FieldLabel";"C:\Projetos\Atlasweb\CadDestinatarios.dfm"
"cCobranca_Bairro.pFicha10.UniScrollBox10.UniTabSheet10";"Bairro";"en-US";"";"FieldLabel";"C:\Projetos\Atlasweb\CadDestinatarios.dfm"
"cCobranca_Cidade.pFicha10.UniScrollBox10.UniTabSheet10";"Município";"en-US";"";"FieldLabel";"C:\Projetos\Atlasweb\CadDestinatarios.dfm"
"cCobranca_Estado.pFicha10.UniScrollBox10.UniTabSheet10";"Estado";"en-US";"";"FieldLabel";"C:\Projetos\Atlasweb\CadDestinatarios.dfm"
"cCobranca_CEP.pFicha10.UniScrollBox10.UniTabSheet10";"CEP";"en-US";"";"FieldLabel";"C:\Projetos\Atlasweb\CadDestinatarios.dfm"
"cCobranca_Boleto.pFicha10.UniScrollBox10.UniTabSheet10";"Cobranca_Boleto";"en-US";"";"Caption";"C:\Projetos\Atlasweb\CadDestinatarios.dfm"
"cMensalidade_Dia.pFicha10.UniScrollBox10.UniTabSheet10";"Mensalidade";"en-US";"";"FieldLabel";"C:\Projetos\Atlasweb\CadDestinatarios.dfm"
"cCliente_Diferenciado.pFicha10.UniScrollBox10.UniTabSheet10";"Cliente_Diferenciado";"en-US";"";"Caption";"C:\Projetos\Atlasweb\CadDestinatarios.dfm"
"UniDBRadioGroup1.pFicha10.UniScrollBox10.UniTabSheet10";"Tipo de Frete";"en-US";"";"Caption";"C:\Projetos\Atlasweb\CadDestinatarios.dfm"
"UniDBEdit25.pFicha10.UniScrollBox10.UniTabSheet10";"Dia de Vencto";"en-US";"";"FieldLabel";"C:\Projetos\Atlasweb\CadDestinatarios.dfm"
"UniTabSheet8";"Comerciais";"en-US";"";"Caption";"C:\Projetos\Atlasweb\CadDestinatarios.dfm"
"UniPanel1.UniScrollBox8.UniTabSheet8";"DADOS GERAIS";"en-US";"";"Title";"C:\Projetos\Atlasweb\CadDestinatarios.dfm"
"cPraca_Pagamento.UniPanel1.UniScrollBox8.UniTabSheet8";"Praça de Pagamento";"en-US";"";"FieldLabel";"C:\Projetos\Atlasweb\CadDestinatarios.dfm"
"UniGroupBox6.UniPanel1.UniScrollBox8.UniTabSheet8";"Representante";"en-US";"";"Caption";"C:\Projetos\Atlasweb\CadDestinatarios.dfm"
"cRepresentante_Codigo.UniGroupBox6.UniPanel1.UniScrollBox8.UniTabSheet8";"Código";"en-US";"";"FieldLabel";"C:\Projetos\Atlasweb\CadDestinatarios.dfm"
"cRepresentante_Senha.UniGroupBox6.UniPanel1.UniScrollBox8.UniTabSheet8";"Senha";"en-US";"";"FieldLabel";"C:\Projetos\Atlasweb\CadDestinatarios.dfm"
"UniDBLookupComboBox5.UniGroupBox6.UniPanel1.UniScrollBox8.UniTabSheet8";"Região";"en-US";"";"FieldLabel";"C:\Projetos\Atlasweb\CadDestinatarios.dfm"
"cRepresentante_Comissao.UniGroupBox6.UniPanel1.UniScrollBox8.UniTabSheet8";"Comissão";"en-US";"";"FieldLabel";"C:\Projetos\Atlasweb\CadDestinatarios.dfm"
"cComissao_Gerencia.UniGroupBox6.UniPanel1.UniScrollBox8.UniTabSheet8";"Comissão Gerência";"en-US";"";"FieldLabel";"C:\Projetos\Atlasweb\CadDestinatarios.dfm"
"UniGroupBox10.UniPanel1.UniScrollBox8.UniTabSheet8";"Trader";"en-US";"";"Caption";"C:\Projetos\Atlasweb\CadDestinatarios.dfm"
"cTrader.UniGroupBox10.UniPanel1.UniScrollBox8.UniTabSheet8";"Trader";"en-US";"";"FieldLabel";"C:\Projetos\Atlasweb\CadDestinatarios.dfm"
"cTipo_Comissao.UniGroupBox10.UniPanel1.UniScrollBox8.UniTabSheet8";"Tipo_Comissao";"en-US";"";"FieldLabel";"C:\Projetos\Atlasweb\CadDestinatarios.dfm"
"UniDBEdit23.UniGroupBox10.UniPanel1.UniScrollBox8.UniTabSheet8";"Comissão";"en-US";"";"FieldLabel";"C:\Projetos\Atlasweb\CadDestinatarios.dfm"
"UniGroupBox11.UniPanel1.UniScrollBox8.UniTabSheet8";"Atendente";"en-US";"";"Caption";"C:\Projetos\Atlasweb\CadDestinatarios.dfm"
"cAtendente.UniGroupBox11.UniPanel1.UniScrollBox8.UniTabSheet8";"Atendente";"en-US";"";"FieldLabel";"C:\Projetos\Atlasweb\CadDestinatarios.dfm"
"UniDBEdit24.UniGroupBox11.UniPanel1.UniScrollBox8.UniTabSheet8";"Comissão";"en-US";"";"FieldLabel";"C:\Projetos\Atlasweb\CadDestinatarios.dfm"
"UniTabSheet11";"E-Mail";"en-US";"";"Caption";"C:\Projetos\Atlasweb\CadDestinatarios.dfm"
"pFicha11.UniScrollBox11.UniTabSheet11";"DADOS GERAIS";"en-US";"";"Title";"C:\Projetos\Atlasweb\CadDestinatarios.dfm"
"cEmail.pFicha11.UniScrollBox11.UniTabSheet11";"E-Mail";"en-US";"";"FieldLabel";"C:\Projetos\Atlasweb\CadDestinatarios.dfm"
"cSite.pFicha11.UniScrollBox11.UniTabSheet11";"Site";"en-US";"";"FieldLabel";"C:\Projetos\Atlasweb\CadDestinatarios.dfm"
"cEnviar_Email.pFicha11.UniScrollBox11.UniTabSheet11";"Enviar E-mail";"en-US";"";"Caption";"C:\Projetos\Atlasweb\CadDestinatarios.dfm"
"cEmail_Copia.pFicha11.UniScrollBox11.UniTabSheet11";"CC";"en-US";"";"FieldLabel";"C:\Projetos\Atlasweb\CadDestinatarios.dfm"
"UniTabSheet12";"Outros Dados";"en-US";"";"Caption";"C:\Projetos\Atlasweb\CadDestinatarios.dfm"
"pFicha12.UniScrollBox12.UniTabSheet12";"DADOS GERAIS";"en-US";"";"Title";"C:\Projetos\Atlasweb\CadDestinatarios.dfm"
"UniGroupBox7.pFicha12.UniScrollBox12.UniTabSheet12";"Layout de captura dos dados do lote da NF-E";"en-US";"";"Caption";"C:\Projetos\Atlasweb\CadDestinatarios.dfm"
"cLayoutLote_Fabricacao.UniGroupBox7.pFicha12.UniScrollBox12.UniTabSheet12";"Fabricação";"en-US";"";"FieldLabel";"C:\Projetos\Atlasweb\CadDestinatarios.dfm"
"cLayoutLote_Numero.UniGroupBox7.pFicha12.UniScrollBox12.UniTabSheet12";"Número do Lote";"en-US";"";"FieldLabel";"C:\Projetos\Atlasweb\CadDestinatarios.dfm"
"cLayoutLote_Validade.UniGroupBox7.pFicha12.UniScrollBox12.UniTabSheet12";"Valídade";"en-US";"";"FieldLabel";"C:\Projetos\Atlasweb\CadDestinatarios.dfm"
"UniGroupBox12.pFicha12.UniScrollBox12.UniTabSheet12";"Configurações de FTP";"en-US";"";"Caption";"C:\Projetos\Atlasweb\CadDestinatarios.dfm"
"cFTP_Usuario.UniGroupBox12.pFicha12.UniScrollBox12.UniTabSheet12";"Usuário";"en-US";"";"FieldLabel";"C:\Projetos\Atlasweb\CadDestinatarios.dfm"
"cFTP_Senha.UniGroupBox12.pFicha12.UniScrollBox12.UniTabSheet12";"Senha";"en-US";"";"FieldLabel";"C:\Projetos\Atlasweb\CadDestinatarios.dfm"
"cFTP_IP.UniGroupBox12.pFicha12.UniScrollBox12.UniTabSheet12";"IP";"en-US";"";"FieldLabel";"C:\Projetos\Atlasweb\CadDestinatarios.dfm"
"cFTP_Passive.UniGroupBox12.pFicha12.UniScrollBox12.UniTabSheet12";"Passive Mode";"en-US";"";"Caption";"C:\Projetos\Atlasweb\CadDestinatarios.dfm"
"UniTabSheet9";"Contabil";"en-US";"";"Caption";"C:\Projetos\Atlasweb\CadDestinatarios.dfm"
"pFicha9.UniScrollBox9.UniTabSheet9";"DADOS GERAIS";"en-US";"";"Title";"C:\Projetos\Atlasweb\CadDestinatarios.dfm"
"cModal.pModal.pFicha9.UniScrollBox9.UniTabSheet9";"Modalidade Importação";"en-US";"";"FieldLabel";"C:\Projetos\Atlasweb\CadDestinatarios.dfm"
"UniDBLookupComboBox6.pModal.pFicha9.UniScrollBox9.UniTabSheet9";"Conta Ativo (Cliente)";"en-US";"";"FieldLabel";"C:\Projetos\Atlasweb\CadDestinatarios.dfm"
"UniDBLookupComboBox7.pModal.pFicha9.UniScrollBox9.UniTabSheet9";"Conta Adiantamento (Cliente)";"en-US";"";"FieldLabel";"C:\Projetos\Atlasweb\CadDestinatarios.dfm"
"UniDBLookupComboBox8.pModal.pFicha9.UniScrollBox9.UniTabSheet9";"Conta Devolução (Cliente)";"en-US";"";"FieldLabel";"C:\Projetos\Atlasweb\CadDestinatarios.dfm"
"UniDBLookupComboBox9.pModal.pFicha9.UniScrollBox9.UniTabSheet9";"Conta Passivo (Fornecedor)";"en-US";"";"FieldLabel";"C:\Projetos\Atlasweb\CadDestinatarios.dfm"
"UniDBLookupComboBox10.pModal.pFicha9.UniScrollBox9.UniTabSheet9";"Conta Adiantamento (Fornecedor)";"en-US";"";"FieldLabel";"C:\Projetos\Atlasweb\CadDestinatarios.dfm"
"UniDBLookupComboBox11.pModal.pFicha9.UniScrollBox9.UniTabSheet9";"Conta Devolução (Fornecedor)";"en-US";"";"FieldLabel";"C:\Projetos\Atlasweb\CadDestinatarios.dfm"
"UniTabSheet6";"Observações";"en-US";"";"Caption";"C:\Projetos\Atlasweb\CadDestinatarios.dfm"
"pFicha6.UniScrollBox6.UniTabSheet6";"DADOS GERAIS";"en-US";"";"Title";"C:\Projetos\Atlasweb\CadDestinatarios.dfm"
"cObservacao.pFicha6.UniScrollBox6.UniTabSheet6";"Observação";"en-US";"";"FieldLabel";"C:\Projetos\Atlasweb\CadDestinatarios.dfm"
"gReg.pFicha1.UniScrollBox1.UniTabSheet1";"Registros / Inscrições";"en-US";"";"Caption";"C:\Projetos\Atlasweb\CadDestinatarios_Old.dfm"
"cCNPJ.gReg.pFicha1.UniScrollBox1.UniTabSheet1";"CNPJ";"en-US";"";"FieldLabel";"C:\Projetos\Atlasweb\CadDestinatarios_Old.dfm"
"cCPF.gReg.pFicha1.UniScrollBox1.UniTabSheet1";"CPF";"en-US";"";"FieldLabel";"C:\Projetos\Atlasweb\CadDestinatarios_Old.dfm"
"cRG.gReg.pFicha1.UniScrollBox1.UniTabSheet1";"RG";"en-US";"";"FieldLabel";"C:\Projetos\Atlasweb\CadDestinatarios_Old.dfm"
"cInscricao_Estadual.gReg.pFicha1.UniScrollBox1.UniTabSheet1";"Inscrição Estadual";"en-US";"";"FieldLabel";"C:\Projetos\Atlasweb\CadDestinatarios_Old.dfm"
"cInscricao_Municipal.gReg.pFicha1.UniScrollBox1.UniTabSheet1";"Inscrição Municipal";"en-US";"";"FieldLabel";"C:\Projetos\Atlasweb\CadDestinatarios_Old.dfm"
"cSUFRAMA.gReg.pFicha1.UniScrollBox1.UniTabSheet1";"SUFRAMA";"en-US";"";"FieldLabel";"C:\Projetos\Atlasweb\CadDestinatarios_Old.dfm"
"cPassaporte.gReg.pFicha1.UniScrollBox1.UniTabSheet1";"Passaporte";"en-US";"";"FieldLabel";"C:\Projetos\Atlasweb\CadDestinatarios_Old.dfm"
"cRegistro_Alfandega.gReg.pFicha1.UniScrollBox1.UniTabSheet1";"Registro Alfandega";"en-US";"";"FieldLabel";"C:\Projetos\Atlasweb\CadDestinatarios_Old.dfm"
"cCNAE.gReg.pFicha1.UniScrollBox1.UniTabSheet1";"CNAE Principal";"en-US";"";"FieldLabel";"C:\Projetos\Atlasweb\CadDestinatarios_Old.dfm"
"cDesoneracao.gReg.pFicha1.UniScrollBox1.UniTabSheet1";"Desoneracao";"en-US";"";"FieldLabel";"C:\Projetos\Atlasweb\CadDestinatarios_Old.dfm"
"cIndicadorIE.gReg.pFicha1.UniScrollBox1.UniTabSheet1";"Indicador de IE";"en-US";"";"FieldLabel";"C:\Projetos\Atlasweb\CadDestinatarios_Old.dfm"
"UniButton1.UniTabSheet1";"UniButton1";"en-US";"";"Caption";"C:\Projetos\Atlasweb\CadDestinatarios_Old.dfm"
"UniDBEdit1.UniGroupBox8.pFicha3.UniScrollBox3.UniTabSheet3";"Valor da Última Compra";"en-US";"";"FieldLabel";"C:\Projetos\Atlasweb\CadDestinatarios_Old.dfm"
"cEndereco_Entrega.UniGroupBox5.pFicha5.UniScrollBox5.UniTabSheet5";"Endereço de Entrega";"en-US";"";"Caption";"C:\Projetos\Atlasweb\CadDestinatarios_Old.dfm"
"UniDBCheckBox1.UniGroupBox9.pFicha5.UniScrollBox5.UniTabSheet5";"Endereço de Retirada";"en-US";"";"Caption";"C:\Projetos\Atlasweb\CadDestinatarios_Old.dfm"
"aLista.Pasta.fCadDetalhes";"Lista";"en-US";"";"Caption";"C:\Projetos\Atlasweb\CadDetalhes.dfm"
"UniTabSheet1.fCadDetalhes";"Dados Gerais";"en-US";"";"Caption";"C:\Projetos\Atlasweb\CadDetalhes.dfm"
"pFicha.UniScrollBox1.UniTabSheet1.fCadDetalhes";"DADOS GERAIS";"en-US";"";"Title";"C:\Projetos\Atlasweb\CadDetalhes.dfm"
"cDescricao.pFicha.UniScrollBox1.UniTabSheet1.fCadDetalhes";"Descrição";"en-US";"";"FieldLabel";"C:\Projetos\Atlasweb\CadDetalhes.dfm"
"cCodigo.pFicha.UniScrollBox1.UniTabSheet1.fCadDetalhes";"Código";"en-US";"";"FieldLabel";"C:\Projetos\Atlasweb\CadDetalhes.dfm"
"aLista.Pasta.fCadDRE";"Lista";"en-US";"";"Caption";"C:\Projetos\Atlasweb\CadDRE.dfm"
"UniTabSheet1.fCadDRE";"Dados Gerais";"en-US";"";"Caption";"C:\Projetos\Atlasweb\CadDRE.dfm"
"pFicha1.UniScrollBox1.UniTabSheet1.fCadDRE";"DADOS GERAIS";"en-US";"";"Title";"C:\Projetos\Atlasweb\CadDRE.dfm"
"cCodigo.pFicha1.UniScrollBox1.UniTabSheet1.fCadDRE";"Código";"en-US";"";"FieldLabel";"C:\Projetos\Atlasweb\CadDRE.dfm"
"cNome.pFicha1.UniScrollBox1.UniTabSheet1.fCadDRE";"Nome";"en-US";"";"FieldLabel";"C:\Projetos\Atlasweb\CadDRE.dfm"
"cGrupo.pFicha1.UniScrollBox1.UniTabSheet1.fCadDRE";"Grupo";"en-US";"";"FieldLabel";"C:\Projetos\Atlasweb\CadDRE.dfm"
"aLista.Pasta.fCadDREContabil";"Lista";"en-US";"";"Caption";"C:\Projetos\Atlasweb\CadDREContabil.dfm"
"UniTabSheet1.fCadDREContabil";"Dados Gerais";"en-US";"";"Caption";"C:\Projetos\Atlasweb\CadDREContabil.dfm"
"pFicha.UniScrollBox1.UniTabSheet1.fCadDREContabil";"DADOS GERAIS";"en-US";"";"Title";"C:\Projetos\Atlasweb\CadDREContabil.dfm"
"cCodigo.pFicha.UniScrollBox1.UniTabSheet1.fCadDREContabil";"Código";"en-US";"";"FieldLabel";"C:\Projetos\Atlasweb\CadDREContabil.dfm"
"RxDBLookupCombo1.pFicha.UniScrollBox1.UniTabSheet1.fCadDREContabil";"Conta";"en-US";"";"FieldLabel";"C:\Projetos\Atlasweb\CadDREContabil.dfm"
"cCalculo.pFicha.UniScrollBox1.UniTabSheet1.fCadDREContabil";"Cálculo";"en-US";"";"Caption";"C:\Projetos\Atlasweb\CadDREContabil.dfm"
"cNome.pFicha.UniScrollBox1.UniTabSheet1.fCadDREContabil";"Nome";"en-US";"";"FieldLabel";"C:\Projetos\Atlasweb\CadDREContabil.dfm"
"cIndicador_Valor";"Indicador da situação do valor informado";"en-US";"";"Caption";"C:\Projetos\Atlasweb\CadDREContabil.dfm"
"UniDBLookupComboBox1";"Conta";"en-US";"";"FieldLabel";"C:\Projetos\Atlasweb\CadDREContabil.dfm"
"aLista.Pasta.fCadDREGrupos";"Lista";"en-US";"";"Caption";"C:\Projetos\Atlasweb\CadDREGrupos.dfm"
"UniTabSheet1.fCadDREGrupos";"Dados Gerais";"en-US";"";"Caption";"C:\Projetos\Atlasweb\CadDREGrupos.dfm"
"pFicha1.UniScrollBox1.UniTabSheet1.fCadDREGrupos";"DADOS GERAIS";"en-US";"";"Title";"C:\Projetos\Atlasweb\CadDREGrupos.dfm"
"cCodigo.pFicha1.UniScrollBox1.UniTabSheet1.fCadDREGrupos";"Código";"en-US";"";"FieldLabel";"C:\Projetos\Atlasweb\CadDREGrupos.dfm"
"cNome.pFicha1.UniScrollBox1.UniTabSheet1.fCadDREGrupos";"Nome";"en-US";"";"FieldLabel";"C:\Projetos\Atlasweb\CadDREGrupos.dfm"
"aLista.Pasta.fCadEmpresas";"Lista";"en-US";"";"Caption";"C:\Projetos\Atlasweb\CadEmpresas.dfm"
"aFicha";"Endereço";"en-US";"";"Caption";"C:\Projetos\Atlasweb\CadEmpresas.dfm"
"pFicha.UniScrollBox1.aFicha";"DADOS GERAIS";"en-US";"";"Title";"C:\Projetos\Atlasweb\CadEmpresas.dfm"
"UniPanel4.pFicha.UniScrollBox1.aFicha";"Endereço";"en-US";"";"Title";"C:\Projetos\Atlasweb\CadEmpresas.dfm"
"UniDBEdit3.UniPanel4.pFicha.UniScrollBox1.aFicha";"Razão Social";"en-US";"";"FieldLabel";"C:\Projetos\Atlasweb\CadEmpresas.dfm"
"UniDBEdit6.UniPanel4.pFicha.UniScrollBox1.aFicha";"CEP";"en-US";"";"FieldLabel";"C:\Projetos\Atlasweb\CadEmpresas.dfm"
"UniDBEdit7.UniPanel4.pFicha.UniScrollBox1.aFicha";"Rua";"en-US";"";"FieldLabel";"C:\Projetos\Atlasweb\CadEmpresas.dfm"
"UniDBEdit8.UniPanel4.pFicha.UniScrollBox1.aFicha";"Nº";"en-US";"";"FieldLabel";"C:\Projetos\Atlasweb\CadEmpresas.dfm"
"UniDBEdit11.UniPanel4.pFicha.UniScrollBox1.aFicha";"Complemento";"en-US";"";"FieldLabel";"C:\Projetos\Atlasweb\CadEmpresas.dfm"
"cFilial.UniPanel4.pFicha.UniScrollBox1.aFicha";"Nº Filial";"en-US";"";"FieldLabel";"C:\Projetos\Atlasweb\CadEmpresas.dfm"
"UniDBEdit16.UniPanel4.pFicha.UniScrollBox1.aFicha";"Nome Fantasia";"en-US";"";"FieldLabel";"C:\Projetos\Atlasweb\CadEmpresas.dfm"
"UniDBLookupComboBox2.UniPanel4.pFicha.UniScrollBox1.aFicha";"Estado";"en-US";"";"FieldLabel";"C:\Projetos\Atlasweb\CadEmpresas.dfm"
"UniDBEdit1.UniPanel4.pFicha.UniScrollBox1.aFicha";"Bairro";"en-US";"";"FieldLabel";"C:\Projetos\Atlasweb\CadEmpresas.dfm"
"UniDBLookupComboBox1.UniPanel4.pFicha.UniScrollBox1.aFicha";"Município";"en-US";"";"FieldLabel";"C:\Projetos\Atlasweb\CadEmpresas.dfm"
"UniDBEdit2.UniPanel4.pFicha.UniScrollBox1.aFicha";"Telefone 1";"en-US";"";"FieldLabel";"C:\Projetos\Atlasweb\CadEmpresas.dfm"
"UniDBEdit4.UniPanel4.pFicha.UniScrollBox1.aFicha";"Telefone 2";"en-US";"";"FieldLabel";"C:\Projetos\Atlasweb\CadEmpresas.dfm"
"UniPanel5.pFicha.UniScrollBox1.aFicha";"Diretor / Responsavel";"en-US";"";"Title";"C:\Projetos\Atlasweb\CadEmpresas.dfm"
"UniDBEdit24.UniPanel5.pFicha.UniScrollBox1.aFicha";"CPF";"en-US";"";"FieldLabel";"C:\Projetos\Atlasweb\CadEmpresas.dfm"
"UniDBEdit25.UniPanel5.pFicha.UniScrollBox1.aFicha";"Diretor (Nome)";"en-US";"";"FieldLabel";"C:\Projetos\Atlasweb\CadEmpresas.dfm"
"UniDBEdit19.UniPanel5.pFicha.UniScrollBox1.aFicha";"Responsável (Nome)";"en-US";"";"FieldLabel";"C:\Projetos\Atlasweb\CadEmpresas.dfm"
"UniDBEdit20.UniPanel5.pFicha.UniScrollBox1.aFicha";"CPF";"en-US";"";"FieldLabel";"C:\Projetos\Atlasweb\CadEmpresas.dfm"
"UniDBEdit22.UniPanel5.pFicha.UniScrollBox1.aFicha";"Responsável (Função)";"en-US";"";"FieldLabel";"C:\Projetos\Atlasweb\CadEmpresas.dfm"
"UniPanel7.pFicha.UniScrollBox1.aFicha";"Registros / Características";"en-US";"";"Title";"C:\Projetos\Atlasweb\CadEmpresas.dfm"
"UniDBEdit12.UniPanel7.pFicha.UniScrollBox1.aFicha";"Incrição Municipal";"en-US";"";"FieldLabel";"C:\Projetos\Atlasweb\CadEmpresas.dfm"
"cIE.UniPanel7.pFicha.UniScrollBox1.aFicha";"Inscrição Estadual";"en-US";"";"FieldLabel";"C:\Projetos\Atlasweb\CadEmpresas.dfm"
"cCNPJ.UniPanel7.pFicha.UniScrollBox1.aFicha";"CNPJ";"en-US";"";"FieldLabel";"C:\Projetos\Atlasweb\CadEmpresas.dfm"
"UniDBEdit10.UniPanel7.pFicha.UniScrollBox1.aFicha";"Inscrição SUFRAMA";"en-US";"";"FieldLabel";"C:\Projetos\Atlasweb\CadEmpresas.dfm"
"UniDBEdit14.UniPanel7.pFicha.UniScrollBox1.aFicha";"Cod.Junta";"en-US";"";"FieldLabel";"C:\Projetos\Atlasweb\CadEmpresas.dfm"
"UniDBDateTimePicker1.UniPanel7.pFicha.UniScrollBox1.aFicha";"Data";"en-US";"";"FieldLabel";"C:\Projetos\Atlasweb\CadEmpresas.dfm"
"UniDBEdit9.UniPanel7.pFicha.UniScrollBox1.aFicha";"Cód.Ramo Atividade";"en-US";"";"FieldLabel";"C:\Projetos\Atlasweb\CadEmpresas.dfm"
"UniDBEdit13.UniPanel7.pFicha.UniScrollBox1.aFicha";"Desc.Ramo Atividade";"en-US";"";"FieldLabel";"C:\Projetos\Atlasweb\CadEmpresas.dfm"
"UniDBEdit15.UniPanel7.pFicha.UniScrollBox1.aFicha";"CNAE Principal";"en-US";"";"FieldLabel";"C:\Projetos\Atlasweb\CadEmpresas.dfm"
"UniDBEdit17.UniPanel7.pFicha.UniScrollBox1.aFicha";"NIRE";"en-US";"";"FieldLabel";"C:\Projetos\Atlasweb\CadEmpresas.dfm"
"UniDBDateTimePicker2.UniPanel7.pFicha.UniScrollBox1.aFicha";"Data";"en-US";"";"FieldLabel";"C:\Projetos\Atlasweb\CadEmpresas.dfm"
"cBeneficio_Fiscal.UniPanel7.pFicha.UniScrollBox1.aFicha";"Beneficio Fiscal";"en-US";"";"FieldLabel";"C:\Projetos\Atlasweb\CadEmpresas.dfm"
"UniDBEdit18.UniPanel7.pFicha.UniScrollBox1.aFicha";"(RNTRC";"en-US";"";"FieldLabel";"C:\Projetos\Atlasweb\CadEmpresas.dfm"
"UniDBCheckBox2.pFicha.UniScrollBox1.aFicha";"Transportadora";"en-US";"";"Caption";"C:\Projetos\Atlasweb\CadEmpresas.dfm"
"UniDBCheckBox1.pFicha.UniScrollBox1.aFicha";"Distribuidora";"en-US";"";"Caption";"C:\Projetos\Atlasweb\CadEmpresas.dfm"
"UniDBCheckBox3.pFicha.UniScrollBox1.aFicha";"Desativada";"en-US";"";"Caption";"C:\Projetos\Atlasweb\CadEmpresas.dfm"
"cRegime_Tributario.pFicha.UniScrollBox1.aFicha";"Regime Tributário";"en-US";"";"Caption";"C:\Projetos\Atlasweb\CadEmpresas.dfm"
"cRegime_Apuracao.pFicha.UniScrollBox1.aFicha";"Regime de Apuração";"en-US";"";"Caption";"C:\Projetos\Atlasweb\CadEmpresas.dfm"
"cApuracao_IPI.pFicha.UniScrollBox1.aFicha";"Apuração do IPI";"en-US";"";"Caption";"C:\Projetos\Atlasweb\CadEmpresas.dfm"
"UniPanel1.pFicha.UniScrollBox1.aFicha";"Logo";"en-US";"";"Title";"C:\Projetos\Atlasweb\CadEmpresas.dfm"
"aContador";"Representante Legal / Contabilista";"en-US";"";"Caption";"C:\Projetos\Atlasweb\CadEmpresas.dfm"
"pContab.UniScrollBox6.aContador";"DIRETOR/RESPOSÁVEL";"en-US";"";"Title";"C:\Projetos\Atlasweb\CadEmpresas.dfm"
"UniPanel8.pContab.UniScrollBox6.aContador";"Representante Legal";"en-US";"";"Title";"C:\Projetos\Atlasweb\CadEmpresas.dfm"
"UniDBEdit39.UniPanel8.pContab.UniScrollBox6.aContador";"Nome";"en-US";"";"FieldLabel";"C:\Projetos\Atlasweb\CadEmpresas.dfm"
"UniDBEdit40.UniPanel8.pContab.UniScrollBox6.aContador";"Sequencial (CRC)";"en-US";"";"FieldLabel";"C:\Projetos\Atlasweb\CadEmpresas.dfm"
"UniDBEdit41.UniPanel8.pContab.UniScrollBox6.aContador";"CRC";"en-US";"";"FieldLabel";"C:\Projetos\Atlasweb\CadEmpresas.dfm"
"UniDBEdit42.UniPanel8.pContab.UniScrollBox6.aContador";"CPF";"en-US";"";"FieldLabel";"C:\Projetos\Atlasweb\CadEmpresas.dfm"
"UniDBEdit43.UniPanel8.pContab.UniScrollBox6.aContador";"CEP";"en-US";"";"FieldLabel";"C:\Projetos\Atlasweb\CadEmpresas.dfm"
"UniDBDateTimePicker4.UniPanel8.pContab.UniScrollBox6.aContador";"CRC Validade";"en-US";"";"FieldLabel";"C:\Projetos\Atlasweb\CadEmpresas.dfm"
"UniDBEdit44.UniPanel8.pContab.UniScrollBox6.aContador";"UF (CRC)";"en-US";"";"FieldLabel";"C:\Projetos\Atlasweb\CadEmpresas.dfm"
"UniDBEdit45.UniPanel8.pContab.UniScrollBox6.aContador";"CNPJ";"en-US";"";"FieldLabel";"C:\Projetos\Atlasweb\CadEmpresas.dfm"
"UniDBEdit46.UniPanel8.pContab.UniScrollBox6.aContador";"Rua";"en-US";"";"FieldLabel";"C:\Projetos\Atlasweb\CadEmpresas.dfm"
"UniDBEdit47.UniPanel8.pContab.UniScrollBox6.aContador";"Nº";"en-US";"";"FieldLabel";"C:\Projetos\Atlasweb\CadEmpresas.dfm"
"UniDBLookupComboBox9.UniPanel8.pContab.UniScrollBox6.aContador";"Estado";"en-US";"";"FieldLabel";"C:\Projetos\Atlasweb\CadEmpresas.dfm"
"UniDBLookupComboBox10.UniPanel8.pContab.UniScrollBox6.aContador";"Município";"en-US";"";"FieldLabel";"C:\Projetos\Atlasweb\CadEmpresas.dfm"
"UniDBEdit48.UniPanel8.pContab.UniScrollBox6.aContador";"Bairro";"en-US";"";"FieldLabel";"C:\Projetos\Atlasweb\CadEmpresas.dfm"
"UniDBEdit49.UniPanel8.pContab.UniScrollBox6.aContador";"Telefone";"en-US";"";"FieldLabel";"C:\Projetos\Atlasweb\CadEmpresas.dfm"
"UniDBLookupComboBox11.UniPanel8.pContab.UniScrollBox6.aContador";"Qualificação";"en-US";"";"FieldLabel";"C:\Projetos\Atlasweb\CadEmpresas.dfm"
"UniDBEdit50.UniPanel8.pContab.UniScrollBox6.aContador";"E-Mail";"en-US";"";"FieldLabel";"C:\Projetos\Atlasweb\CadEmpresas.dfm"
"UniDBEdit51.UniPanel8.pContab.UniScrollBox6.aContador";"Complemento";"en-US";"";"FieldLabel";"C:\Projetos\Atlasweb\CadEmpresas.dfm"
"UniDBCheckBox5.UniPanel8.pContab.UniScrollBox6.aContador";"Signatario é Responsável pela assinatura da ECD.";"en-US";"";"Caption";"C:\Projetos\Atlasweb\CadEmpresas.dfm"
"UniPanel6.pContab.UniScrollBox6.aContador";"Representante Legal";"en-US";"";"Title";"C:\Projetos\Atlasweb\CadEmpresas.dfm"
"UniDBEdit5.UniPanel6.pContab.UniScrollBox6.aContador";"Nome";"en-US";"";"FieldLabel";"C:\Projetos\Atlasweb\CadEmpresas.dfm"
"UniDBEdit23.UniPanel6.pContab.UniScrollBox6.aContador";"Sequencial (CRC)";"en-US";"";"FieldLabel";"C:\Projetos\Atlasweb\CadEmpresas.dfm"
"UniDBEdit26.UniPanel6.pContab.UniScrollBox6.aContador";"CRC";"en-US";"";"FieldLabel";"C:\Projetos\Atlasweb\CadEmpresas.dfm"
"UniDBEdit27.UniPanel6.pContab.UniScrollBox6.aContador";"CPF";"en-US";"";"FieldLabel";"C:\Projetos\Atlasweb\CadEmpresas.dfm"
"UniDBEdit28.UniPanel6.pContab.UniScrollBox6.aContador";"CEP";"en-US";"";"FieldLabel";"C:\Projetos\Atlasweb\CadEmpresas.dfm"
"UniDBDateTimePicker3.UniPanel6.pContab.UniScrollBox6.aContador";"CRC Validade";"en-US";"";"FieldLabel";"C:\Projetos\Atlasweb\CadEmpresas.dfm"
"UniDBEdit29.UniPanel6.pContab.UniScrollBox6.aContador";"UF (CRC)";"en-US";"";"FieldLabel";"C:\Projetos\Atlasweb\CadEmpresas.dfm"
"UniDBEdit30.UniPanel6.pContab.UniScrollBox6.aContador";"CNPJ";"en-US";"";"FieldLabel";"C:\Projetos\Atlasweb\CadEmpresas.dfm"
"UniDBEdit31.UniPanel6.pContab.UniScrollBox6.aContador";"Rua";"en-US";"";"FieldLabel";"C:\Projetos\Atlasweb\CadEmpresas.dfm"
"UniDBEdit32.UniPanel6.pContab.UniScrollBox6.aContador";"Nº";"en-US";"";"FieldLabel";"C:\Projetos\Atlasweb\CadEmpresas.dfm"
"UniDBLookupComboBox3.UniPanel6.pContab.UniScrollBox6.aContador";"Estado";"en-US";"";"FieldLabel";"C:\Projetos\Atlasweb\CadEmpresas.dfm"
"UniDBLookupComboBox4.UniPanel6.pContab.UniScrollBox6.aContador";"Município";"en-US";"";"FieldLabel";"C:\Projetos\Atlasweb\CadEmpresas.dfm"
"UniDBEdit33.UniPanel6.pContab.UniScrollBox6.aContador";"Bairro";"en-US";"";"FieldLabel";"C:\Projetos\Atlasweb\CadEmpresas.dfm"
"UniDBEdit34.UniPanel6.pContab.UniScrollBox6.aContador";"Telefone";"en-US";"";"FieldLabel";"C:\Projetos\Atlasweb\CadEmpresas.dfm"
"UniDBLookupComboBox5.UniPanel6.pContab.UniScrollBox6.aContador";"Qualificação";"en-US";"";"FieldLabel";"C:\Projetos\Atlasweb\CadEmpresas.dfm"
"UniDBEdit35.UniPanel6.pContab.UniScrollBox6.aContador";"E-Mail";"en-US";"";"FieldLabel";"C:\Projetos\Atlasweb\CadEmpresas.dfm"
"UniDBEdit36.UniPanel6.pContab.UniScrollBox6.aContador";"Complemento";"en-US";"";"FieldLabel";"C:\Projetos\Atlasweb\CadEmpresas.dfm"
"UniDBCheckBox4.UniPanel6.pContab.UniScrollBox6.aContador";"Signatario é Responsável pela assinatura da ECD.";"en-US";"";"Caption";"C:\Projetos\Atlasweb\CadEmpresas.dfm"
"aParametros";"Parâmetros";"en-US";"";"Caption";"C:\Projetos\Atlasweb\CadEmpresas.dfm"
"pParam.UniScrollBox2.aParametros";"DIRETOR/RESPOSÁVEL";"en-US";"";"Title";"C:\Projetos\Atlasweb\CadEmpresas.dfm"
"UniDBEdit65.pParam.UniScrollBox2.aParametros";"Layout CC-e";"en-US";"";"FieldLabel";"C:\Projetos\Atlasweb\CadEmpresas.dfm"
"UniDBEdit66.pParam.UniScrollBox2.aParametros";"Layout CT-e";"en-US";"";"FieldLabel";"C:\Projetos\Atlasweb\CadEmpresas.dfm"
"UniDBEdit67.pParam.UniScrollBox2.aParametros";"Layout Manifesto";"en-US";"";"FieldLabel";"C:\Projetos\Atlasweb\CadEmpresas.dfm"
"UniDBEdit68.pParam.UniScrollBox2.aParametros";"Layout GNRE";"en-US";"";"FieldLabel";"C:\Projetos\Atlasweb\CadEmpresas.dfm"
"UniDBEdit53.pParam.UniScrollBox2.aParametros";"Layout NF-e";"en-US";"";"FieldLabel";"C:\Projetos\Atlasweb\CadEmpresas.dfm"
"UniDBLookupComboBox12.pParam.UniScrollBox2.aParametros";"NF-e Modelo (Entrada)";"en-US";"";"FieldLabel";"C:\Projetos\Atlasweb\CadEmpresas.dfm"
"UniDBEdit52.pParam.UniScrollBox2.aParametros";"Série";"en-US";"";"FieldLabel";"C:\Projetos\Atlasweb\CadEmpresas.dfm"
"UniDBEdit55.pParam.UniScrollBox2.aParametros";"Número";"en-US";"";"FieldLabel";"C:\Projetos\Atlasweb\CadEmpresas.dfm"
"UniDBLookupComboBox13.pParam.UniScrollBox2.aParametros";"NF-e Modelo (Saída)";"en-US";"";"FieldLabel";"C:\Projetos\Atlasweb\CadEmpresas.dfm"
"UniDBEdit56.pParam.UniScrollBox2.aParametros";"Série";"en-US";"";"FieldLabel";"C:\Projetos\Atlasweb\CadEmpresas.dfm"
"UniDBEdit57.pParam.UniScrollBox2.aParametros";"Número";"en-US";"";"FieldLabel";"C:\Projetos\Atlasweb\CadEmpresas.dfm"
"UniDBLookupComboBox14.pParam.UniScrollBox2.aParametros";"Ct-e Modelo";"en-US";"";"FieldLabel";"C:\Projetos\Atlasweb\CadEmpresas.dfm"
"UniDBEdit54.pParam.UniScrollBox2.aParametros";"Série";"en-US";"";"FieldLabel";"C:\Projetos\Atlasweb\CadEmpresas.dfm"
"UniDBEdit58.pParam.UniScrollBox2.aParametros";"Número";"en-US";"";"FieldLabel";"C:\Projetos\Atlasweb\CadEmpresas.dfm"
"UniDBLookupComboBox15.pParam.UniScrollBox2.aParametros";"NFS-e Modelo";"en-US";"";"FieldLabel";"C:\Projetos\Atlasweb\CadEmpresas.dfm"
"UniDBEdit59.pParam.UniScrollBox2.aParametros";"Série";"en-US";"";"FieldLabel";"C:\Projetos\Atlasweb\CadEmpresas.dfm"
"UniDBEdit60.pParam.UniScrollBox2.aParametros";"Número";"en-US";"";"FieldLabel";"C:\Projetos\Atlasweb\CadEmpresas.dfm"
"UniDBEdit61.pParam.UniScrollBox2.aParametros";"Nº Livro Diário";"en-US";"";"FieldLabel";"C:\Projetos\Atlasweb\CadEmpresas.dfm"
"UniDBEdit62.pParam.UniScrollBox2.aParametros";"Página do Diário";"en-US";"";"FieldLabel";"C:\Projetos\Atlasweb\CadEmpresas.dfm"
"UniDBDateTimePicker6.pParam.UniScrollBox2.aParametros";"Fechamento Financ";"en-US";"";"FieldLabel";"C:\Projetos\Atlasweb\CadEmpresas.dfm"
"UniDBEdit64.pParam.UniScrollBox2.aParametros";"Nº Processo (Import)";"en-US";"";"FieldLabel";"C:\Projetos\Atlasweb\CadEmpresas.dfm"
"UniDBEdit69.pParam.UniScrollBox2.aParametros";"Máscara Processo";"en-US";"";"FieldLabel";"C:\Projetos\Atlasweb\CadEmpresas.dfm"
"UniDBCheckBox8.pParam.UniScrollBox2.aParametros";"Gerar Número do Processo";"en-US";"";"Caption";"C:\Projetos\Atlasweb\CadEmpresas.dfm"
"UniDBEdit70.pParam.UniScrollBox2.aParametros";"Nº Processo (Export)";"en-US";"";"FieldLabel";"C:\Projetos\Atlasweb\CadEmpresas.dfm"
"UniDBEdit71.pParam.UniScrollBox2.aParametros";"Máscara Processo";"en-US";"";"FieldLabel";"C:\Projetos\Atlasweb\CadEmpresas.dfm"
"UniDBCheckBox9.pParam.UniScrollBox2.aParametros";"Gerar Número do Processo";"en-US";"";"Caption";"C:\Projetos\Atlasweb\CadEmpresas.dfm"
"UniDBEdit72.pParam.UniScrollBox2.aParametros";"Nº PO";"en-US";"";"FieldLabel";"C:\Projetos\Atlasweb\CadEmpresas.dfm"
"UniDBEdit73.pParam.UniScrollBox2.aParametros";"Máscara PO";"en-US";"";"FieldLabel";"C:\Projetos\Atlasweb\CadEmpresas.dfm"
"UniDBCheckBox10.pParam.UniScrollBox2.aParametros";"Gerar Número do PO";"en-US";"";"Caption";"C:\Projetos\Atlasweb\CadEmpresas.dfm"
"UniDBRadioGroup2.pParam.UniScrollBox2.aParametros";"Ambiente NF-e";"en-US";"";"Caption";"C:\Projetos\Atlasweb\CadEmpresas.dfm"
"UniDBRadioGroup3.pParam.UniScrollBox2.aParametros";"Ambiente CT-e";"en-US";"";"Caption";"C:\Projetos\Atlasweb\CadEmpresas.dfm"
"UniDBRadioGroup4.pParam.UniScrollBox2.aParametros";"Ambiente GNRE";"en-US";"";"Caption";"C:\Projetos\Atlasweb\CadEmpresas.dfm"
"UniDBRadioGroup5.pParam.UniScrollBox2.aParametros";"Ambiente REINF";"en-US";"";"Caption";"C:\Projetos\Atlasweb\CadEmpresas.dfm"
"UniPanel3.pParam.UniScrollBox2.aParametros";"Autorizações para NF-e";"en-US";"";"Title";"C:\Projetos\Atlasweb\CadEmpresas.dfm"
"UniPanel3.pParam.UniScrollBox2.aParametros";"UniPanel3";"en-US";"";"Caption";"C:\Projetos\Atlasweb\CadEmpresas.dfm"
"UniDBMemo8.UniPanel3.pParam.UniScrollBox2.aParametros";"CNPJ Autorizado";"en-US";"";"FieldLabel";"C:\Projetos\Atlasweb\CadEmpresas.dfm"
"UniDBMemo9.UniPanel3.pParam.UniScrollBox2.aParametros";"CPF Autorizado";"en-US";"";"FieldLabel";"C:\Projetos\Atlasweb\CadEmpresas.dfm"
"UniTabSheet2";"SPED's";"en-US";"";"Caption";"C:\Projetos\Atlasweb\CadEmpresas.dfm"
"UniPanel2.UniScrollBox8.UniTabSheet2";"SPED";"en-US";"";"Title";"C:\Projetos\Atlasweb\CadEmpresas.dfm"
"UniGroupBox2.UniPanel2.UniScrollBox8.UniTabSheet2";"SPED FISCAL";"en-US";"";"Caption";"C:\Projetos\Atlasweb\CadEmpresas.dfm"
"UniDBRadioGroup6.UniGroupBox2.UniPanel2.UniScrollBox8.UniTabSheet2";"Perfil";"en-US";"";"Caption";"C:\Projetos\Atlasweb\CadEmpresas.dfm"
"UniDBRadioGroup7.UniGroupBox2.UniPanel2.UniScrollBox8.UniTabSheet2";"Perfil";"en-US";"";"Caption";"C:\Projetos\Atlasweb\CadEmpresas.dfm"
"cClassificacao_ContribIPI.UniGroupBox2.UniPanel2.UniScrollBox8.UniTabSheet2";"Classificação Contrib. IPI";"en-US";"";"FieldLabel";"C:\Projetos\Atlasweb\CadEmpresas.dfm"
"UniGroupBox3.UniPanel2.UniScrollBox8.UniTabSheet2";"SPED PIS / COFINS";"en-US";"";"Caption";"C:\Projetos\Atlasweb\CadEmpresas.dfm"
"UniGroupBox4.UniPanel2.UniScrollBox8.UniTabSheet2";"SPED CONTABIL";"en-US";"";"Caption";"C:\Projetos\Atlasweb\CadEmpresas.dfm"
"UniDBRadioGroup8.UniGroupBox4.UniPanel2.UniScrollBox8.UniTabSheet2";"Perfil";"en-US";"";"Caption";"C:\Projetos\Atlasweb\CadEmpresas.dfm"
"UniDBEdit21.UniGroupBox4.UniPanel2.UniScrollBox8.UniTabSheet2";"Quantidade de SCP";"en-US";"";"FieldLabel";"C:\Projetos\Atlasweb\CadEmpresas.dfm"
"UniDBEdit80.UniGroupBox4.UniPanel2.UniScrollBox8.UniTabSheet2";"Código Natureza Jurídica";"en-US";"";"FieldLabel";"C:\Projetos\Atlasweb\CadEmpresas.dfm"
"UniDBCheckBox14.UniGroupBox4.UniPanel2.UniScrollBox8.UniTabSheet2";"Optante pelo REFIS";"en-US";"";"Caption";"C:\Projetos\Atlasweb\CadEmpresas.dfm"
"UniDBCheckBox15.UniGroupBox4.UniPanel2.UniScrollBox8.UniTabSheet2";"Optante pelo PAES";"en-US";"";"Caption";"C:\Projetos\Atlasweb\CadEmpresas.dfm"
"UniDBCheckBox16.UniGroupBox4.UniPanel2.UniScrollBox8.UniTabSheet2";"Optante pela extinção do RTT no ano-calendário de 2014.";"en-US";"";"Caption";"C:\Projetos\Atlasweb\CadEmpresas.dfm"
"UniDBRadioGroup10.UniGroupBox4.UniPanel2.UniScrollBox8.UniTabSheet2";"Instituição Resp.Manut.Plano de Contas Referencial";"en-US";"";"Caption";"C:\Projetos\Atlasweb\CadEmpresas.dfm"
"UniDBRadioGroup11.UniGroupBox4.UniPanel2.UniScrollBox8.UniTabSheet2";"Forma de Tributação";"en-US";"";"Caption";"C:\Projetos\Atlasweb\CadEmpresas.dfm"
"UniGroupBox5.UniPanel2.UniScrollBox8.UniTabSheet2";"REINF";"en-US";"";"Caption";"C:\Projetos\Atlasweb\CadEmpresas.dfm"
"UniDBRadioGroup12.UniGroupBox5.UniPanel2.UniScrollBox8.UniTabSheet2";"Escrituração Contábil Digital (ECD)";"en-US";"";"Caption";"C:\Projetos\Atlasweb\CadEmpresas.dfm"
"UniDBRadioGroup13.UniGroupBox5.UniPanel2.UniScrollBox8.UniTabSheet2";"Indicativo de desoneração da folha";"en-US";"";"Caption";"C:\Projetos\Atlasweb\CadEmpresas.dfm"
"UniDBLookupComboBox17.UniGroupBox5.UniPanel2.UniScrollBox8.UniTabSheet2";"Classificação Tributária";"en-US";"";"FieldLabel";"C:\Projetos\Atlasweb\CadEmpresas.dfm"
"UniDBRadioGroup14.UniGroupBox5.UniPanel2.UniScrollBox8.UniTabSheet2";"Indicativo existência acordo internacional p/isenção de multa";"en-US";"";"Caption";"C:\Projetos\Atlasweb\CadEmpresas.dfm"
"UniGroupBox1.UniGroupBox5.UniPanel2.UniScrollBox8.UniTabSheet2";"Registro R100";"en-US";"";"Caption";"C:\Projetos\Atlasweb\CadEmpresas.dfm"
"UniDBEdit81.UniGroupBox1.UniGroupBox5.UniPanel2.UniScrollBox8.UniTabSheet2";"Sequência";"en-US";"";"FieldLabel";"C:\Projetos\Atlasweb\CadEmpresas.dfm"
"UniDBEdit82.UniGroupBox1.UniGroupBox5.UniPanel2.UniScrollBox8.UniTabSheet2";"Inicio da Validade";"en-US";"";"FieldLabel";"C:\Projetos\Atlasweb\CadEmpresas.dfm"
"UniDBEdit83.UniGroupBox1.UniGroupBox5.UniPanel2.UniScrollBox8.UniTabSheet2";"Modo de Lançamento";"en-US";"";"FieldLabel";"C:\Projetos\Atlasweb\CadEmpresas.dfm"
"UniDBRadioGroup15.UniGroupBox1.UniGroupBox5.UniPanel2.UniScrollBox8.UniTabSheet2";"Aplicativo";"en-US";"";"Caption";"C:\Projetos\Atlasweb\CadEmpresas.dfm"
"UniDBRadioGroup16.UniGroupBox1.UniGroupBox5.UniPanel2.UniScrollBox8.UniTabSheet2";"Tipo de Inscrição";"en-US";"";"Caption";"C:\Projetos\Atlasweb\CadEmpresas.dfm"
"UniDBEdit84.UniGroupBox1.UniGroupBox5.UniPanel2.UniScrollBox8.UniTabSheet2";"Fim da Validade";"en-US";"";"FieldLabel";"C:\Projetos\Atlasweb\CadEmpresas.dfm"
"UniDBRadioGroup17.UniGroupBox1.UniGroupBox5.UniPanel2.UniScrollBox8.UniTabSheet2";"Situação PJ";"en-US";"";"Caption";"C:\Projetos\Atlasweb\CadEmpresas.dfm"
"UniDBRadioGroup18.UniGroupBox1.UniGroupBox5.UniPanel2.UniScrollBox8.UniTabSheet2";"Orgão Resposável";"en-US";"";"Caption";"C:\Projetos\Atlasweb\CadEmpresas.dfm"
"UniDBEdit85.UniGroupBox1.UniGroupBox5.UniPanel2.UniScrollBox8.UniTabSheet2";"Versão do Manual";"en-US";"";"FieldLabel";"C:\Projetos\Atlasweb\CadEmpresas.dfm"
"UniTabSheet1";"Rede / Internet";"en-US";"";"Caption";"C:\Projetos\Atlasweb\CadEmpresas.dfm"
"pRede.UniScrollBox3.UniTabSheet1";"DIRETOR/RESPOSÁVEL";"en-US";"";"Title";"C:\Projetos\Atlasweb\CadEmpresas.dfm"
"UniDBEdit78.pRede.UniScrollBox3.UniTabSheet1";"E-Mail";"en-US";"";"FieldLabel";"C:\Projetos\Atlasweb\CadEmpresas.dfm"
"UniDBCheckBox11.pRede.UniScrollBox3.UniTabSheet1";"Servidor requer autenticação";"en-US";"";"Caption";"C:\Projetos\Atlasweb\CadEmpresas.dfm"
"UniDBCheckBox12.pRede.UniScrollBox3.UniTabSheet1";"Utilizar conexão segura (SSL/TLS)";"en-US";"";"Caption";"C:\Projetos\Atlasweb\CadEmpresas.dfm"
"UniDBMemo1.pRede.UniScrollBox3.UniTabSheet1";"E-Mail (Cópia)";"en-US";"";"FieldLabel";"C:\Projetos\Atlasweb\CadEmpresas.dfm"
"UniDBEdit74.pRede.UniScrollBox3.UniTabSheet1";"E-Mail";"en-US";"";"FieldLabel";"C:\Projetos\Atlasweb\CadEmpresas.dfm"
"UniDBEdit75.pRede.UniScrollBox3.UniTabSheet1";"Porta";"en-US";"";"FieldLabel";"C:\Projetos\Atlasweb\CadEmpresas.dfm"
"UniDBEdit76.pRede.UniScrollBox3.UniTabSheet1";"Usuário (ID)";"en-US";"";"FieldLabel";"C:\Projetos\Atlasweb\CadEmpresas.dfm"
"UniDBEdit77.pRede.UniScrollBox3.UniTabSheet1";"Senha";"en-US";"";"FieldLabel";"C:\Projetos\Atlasweb\CadEmpresas.dfm"
"UniDBMemo2.pRede.UniScrollBox3.UniTabSheet1";"Msg envio NF-e";"en-US";"";"FieldLabel";"C:\Projetos\Atlasweb\CadEmpresas.dfm"
"UniDBMemo3.pRede.UniScrollBox3.UniTabSheet1";"Msg envio cancel. NF-e";"en-US";"";"FieldLabel";"C:\Projetos\Atlasweb\CadEmpresas.dfm"
"UniDBMemo4.pRede.UniScrollBox3.UniTabSheet1";"Msg envio CC-e";"en-US";"";"FieldLabel";"C:\Projetos\Atlasweb\CadEmpresas.dfm"
"UniDBMemo5.pRede.UniScrollBox3.UniTabSheet1";"Msg envio orçamentos";"en-US";"";"FieldLabel";"C:\Projetos\Atlasweb\CadEmpresas.dfm"
"UniDBMemo6.pRede.UniScrollBox3.UniTabSheet1";"Msg envio Boletos";"en-US";"";"FieldLabel";"C:\Projetos\Atlasweb\CadEmpresas.dfm"
"UniDBEdit79.pRede.UniScrollBox3.UniTabSheet1";"Site";"en-US";"";"FieldLabel";"C:\Projetos\Atlasweb\CadEmpresas.dfm"
"UniDBComboBox1.pRede.UniScrollBox3.UniTabSheet1";"SSL Metodo";"en-US";"";"FieldLabel";"C:\Projetos\Atlasweb\CadEmpresas.dfm"
"UniDBComboBox2.pRede.UniScrollBox3.UniTabSheet1";"Web Service (NF-e)";"en-US";"";"FieldLabel";"C:\Projetos\Atlasweb\CadEmpresas.dfm"
"UniDBComboBox3.pRede.UniScrollBox3.UniTabSheet1";"Web Service (Manifesto)";"en-US";"";"FieldLabel";"C:\Projetos\Atlasweb\CadEmpresas.dfm"
"UniDBMemo7.pRede.UniScrollBox3.UniTabSheet1";"Certificado Digital";"en-US";"";"FieldLabel";"C:\Projetos\Atlasweb\CadEmpresas.dfm"
"UniDBDateTimePicker7.pRede.UniScrollBox3.UniTabSheet1";"Vencimento Certificado";"en-US";"";"FieldLabel";"C:\Projetos\Atlasweb\CadEmpresas.dfm"
"UniButton2.pRede.UniScrollBox3.UniTabSheet1";"Certificado";"en-US";"";"Caption";"C:\Projetos\Atlasweb\CadEmpresas.dfm"
"UniButton3.pRede.UniScrollBox3.UniTabSheet1";"Testar E-Mail";"en-US";"";"Caption";"C:\Projetos\Atlasweb\CadEmpresas.dfm"
"aLista.Pasta.fCadEstados";"Lista";"en-US";"";"Caption";"C:\Projetos\Atlasweb\CadEstados.dfm"
"aFicha2";"Dados Gerais";"en-US";"";"Caption";"C:\Projetos\Atlasweb\CadEstados.dfm"
"pFicha.UniScrollBox2.aFicha2";"DADOS GERAIS";"en-US";"";"Title";"C:\Projetos\Atlasweb\CadEstados.dfm"
"cNumero.pFicha.UniScrollBox2.aFicha2";"Código";"en-US";"";"FieldLabel";"C:\Projetos\Atlasweb\CadEstados.dfm"
"cNome.pFicha.UniScrollBox2.aFicha2";"Nome";"en-US";"";"FieldLabel";"C:\Projetos\Atlasweb\CadEstados.dfm"
"cUF.pFicha.UniScrollBox2.aFicha2";"UF";"en-US";"";"FieldLabel";"C:\Projetos\Atlasweb\CadEstados.dfm"
"cDed_Do.pFicha.UniScrollBox2.aFicha2";"de/do";"en-US";"";"FieldLabel";"C:\Projetos\Atlasweb\CadEstados.dfm"
"cRegiao.pFicha.UniScrollBox2.aFicha2";"Região";"en-US";"";"Caption";"C:\Projetos\Atlasweb\CadEstados.dfm"
"cMascara_IE.pFicha.UniScrollBox2.aFicha2";"Mascara IE";"en-US";"";"FieldLabel";"C:\Projetos\Atlasweb\CadEstados.dfm"
"GroupBox1.pFicha.UniScrollBox2.aFicha2";"ICMS Interno (Produtos Importados)";"en-US";"";"Caption";"C:\Projetos\Atlasweb\CadEstados.dfm"
"cImp_Contribuinte.GroupBox1.pFicha.UniScrollBox2.aFicha2";"Contribuinte (Diferenciada)";"en-US";"";"FieldLabel";"C:\Projetos\Atlasweb\CadEstados.dfm"
"cImp_NContribuinte.GroupBox1.pFicha.UniScrollBox2.aFicha2";"Não Contribuinte (Diferenciada)";"en-US";"";"FieldLabel";"C:\Projetos\Atlasweb\CadEstados.dfm"
"cImp_ContribuinteCheia.GroupBox1.pFicha.UniScrollBox2.aFicha2";"Contribuinte (Integral)";"en-US";"";"FieldLabel";"C:\Projetos\Atlasweb\CadEstados.dfm"
"cImp_NContribuinteCheia.GroupBox1.pFicha.UniScrollBox2.aFicha2";"Não Contribuinte (Integral)";"en-US";"";"FieldLabel";"C:\Projetos\Atlasweb\CadEstados.dfm"
"GroupBox2.pFicha.UniScrollBox2.aFicha2";"ICMS Interno (Produtos Nacionais)";"en-US";"";"Caption";"C:\Projetos\Atlasweb\CadEstados.dfm"
"cNac_ContribuinteCheia.GroupBox2.pFicha.UniScrollBox2.aFicha2";"Contribuinte (Integral)";"en-US";"";"FieldLabel";"C:\Projetos\Atlasweb\CadEstados.dfm"
"cNac_NContribuinteCheia.GroupBox2.pFicha.UniScrollBox2.aFicha2";"Não Contribuinte (Integral)";"en-US";"";"FieldLabel";"C:\Projetos\Atlasweb\CadEstados.dfm"
"cNac_Contribuinte.GroupBox2.pFicha.UniScrollBox2.aFicha2";"Contribuinte (Diferenciada)";"en-US";"";"FieldLabel";"C:\Projetos\Atlasweb\CadEstados.dfm"
"cNac_NContribuinte.GroupBox2.pFicha.UniScrollBox2.aFicha2";"Não Contribuinte (Diferenciada)";"en-US";"";"FieldLabel";"C:\Projetos\Atlasweb\CadEstados.dfm"
"UniTabSheet1";"GNRE";"en-US";"";"Caption";"C:\Projetos\Atlasweb\CadEstados.dfm"
"pFicha2.UniScrollBox1.UniTabSheet1";"DADOS GERAIS";"en-US";"";"Title";"C:\Projetos\Atlasweb\CadEstados.dfm"
"UniDBCheckBox1.pFicha2.UniScrollBox1.UniTabSheet1";"Estado Gera GNRE Eletrônico";"en-US";"";"Caption";"C:\Projetos\Atlasweb\CadEstados.dfm"
"cGNRE_ST.pFicha2.UniScrollBox1.UniTabSheet1";"Cód.Receita ICMS ST";"en-US";"";"FieldLabel";"C:\Projetos\Atlasweb\CadEstados.dfm"
"cCodigo_GNRE.pFicha2.UniScrollBox1.UniTabSheet1";"Código GNRE";"en-US";"";"FieldLabel";"C:\Projetos\Atlasweb\CadEstados.dfm"
"cConvenio.pFicha2.UniScrollBox1.UniTabSheet1";"Nº do Convênio";"en-US";"";"FieldLabel";"C:\Projetos\Atlasweb\CadEstados.dfm"
"cGNRE_AdicCod.pFicha2.UniScrollBox1.UniTabSheet1";"Campo Adicional Código";"en-US";"";"FieldLabel";"C:\Projetos\Atlasweb\CadEstados.dfm"
"cGNRE_AdicTipo.pFicha2.UniScrollBox1.UniTabSheet1";"Campo Adicional Tipo";"en-US";"";"FieldLabel";"C:\Projetos\Atlasweb\CadEstados.dfm"
"cGNRE_Imp.pFicha2.UniScrollBox1.UniTabSheet1";"Cód.Receita ICMS Importação";"en-US";"";"FieldLabel";"C:\Projetos\Atlasweb\CadEstados.dfm"
"cGNRE_DIFAL.pFicha2.UniScrollBox1.UniTabSheet1";"Cód.Receita ICMS DIFAL";"en-US";"";"FieldLabel";"C:\Projetos\Atlasweb\CadEstados.dfm"
"cICMS_Interno.pFicha2.UniScrollBox1.UniTabSheet1";"Alíquota ICMS Interna";"en-US";"";"FieldLabel";"C:\Projetos\Atlasweb\CadEstados.dfm"
"GroupBox20.pFicha2.UniScrollBox1.UniTabSheet1";"Lançamento Financeiro (Pagamento GNRE)";"en-US";"";"Caption";"C:\Projetos\Atlasweb\CadEstados.dfm"
"cGNRE_Orgao.GroupBox20.pFicha2.UniScrollBox1.UniTabSheet1";"Orgão Arrecadador";"en-US";"";"FieldLabel";"C:\Projetos\Atlasweb\CadEstados.dfm"
"clGNRE_TipoDocumento.GroupBox20.pFicha2.UniScrollBox1.UniTabSheet1";"Documento";"en-US";"";"FieldLabel";"C:\Projetos\Atlasweb\CadEstados.dfm"
"cGNRE_CentroCusto.GroupBox20.pFicha2.UniScrollBox1.UniTabSheet1";"Centro de Custo";"en-US";"";"FieldLabel";"C:\Projetos\Atlasweb\CadEstados.dfm"
"cGNRE_Classificacao.GroupBox20.pFicha2.UniScrollBox1.UniTabSheet1";"Classificação Financeira";"en-US";"";"FieldLabel";"C:\Projetos\Atlasweb\CadEstados.dfm"
"aLista.Pasta.fCadHistoricoPadrao";"Lista";"en-US";"";"Caption";"C:\Projetos\Atlasweb\CadHistoricoPadrao.dfm"
"cComplemento.pFicha.UniScrollBox1.UniTabSheet1";"Pedir complemento";"en-US";"";"FieldLabel";"C:\Projetos\Atlasweb\CadHistoricoPadrao.dfm"
"bMacro.pFicha.UniScrollBox1.UniTabSheet1";"...";"en-US";"";"Caption";"C:\Projetos\Atlasweb\CadHistoricoPadrao.dfm"
"cMacro.pFicha.UniScrollBox1.UniTabSheet1";"Complemento";"en-US";"";"FieldLabel";"C:\Projetos\Atlasweb\CadHistoricoPadrao.dfm"
"FORNECEDORES1.mnMacro";"<{BENEFICIARIO}>";"en-US";"<{BENEFICIARIO}>";"Caption";"C:\Projetos\Atlasweb\CadHistoricoPadrao.dfm"
"PROCESSO1.mnMacro";"<{PROCESSO}>";"en-US";"<{PROCESSO}>";"Caption";"C:\Projetos\Atlasweb\CadHistoricoPadrao.dfm"
"DI1.mnMacro";"<{DI}>";"en-US";"<{DI}>";"Caption";"C:\Projetos\Atlasweb\CadHistoricoPadrao.dfm"
"DESCRIOCLASSIFICAOFINANCEIRA1.mnMacro";"<{CLASSIFICAÇÃO}>";"en-US";"<{CLASSIFICAÇÃO}>";"Caption";"C:\Projetos\Atlasweb\CadHistoricoPadrao.dfm"
"IPODEDOCUMENTO1.mnMacro";"<{TIPO DE DOCUMENTO}>";"en-US";"<{TIPO DE DOCUMENTO}>";"Caption";"C:\Projetos\Atlasweb\CadHistoricoPadrao.dfm"
"NDOCUMENTP1.mnMacro";"<{Nº DOCUMENTO}>";"en-US";"<{Nº DOCUMENTO}>";"Caption";"C:\Projetos\Atlasweb\CadHistoricoPadrao.dfm"
"DATADOCUMENTO1.mnMacro";"<{DATA DOCUMENTO}>";"en-US";"<{DATA DOCUMENTO}>";"Caption";"C:\Projetos\Atlasweb\CadHistoricoPadrao.dfm"
"BANCO1.mnMacro";"<{BANCO}>";"en-US";"<{BANCO}>";"Caption";"C:\Projetos\Atlasweb\CadHistoricoPadrao.dfm"
"OBSERVAO1.mnMacro";"<{OBSERVAÇÃO}>";"en-US";"<{OBSERVAÇÃO}>";"Caption";"C:\Projetos\Atlasweb\CadHistoricoPadrao.dfm"
"aLista.Pasta.fCadIncoterms";"Lista";"en-US";"";"Caption";"C:\Projetos\Atlasweb\CadIncoterms.dfm"
"cCodigo.pFicha.UniScrollBox1.UniTabSheet1";"Código";"en-US";"";"FieldLabel";"C:\Projetos\Atlasweb\CadIncoterms.dfm"
"cFrete.pFicha.UniScrollBox1.UniTabSheet1";"Rateia Frete";"en-US";"";"Caption";"C:\Projetos\Atlasweb\CadIncoterms.dfm"
"cSeguro.pFicha.UniScrollBox1.UniTabSheet1";"Rateia Seguro";"en-US";"";"Caption";"C:\Projetos\Atlasweb\CadIncoterms.dfm"
"aLista.Pasta.fCadLancamentoPadrao";"Lista";"en-US";"";"Caption";"C:\Projetos\Atlasweb\CadLancamentoPadrao.dfm"
"cVencimento.pFicha.UniScrollBox1.UniTabSheet1";"Vencimento (Dia)";"en-US";"";"FieldLabel";"C:\Projetos\Atlasweb\CadLancamentoPadrao.dfm"
"clBanco.pFicha.UniScrollBox1.UniTabSheet1";"Banco";"en-US";"";"FieldLabel";"C:\Projetos\Atlasweb\CadLancamentoPadrao.dfm"
"cObservacao.pFicha.UniScrollBox1.UniTabSheet1";"Observação";"en-US";"";"FieldLabel";"C:\Projetos\Atlasweb\CadLancamentoPadrao.dfm"
"clClassificacao.pFicha.UniScrollBox1.UniTabSheet1";"Classificação";"en-US";"";"FieldLabel";"C:\Projetos\Atlasweb\CadLancamentoPadrao.dfm"
"clFornecedor.pFicha.UniScrollBox1.UniTabSheet1";"Beneficiário";"en-US";"";"FieldLabel";"C:\Projetos\Atlasweb\CadLancamentoPadrao.dfm"
"clDocumento.pFicha.UniScrollBox1.UniTabSheet1";"Documento";"en-US";"";"FieldLabel";"C:\Projetos\Atlasweb\CadLancamentoPadrao.dfm"
"clModalidade.pFicha.UniScrollBox1.UniTabSheet1";"Forma Pagamento";"en-US";"";"FieldLabel";"C:\Projetos\Atlasweb\CadLancamentoPadrao.dfm"
"clCentro_Custo.pFicha.UniScrollBox1.UniTabSheet1";"Centro de Custo";"en-US";"";"FieldLabel";"C:\Projetos\Atlasweb\CadLancamentoPadrao.dfm"
"aLista.Pasta.fCadLinhas";"Lista";"en-US";"";"Caption";"C:\Projetos\Atlasweb\CadLinhas.dfm"
"bRelacionar.Panel1.aLista.Pasta.fCadLinhas";"Relacionar à Produtos";"en-US";"";"Caption";"C:\Projetos\Atlasweb\CadLinhas.dfm"
"cCodigo.Panel2.aLista.Pasta.fCadLinhas";"Código";"en-US";"";"FieldLabel";"C:\Projetos\Atlasweb\CadLinhas.dfm"
"cDescricao.Panel2.aLista.Pasta.fCadLinhas";"Descrição";"en-US";"";"FieldLabel";"C:\Projetos\Atlasweb\CadLinhas.dfm"
"UniTabSheet1.fCadLinhas";"Dados Gerais";"en-US";"";"Caption";"C:\Projetos\Atlasweb\CadLinhas.dfm"
"pFicha.UniScrollBox1.UniTabSheet1.fCadLinhas";"DADOS GERAIS";"en-US";"";"Title";"C:\Projetos\Atlasweb\CadLinhas.dfm"
"aLista.Pasta.fCadLocaisDesembaraco";"Lista";"en-US";"";"Caption";"C:\Projetos\Atlasweb\CadLocaisDesembaraco.dfm"
"cDescricao.pFicha.UniScrollBox1.UniTabSheet1";"Nome";"en-US";"";"FieldLabel";"C:\Projetos\Atlasweb\CadLocaisDesembaraco.dfm"
"cPrazo_Registro.pFicha.UniScrollBox1.UniTabSheet1";"Prazo Registro";"en-US";"";"FieldLabel";"C:\Projetos\Atlasweb\CadLocaisDesembaraco.dfm"
"cPrazo_Faturamento.pFicha.UniScrollBox1.UniTabSheet1";"Prazo Faturamento";"en-US";"";"FieldLabel";"C:\Projetos\Atlasweb\CadLocaisDesembaraco.dfm"
"pFicha.fCadLPCO";"DADOS GERAIS";"en-US";"";"Title";"C:\Projetos\Atlasweb\CadLPCO.dfm"
"cOrgao.pFicha.fCadLPCO";"Orgão Anuente";"en-US";"";"FieldLabel";"C:\Projetos\Atlasweb\CadLPCO.dfm"
"cNumero.pFicha.fCadLPCO";"Tipo de Documento";"en-US";"";"FieldLabel";"C:\Projetos\Atlasweb\CadLPCO.dfm"
"cDataIni.pFicha.fCadLPCO";"Data Inicio";"en-US";"";"FieldLabel";"C:\Projetos\Atlasweb\CadLPCO.dfm"
"cDataFim.pFicha.fCadLPCO";"Data Fim";"en-US";"";"FieldLabel";"C:\Projetos\Atlasweb\CadLPCO.dfm"
"DBEdit1.pFicha.fCadLPCO";"Número";"en-US";"";"FieldLabel";"C:\Projetos\Atlasweb\CadLPCO.dfm"
"aLista.Pasta.fCadModalidadesImportacao";"Lista";"en-US";"";"Caption";"C:\Projetos\Atlasweb\CadModalidadesImportacao.dfm"
"aDados";"Modalidade de Importação / Exportação";"en-US";"";"Caption";"C:\Projetos\Atlasweb\CadModalidadesImportacao.dfm"
"pFicha.UniScrollBox1.aDados";"DADOS GERAIS";"en-US";"";"Title";"C:\Projetos\Atlasweb\CadModalidadesImportacao.dfm"
"cCodigo.pFicha.UniScrollBox1.aDados";"Código";"en-US";"";"FieldLabel";"C:\Projetos\Atlasweb\CadModalidadesImportacao.dfm"
"cDescricao.pFicha.UniScrollBox1.aDados";"Descrição";"en-US";"";"FieldLabel";"C:\Projetos\Atlasweb\CadModalidadesImportacao.dfm"
"cApuracao_PISCOFINS.pFicha.UniScrollBox1.aDados";"Apura PIS/COFINS";"en-US";"";"Caption";"C:\Projetos\Atlasweb\CadModalidadesImportacao.dfm"
"cExige_Cliente.pFicha.UniScrollBox1.aDados";"Cliente obrigatório";"en-US";"";"Caption";"C:\Projetos\Atlasweb\CadModalidadesImportacao.dfm"
"UniGroupBox1.pFicha.UniScrollBox1.aDados";"Parâmetrização Financeira para Importação de DI";"en-US";"";"Caption";"C:\Projetos\Atlasweb\CadModalidadesImportacao.dfm"
"UniDBLookupComboBox1.UniGroupBox1.pFicha.UniScrollBox1.aDados";"Documento";"en-US";"";"FieldLabel";"C:\Projetos\Atlasweb\CadModalidadesImportacao.dfm"
"UniDBLookupComboBox2.UniGroupBox1.pFicha.UniScrollBox1.aDados";"Centro de Custo";"en-US";"";"FieldLabel";"C:\Projetos\Atlasweb\CadModalidadesImportacao.dfm"
"UniDBLookupComboBox3.UniGroupBox1.pFicha.UniScrollBox1.aDados";"Orgão";"en-US";"";"FieldLabel";"C:\Projetos\Atlasweb\CadModalidadesImportacao.dfm"
"UniDBLookupComboBox4.UniGroupBox1.pFicha.UniScrollBox1.aDados";"Classificação (II)";"en-US";"";"FieldLabel";"C:\Projetos\Atlasweb\CadModalidadesImportacao.dfm"
"UniDBLookupComboBox5.UniGroupBox1.pFicha.UniScrollBox1.aDados";"Classificação (IPI)";"en-US";"";"FieldLabel";"C:\Projetos\Atlasweb\CadModalidadesImportacao.dfm"
"UniDBLookupComboBox6.UniGroupBox1.pFicha.UniScrollBox1.aDados";"Classificação (PIS)";"en-US";"";"FieldLabel";"C:\Projetos\Atlasweb\CadModalidadesImportacao.dfm"
"UniDBLookupComboBox7.UniGroupBox1.pFicha.UniScrollBox1.aDados";"Classificação (COFINS)";"en-US";"";"FieldLabel";"C:\Projetos\Atlasweb\CadModalidadesImportacao.dfm"
"UniDBLookupComboBox8.UniGroupBox1.pFicha.UniScrollBox1.aDados";"Classificação (Tx SISCOMEX)";"en-US";"";"FieldLabel";"C:\Projetos\Atlasweb\CadModalidadesImportacao.dfm"
"UniDBLookupComboBox9.UniGroupBox1.pFicha.UniScrollBox1.aDados";"Classificação (ANTIDUMPING)";"en-US";"";"FieldLabel";"C:\Projetos\Atlasweb\CadModalidadesImportacao.dfm"
"UniDBLookupComboBox10.UniGroupBox1.pFicha.UniScrollBox1.aDados";"Classificação (Difer.PIS";"en-US";"";"FieldLabel";"C:\Projetos\Atlasweb\CadModalidadesImportacao.dfm"
"UniDBLookupComboBox11.UniGroupBox1.pFicha.UniScrollBox1.aDados";"Classificação (Difer.COFINS)";"en-US";"";"FieldLabel";"C:\Projetos\Atlasweb\CadModalidadesImportacao.dfm"
"UniDBLookupComboBox12.UniGroupBox1.pFicha.UniScrollBox1.aDados";"Classificação (AFRMM)";"en-US";"";"FieldLabel";"C:\Projetos\Atlasweb\CadModalidadesImportacao.dfm"
"UniGroupBox2.pFicha.UniScrollBox1.aDados";"Parâmetrização Contabil";"en-US";"";"Caption";"C:\Projetos\Atlasweb\CadModalidadesImportacao.dfm"
"UniDBLookupComboBox16.UniGroupBox2.pFicha.UniScrollBox1.aDados";"Clientes (Devolução)";"en-US";"";"FieldLabel";"C:\Projetos\Atlasweb\CadModalidadesImportacao.dfm"
"UniDBLookupComboBox17.UniGroupBox2.pFicha.UniScrollBox1.aDados";"Fornecedores (Passivo)";"en-US";"";"FieldLabel";"C:\Projetos\Atlasweb\CadModalidadesImportacao.dfm"
"UniDBLookupComboBox18.UniGroupBox2.pFicha.UniScrollBox1.aDados";"Fornecedores (Adiantamento)";"en-US";"";"FieldLabel";"C:\Projetos\Atlasweb\CadModalidadesImportacao.dfm"
"UniDBLookupComboBox19.UniGroupBox2.pFicha.UniScrollBox1.aDados";"Fornecedores (Devolução)";"en-US";"";"FieldLabel";"C:\Projetos\Atlasweb\CadModalidadesImportacao.dfm"
"UniDBLookupComboBox20.UniGroupBox2.pFicha.UniScrollBox1.aDados";"Processos (Despesas)";"en-US";"";"FieldLabel";"C:\Projetos\Atlasweb\CadModalidadesImportacao.dfm"
"UniDBLookupComboBox21.UniGroupBox2.pFicha.UniScrollBox1.aDados";"Processos (Impostos)";"en-US";"";"FieldLabel";"C:\Projetos\Atlasweb\CadModalidadesImportacao.dfm"
"UniDBLookupComboBox22.UniGroupBox2.pFicha.UniScrollBox1.aDados";"Clientes (Ativo)";"en-US";"";"FieldLabel";"C:\Projetos\Atlasweb\CadModalidadesImportacao.dfm"
"UniDBLookupComboBox23.UniGroupBox2.pFicha.UniScrollBox1.aDados";"Clientes (Adiantamento)";"en-US";"";"FieldLabel";"C:\Projetos\Atlasweb\CadModalidadesImportacao.dfm"
"UniDBLookupComboBox24.UniGroupBox2.pFicha.UniScrollBox1.aDados";"Processos (Adiantamento)";"en-US";"";"FieldLabel";"C:\Projetos\Atlasweb\CadModalidadesImportacao.dfm"
"UniDBCheckBox1.pFicha.UniScrollBox1.aDados";"Referente a Processo";"en-US";"";"Caption";"C:\Projetos\Atlasweb\CadModalidadesImportacao.dfm"
"aLista.Pasta.fCadModalidadesPagamento";"Lista";"en-US";"";"Caption";"C:\Projetos\Atlasweb\CadModalidadesPagamento.dfm"
"cForma_Pagamento.pFicha.UniScrollBox1.UniTabSheet1";"Forma de Pagamento (NF-e)";"en-US";"";"Caption";"C:\Projetos\Atlasweb\CadModalidadesPagamento.dfm"
"cNumero_Parcelas.pFicha.UniScrollBox1.UniTabSheet1";"Nº de Parcelas";"en-US";"";"FieldLabel";"C:\Projetos\Atlasweb\CadModalidadesPagamento.dfm"
"cPrazo_Primeira.pFicha.UniScrollBox1.UniTabSheet1";"Prazo 1ª Parcela";"en-US";"";"FieldLabel";"C:\Projetos\Atlasweb\CadModalidadesPagamento.dfm"
"cPrazo_Demais.pFicha.UniScrollBox1.UniTabSheet1";"Demais Parcelas";"en-US";"";"FieldLabel";"C:\Projetos\Atlasweb\CadModalidadesPagamento.dfm"
"cPrazo_Dia.pFicha.UniScrollBox1.UniTabSheet1";"Dia Fixo p/Vencimento";"en-US";"";"FieldLabel";"C:\Projetos\Atlasweb\CadModalidadesPagamento.dfm"
"bSair.Panel1.fCadModalidadesPgto";"&Sair";"en-US";"";"Caption";"C:\Projetos\Atlasweb\CadModalidadesPgto.dfm"
"bPesquisa.Panel1.fCadModalidadesPgto";"&Pesquisa";"en-US";"";"Caption";"C:\Projetos\Atlasweb\CadModalidadesPgto.dfm"
"StaticText5.Panel2.fCadModalidadesPgto";"Descrição";"en-US";"";"Caption";"C:\Projetos\Atlasweb\CadModalidadesPgto.dfm"
"StaticText3.Panel2.fCadModalidadesPgto";"Código";"en-US";"";"Caption";"C:\Projetos\Atlasweb\CadModalidadesPgto.dfm"
"cForma.Panel2.fCadModalidadesPgto";"Forma de Pagamento (NF-e)";"en-US";"";"Caption";"C:\Projetos\Atlasweb\CadModalidadesPgto.dfm"
"StaticText15.Panel2.fCadModalidadesPgto";"Nº de Parcelas";"en-US";"";"Caption";"C:\Projetos\Atlasweb\CadModalidadesPgto.dfm"
"StaticText16.Panel2.fCadModalidadesPgto";"Prazo 1ª Parcela";"en-US";"";"Caption";"C:\Projetos\Atlasweb\CadModalidadesPgto.dfm"
"StaticText17.Panel2.fCadModalidadesPgto";"Demais Parcelas";"en-US";"";"Caption";"C:\Projetos\Atlasweb\CadModalidadesPgto.dfm"
"StaticText1.Panel2.fCadModalidadesPgto";"Dia Fixo p/Vencimento";"en-US";"";"Caption";"C:\Projetos\Atlasweb\CadModalidadesPgto.dfm"
"aLista.Pasta.fCadMoedas";"Lista";"en-US";"";"Caption";"C:\Projetos\Atlasweb\CadMoedas.dfm"
"pFicha.UniTabSheet1";"DADOS GERAIS";"en-US";"";"Title";"C:\Projetos\Atlasweb\CadMoedas.dfm"
"cPais.pFicha.UniTabSheet1";"País";"en-US";"";"FieldLabel";"C:\Projetos\Atlasweb\CadMoedas.dfm"
"cTipo.pFicha.UniTabSheet1";"Tipo";"en-US";"";"FieldLabel";"C:\Projetos\Atlasweb\CadMoedas.dfm"
"cSimbolo.pFicha.UniTabSheet1";"Simbolo";"en-US";"";"FieldLabel";"C:\Projetos\Atlasweb\CadMoedas.dfm"
"cNome.pFicha.UniTabSheet1";"Nome";"en-US";"";"FieldLabel";"C:\Projetos\Atlasweb\CadMoedas.dfm"
"cCodigo.pFicha.UniTabSheet1";"Código";"en-US";"";"FieldLabel";"C:\Projetos\Atlasweb\CadMoedas.dfm"
"aLista.Pasta.fCadMunicipios";"Lista";"en-US";"";"Caption";"C:\Projetos\Atlasweb\CadMunicipios.dfm"
"cCodigo.pFicha.UniScrollBox2.aFicha2";"Código";"en-US";"";"FieldLabel";"C:\Projetos\Atlasweb\CadMunicipios.dfm"
"cNumero.pFicha.UniScrollBox2.aFicha2";"Estado";"en-US";"";"FieldLabel";"C:\Projetos\Atlasweb\CadMunicipios.dfm"
"cEstado.pFicha.UniScrollBox2.aFicha2";"Estado";"en-US";"";"FieldLabel";"C:\Projetos\Atlasweb\CadMunicipios.dfm"
"aLista.Pasta.fCadNavios";"Lista";"en-US";"";"Caption";"C:\Projetos\Atlasweb\CadNavios.dfm"
"UniTabSheet1.fCadNavios";"Dados Gerais";"en-US";"";"Caption";"C:\Projetos\Atlasweb\CadNavios.dfm"
"pFicha1.UniScrollBox1.UniTabSheet1.fCadNavios";"DADOS GERAIS";"en-US";"";"Title";"C:\Projetos\Atlasweb\CadNavios.dfm"
"cCodigo.pFicha1.UniScrollBox1.UniTabSheet1.fCadNavios";"Codigo";"en-US";"";"FieldLabel";"C:\Projetos\Atlasweb\CadNavios.dfm"
"cNome.pFicha1.UniScrollBox1.UniTabSheet1.fCadNavios";"Descricao";"en-US";"";"FieldLabel";"C:\Projetos\Atlasweb\CadNavios.dfm"
"aLista.Pasta.fCadNCM";"Lista";"en-US";"";"Caption";"C:\Projetos\Atlasweb\CadNCM.dfm"
"TabSheet1";"NCM";"en-US";"";"Caption";"C:\Projetos\Atlasweb\CadNCM.dfm"
"pFicha.UniScrollBox8.TabSheet1";"DADOS GERAIS";"en-US";"";"Title";"C:\Projetos\Atlasweb\CadNCM.dfm"
"clModalidade_BCICMS.pFicha.UniScrollBox8.TabSheet1";"Modalidade Determ. BC ICMS";"en-US";"";"FieldLabel";"C:\Projetos\Atlasweb\CadNCM.dfm"
"clCodigo_EXTIPI.pFicha.UniScrollBox8.TabSheet1";"Código EX da TIPI";"en-US";"";"FieldLabel";"C:\Projetos\Atlasweb\CadNCM.dfm"
"cEnquadramento_IPI.pFicha.UniScrollBox8.TabSheet1";"Classe Enquadramento Legal do IPI";"en-US";"";"FieldLabel";"C:\Projetos\Atlasweb\CadNCM.dfm"
"cSelo_IPI.pFicha.UniScrollBox8.TabSheet1";"Selo de Controle do IPI";"en-US";"";"FieldLabel";"C:\Projetos\Atlasweb\CadNCM.dfm"
"cGenero.pFicha.UniScrollBox8.TabSheet1";"Gênero do item";"en-US";"";"FieldLabel";"C:\Projetos\Atlasweb\CadNCM.dfm"
"clModalidade_BCICMSST.pFicha.UniScrollBox8.TabSheet1";"Modalidade Determ.BC ICMS ST";"en-US";"";"FieldLabel";"C:\Projetos\Atlasweb\CadNCM.dfm"
"cProduto.pFicha.UniScrollBox8.TabSheet1";"Descrição";"en-US";"";"FieldLabel";"C:\Projetos\Atlasweb\CadNCM.dfm"
"cNCM.pFicha.UniScrollBox8.TabSheet1";"Código (NCM)";"en-US";"";"FieldLabel";"C:\Projetos\Atlasweb\CadNCM.dfm"
"cCEST.pFicha.UniScrollBox8.TabSheet1";"Código CEST";"en-US";"";"FieldLabel";"C:\Projetos\Atlasweb\CadNCM.dfm"
"cNALADI.pFicha.UniScrollBox8.TabSheet1";"NALADI/SH";"en-US";"";"FieldLabel";"C:\Projetos\Atlasweb\CadNCM.dfm"
"cDestaque.pFicha.UniScrollBox8.TabSheet1";"Destaque";"en-US";"";"FieldLabel";"C:\Projetos\Atlasweb\CadNCM.dfm"
"GroupBox2.pFicha.UniScrollBox8.TabSheet1";"DNF";"en-US";"";"Caption";"C:\Projetos\Atlasweb\CadNCM.dfm"
"cCodigo_DNF.GroupBox2.pFicha.UniScrollBox8.TabSheet1";"Código do Produto";"en-US";"";"FieldLabel";"C:\Projetos\Atlasweb\CadNCM.dfm"
"cFatorConv_DNF.GroupBox2.pFicha.UniScrollBox8.TabSheet1";"Fator Conversão";"en-US";"";"FieldLabel";"C:\Projetos\Atlasweb\CadNCM.dfm"
"cCapacidadeVol_DNF.GroupBox2.pFicha.UniScrollBox8.TabSheet1";"Capacidade Volum.";"en-US";"";"FieldLabel";"C:\Projetos\Atlasweb\CadNCM.dfm"
"GroupBox3.pFicha.UniScrollBox8.TabSheet1";"Parâmetros Fiscais / CST IPI";"en-US";"";"Caption";"C:\Projetos\Atlasweb\CadNCM.dfm"
"cIPI_Isento.GroupBox3.pFicha.UniScrollBox8.TabSheet1";"Isenta de IPI";"en-US";"";"Caption";"C:\Projetos\Atlasweb\CadNCM.dfm"
"cIPI_Suspensao.GroupBox3.pFicha.UniScrollBox8.TabSheet1";"Suspensão do IPI";"en-US";"";"Caption";"C:\Projetos\Atlasweb\CadNCM.dfm"
"cIPI_TribAliquotaZero.GroupBox3.pFicha.UniScrollBox8.TabSheet1";"Tributado c/Alíquota Zero";"en-US";"";"Caption";"C:\Projetos\Atlasweb\CadNCM.dfm"
"GroupBox1.pFicha.UniScrollBox8.TabSheet1";"Parâmetros Fiscais / CST ICMS";"en-US";"";"Caption";"C:\Projetos\Atlasweb\CadNCM.dfm"
"cICMS_Isento.GroupBox1.pFicha.UniScrollBox8.TabSheet1";"Isenta de ICMS";"en-US";"";"Caption";"C:\Projetos\Atlasweb\CadNCM.dfm"
"cICMS_Suspensao.GroupBox1.pFicha.UniScrollBox8.TabSheet1";"Suspensão do ICMS";"en-US";"";"Caption";"C:\Projetos\Atlasweb\CadNCM.dfm"
"cICMS_Imune.GroupBox1.pFicha.UniScrollBox8.TabSheet1";"Imune de ICMS";"en-US";"";"Caption";"C:\Projetos\Atlasweb\CadNCM.dfm"
"cMVA_NaoReducao.GroupBox1.pFicha.UniScrollBox8.TabSheet1";"Não redução de  MVA";"en-US";"";"Caption";"C:\Projetos\Atlasweb\CadNCM.dfm"
"UniDBLookupComboBox1.pFicha.UniScrollBox8.TabSheet1";"CST ICMS Tab.A -  Importado";"en-US";"";"FieldLabel";"C:\Projetos\Atlasweb\CadNCM.dfm"
"UniDBLookupComboBox2.pFicha.UniScrollBox8.TabSheet1";"CST ICMS Tab.A - Mercado Interno";"en-US";"";"FieldLabel";"C:\Projetos\Atlasweb\CadNCM.dfm"
"UniDBLookupComboBox3.pFicha.UniScrollBox8.TabSheet1";"CST ICMS Tab.A - Nacional";"en-US";"";"FieldLabel";"C:\Projetos\Atlasweb\CadNCM.dfm"
"UniGroupBox1.pFicha.UniScrollBox8.TabSheet1";"Parâmetros Fiscais Diversos";"en-US";"";"Caption";"C:\Projetos\Atlasweb\CadNCM.dfm"
"cFCP.UniGroupBox1.pFicha.UniScrollBox8.TabSheet1";"Incidencia de FCP";"en-US";"";"Caption";"C:\Projetos\Atlasweb\CadNCM.dfm"
"cCusto_Seletivo.UniGroupBox1.pFicha.UniScrollBox8.TabSheet1";"Custo Seletivo";"en-US";"";"Caption";"C:\Projetos\Atlasweb\CadNCM.dfm"
"UniTabSheet1";"Tabela de ICMS";"en-US";"";"Caption";"C:\Projetos\Atlasweb\CadNCM.dfm"
"pPanel2.UniScrollBox1.UniTabSheet1";"DADOS GERAIS";"en-US";"";"Title";"C:\Projetos\Atlasweb\CadNCM.dfm"
"cEstado";"Estado";"en-US";"";"FieldLabel";"C:\Projetos\Atlasweb\CadNCM.dfm"
"UniDBFormattedNumberEdit1";"ICMS ST";"en-US";"";"FieldLabel";"C:\Projetos\Atlasweb\CadNCM.dfm"
"UniDBFormattedNumberEdit2";"MVA Importação";"en-US";"";"FieldLabel";"C:\Projetos\Atlasweb\CadNCM.dfm"
"UniDBFormattedNumberEdit3";"Redução BC ICMS Oper.";"en-US";"";"FieldLabel";"C:\Projetos\Atlasweb\CadNCM.dfm"
"UniDBFormattedNumberEdit4";"Redução BC ICMS ST";"en-US";"";"FieldLabel";"C:\Projetos\Atlasweb\CadNCM.dfm"
"UniDBFormattedNumberEdit5";"MVA Nacional";"en-US";"";"FieldLabel";"C:\Projetos\Atlasweb\CadNCM.dfm"
"UniDBFormattedNumberEdit6";"Redução BC ICMS Oper.2";"en-US";"";"FieldLabel";"C:\Projetos\Atlasweb\CadNCM.dfm"
"aLista.Pasta.fCadNivelClassificacao";"Lista";"en-US";"";"Caption";"C:\Projetos\Atlasweb\CadNivelPlanoFinanceiro.dfm"
"cCodigo.pFicha1.UniScrollBox1.UniTabSheet1";"CÓdigo";"en-US";"";"FieldLabel";"C:\Projetos\Atlasweb\CadNivelPlanoFinanceiro.dfm"
"cNivel.pFicha1.UniScrollBox1.UniTabSheet1";"Nível";"en-US";"";"FieldLabel";"C:\Projetos\Atlasweb\CadNivelPlanoFinanceiro.dfm"
"bDuplicar.pBarraNav.fCadOperacaoFiscal";"Duplicar";"en-US";"";"Caption";"C:\Projetos\Atlasweb\CadOperacaoFiscal.dfm"
"UniSpeedButton1.pBarraNav.fCadOperacaoFiscal";"Copiar formulas";"en-US";"";"Caption";"C:\Projetos\Atlasweb\CadOperacaoFiscal.dfm"
"cCodOper.PanelCopia.pBarraNav.fCadOperacaoFiscal";"Código Operação Fiscal";"en-US";"";"FieldLabel";"C:\Projetos\Atlasweb\CadOperacaoFiscal.dfm"
"aLista.Pasta.fCadOperacaoFiscal";"Lista";"en-US";"";"Caption";"C:\Projetos\Atlasweb\CadOperacaoFiscal.dfm"
"TabSheet1";"Parâmetros Diversos";"en-US";"";"Caption";"C:\Projetos\Atlasweb\CadOperacaoFiscal.dfm"
"pFicha1.UniScrollBox1.TabSheet1";"DADOS GERAIS";"en-US";"";"Title";"C:\Projetos\Atlasweb\CadOperacaoFiscal.dfm"
"cCodigo.pFicha1.UniScrollBox1.TabSheet1";"Código";"en-US";"";"FieldLabel";"C:\Projetos\Atlasweb\CadOperacaoFiscal.dfm"
"cDescricao.pFicha1.UniScrollBox1.TabSheet1";"Descrição";"en-US";"";"FieldLabel";"C:\Projetos\Atlasweb\CadOperacaoFiscal.dfm"
"cRateio_PISCOFINSEntrada.pFicha1.UniScrollBox1.TabSheet1";"PIS/COFINS Entrada";"en-US";"";"Caption";"C:\Projetos\Atlasweb\CadOperacaoFiscal.dfm"
"cSaida_Entrada.pFicha1.UniScrollBox1.TabSheet1";"Tipo de Nota Fiscal";"en-US";"";"Caption";"C:\Projetos\Atlasweb\CadOperacaoFiscal.dfm"
"cOrigem_ValorUnitario.pFicha1.UniScrollBox1.TabSheet1";"Valor Unitário do Produto";"en-US";"";"Caption";"C:\Projetos\Atlasweb\CadOperacaoFiscal.dfm"
"cOrigem_AliquotaICMS.pFicha1.UniScrollBox1.TabSheet1";"Alíquota ICMS Operacional";"en-US";"";"Caption";"C:\Projetos\Atlasweb\CadOperacaoFiscal.dfm"
"GroupBox3.pFicha1.UniScrollBox1.TabSheet1";"Campos Destacados no DANFE";"en-US";"";"Caption";"C:\Projetos\Atlasweb\CadOperacaoFiscal.dfm"
"cVisiveis_ICMSOper.GroupBox3.pFicha1.UniScrollBox1.TabSheet1";"ICMS Operacional";"en-US";"";"Caption";"C:\Projetos\Atlasweb\CadOperacaoFiscal.dfm"
"cVisiveis_ICMSSub.GroupBox3.pFicha1.UniScrollBox1.TabSheet1";"ICMS Substitutivo";"en-US";"";"Caption";"C:\Projetos\Atlasweb\CadOperacaoFiscal.dfm"
"cVisiveis_Frete.GroupBox3.pFicha1.UniScrollBox1.TabSheet1";"Frete";"en-US";"";"Caption";"C:\Projetos\Atlasweb\CadOperacaoFiscal.dfm"
"cVisiveis_Seguro.GroupBox3.pFicha1.UniScrollBox1.TabSheet1";"Seguro";"en-US";"";"Caption";"C:\Projetos\Atlasweb\CadOperacaoFiscal.dfm"
"cVisiveis_Desconto.GroupBox3.pFicha1.UniScrollBox1.TabSheet1";"Desconto";"en-US";"";"Caption";"C:\Projetos\Atlasweb\CadOperacaoFiscal.dfm"
"cVisiveis_Despesas.GroupBox3.pFicha1.UniScrollBox1.TabSheet1";"Despesas";"en-US";"";"Caption";"C:\Projetos\Atlasweb\CadOperacaoFiscal.dfm"
"cVisiveis_IPI.GroupBox3.pFicha1.UniScrollBox1.TabSheet1";"IPI";"en-US";"";"Caption";"C:\Projetos\Atlasweb\CadOperacaoFiscal.dfm"
"cVisiveis_QuantidadeItem.GroupBox3.pFicha1.UniScrollBox1.TabSheet1";"Quantidade do Item";"en-US";"";"Caption";"C:\Projetos\Atlasweb\CadOperacaoFiscal.dfm"
"cVisiveis_DIFAL.GroupBox3.pFicha1.UniScrollBox1.TabSheet1";"DIFAL";"en-US";"";"Caption";"C:\Projetos\Atlasweb\CadOperacaoFiscal.dfm"
"cVisiveis_AFRMM.GroupBox3.pFicha1.UniScrollBox1.TabSheet1";"AFRMM";"en-US";"";"Caption";"C:\Projetos\Atlasweb\CadOperacaoFiscal.dfm"
"UniDBCheckBox21.GroupBox3.pFicha1.UniScrollBox1.TabSheet1";"IPI Devolução";"en-US";"";"Caption";"C:\Projetos\Atlasweb\CadOperacaoFiscal.dfm"
"GroupBox2.pFicha1.UniScrollBox1.TabSheet1";"Parâmetros Diversos";"en-US";"";"Caption";"C:\Projetos\Atlasweb\CadOperacaoFiscal.dfm"
"cNota_Referencia.GroupBox2.pFicha1.UniScrollBox1.TabSheet1";"Pedir NF de Referência no Pedido";"en-US";"";"Caption";"C:\Projetos\Atlasweb\CadOperacaoFiscal.dfm"
"cApuracao_PISCOFINS.GroupBox2.pFicha1.UniScrollBox1.TabSheet1";"Gerar apuração de  PIS / COFINS";"en-US";"";"Caption";"C:\Projetos\Atlasweb\CadOperacaoFiscal.dfm"
"cGerar_Financeiro.GroupBox2.pFicha1.UniScrollBox1.TabSheet1";"Gerar contas  Pagar/Receber";"en-US";"";"Caption";"C:\Projetos\Atlasweb\CadOperacaoFiscal.dfm"
"cComplementar.GroupBox2.pFicha1.UniScrollBox1.TabSheet1";"Complementar";"en-US";"";"Caption";"C:\Projetos\Atlasweb\CadOperacaoFiscal.dfm"
"cReceita.GroupBox2.pFicha1.UniScrollBox1.TabSheet1";"Gera Receita";"en-US";"";"Caption";"C:\Projetos\Atlasweb\CadOperacaoFiscal.dfm"
"cRelatorio_Vendas.GroupBox2.pFicha1.UniScrollBox1.TabSheet1";"Relatório (Faturamento)";"en-US";"";"Caption";"C:\Projetos\Atlasweb\CadOperacaoFiscal.dfm"
"cRelatorio_DestaqueICMS.GroupBox2.pFicha1.UniScrollBox1.TabSheet1";"Relatório (Rel.NF S/destaque de ICMS origem)";"en-US";"";"Caption";"C:\Projetos\Atlasweb\CadOperacaoFiscal.dfm"
"cBaixa_Estoque.GroupBox2.pFicha1.UniScrollBox1.TabSheet1";"Baixa de Estoque";"en-US";"";"Caption";"C:\Projetos\Atlasweb\CadOperacaoFiscal.dfm"
"cICMS_Destacar.GroupBox2.pFicha1.UniScrollBox1.TabSheet1";"Não destacar ICMS nas obrigações fiscais";"en-US";"";"Caption";"C:\Projetos\Atlasweb\CadOperacaoFiscal.dfm"
"cEmail_NFE.GroupBox2.pFicha1.UniScrollBox1.TabSheet1";"Não enviar E-Mail na emissão da NF-e";"en-US";"";"Caption";"C:\Projetos\Atlasweb\CadOperacaoFiscal.dfm"
"cNFE_Estorno.GroupBox2.pFicha1.UniScrollBox1.TabSheet1";"Nota Fiscal de Estorno/Ajuste";"en-US";"";"Caption";"C:\Projetos\Atlasweb\CadOperacaoFiscal.dfm"
"cTransferencia.GroupBox2.pFicha1.UniScrollBox1.TabSheet1";"Nota Fiscal de Transferência";"en-US";"";"Caption";"C:\Projetos\Atlasweb\CadOperacaoFiscal.dfm"
"cDados_Veiculo.GroupBox2.pFicha1.UniScrollBox1.TabSheet1";"Obrigar dados do veículo nos pedidos";"en-US";"";"Caption";"C:\Projetos\Atlasweb\CadOperacaoFiscal.dfm"
"cBloqueio_Lucro.GroupBox2.pFicha1.UniScrollBox1.TabSheet1";"Bloqueio de lucro Mínimo/Máximo";"en-US";"";"Caption";"C:\Projetos\Atlasweb\CadOperacaoFiscal.dfm"
"cCalculo_CST.GroupBox2.pFicha1.UniScrollBox1.TabSheet1";"Não calcular CST's Automaticamente";"en-US";"";"Caption";"C:\Projetos\Atlasweb\CadOperacaoFiscal.dfm"
"cFormula_Produto.GroupBox2.pFicha1.UniScrollBox1.TabSheet1";"Utilizar fórmula para o valor do produrto";"en-US";"";"Caption";"C:\Projetos\Atlasweb\CadOperacaoFiscal.dfm"
"cMostrar_Despesas.GroupBox2.pFicha1.UniScrollBox1.TabSheet1";"Mostrar Despesas nas Informações Complem.";"en-US";"";"Caption";"C:\Projetos\Atlasweb\CadOperacaoFiscal.dfm"
"cAtivo.GroupBox2.pFicha1.UniScrollBox1.TabSheet1";"Desativado";"en-US";"";"Caption";"C:\Projetos\Atlasweb\CadOperacaoFiscal.dfm"
"UniDBCheckBox9.GroupBox2.pFicha1.UniScrollBox1.TabSheet1";"Movimenta Estoque";"en-US";"";"Caption";"C:\Projetos\Atlasweb\CadOperacaoFiscal.dfm"
"UniDBCheckBox10.GroupBox2.pFicha1.UniScrollBox1.TabSheet1";"Movimenta Inventário";"en-US";"";"Caption";"C:\Projetos\Atlasweb\CadOperacaoFiscal.dfm"
"UniDBCheckBox19.GroupBox2.pFicha1.UniScrollBox1.TabSheet1";"Movimenta Estoque Representante";"en-US";"";"Caption";"C:\Projetos\Atlasweb\CadOperacaoFiscal.dfm"
"UniDBCheckBox17.GroupBox2.pFicha1.UniScrollBox1.TabSheet1";"Calcular Média BCR";"en-US";"";"Caption";"C:\Projetos\Atlasweb\CadOperacaoFiscal.dfm"
"UniDBCheckBox11.GroupBox2.pFicha1.UniScrollBox1.TabSheet1";"Transportador obrigatório";"en-US";"";"Caption";"C:\Projetos\Atlasweb\CadOperacaoFiscal.dfm"
"UniDBCheckBox14.GroupBox2.pFicha1.UniScrollBox1.TabSheet1";"Nota Fiscal de Remessa";"en-US";"";"Caption";"C:\Projetos\Atlasweb\CadOperacaoFiscal.dfm"
"UniDBCheckBox15.GroupBox2.pFicha1.UniScrollBox1.TabSheet1";"Tratamento Tributário Diferenciado (TTD)";"en-US";"";"Caption";"C:\Projetos\Atlasweb\CadOperacaoFiscal.dfm"
"UniDBCheckBox16.GroupBox2.pFicha1.UniScrollBox1.TabSheet1";"Visível no Televendas";"en-US";"";"Caption";"C:\Projetos\Atlasweb\CadOperacaoFiscal.dfm"
"UniDBCheckBox18.GroupBox2.pFicha1.UniScrollBox1.TabSheet1";"Incluir no Fechamento do Processo";"en-US";"";"Caption";"C:\Projetos\Atlasweb\CadOperacaoFiscal.dfm"
"UniDBCheckBox20.GroupBox2.pFicha1.UniScrollBox1.TabSheet1";"Estornar título financeiro para devolução integral";"en-US";"";"Caption";"C:\Projetos\Atlasweb\CadOperacaoFiscal.dfm"
"UniDBRadioGroup1.pFicha1.UniScrollBox1.TabSheet1";"Emissão";"en-US";"";"Caption";"C:\Projetos\Atlasweb\CadOperacaoFiscal.dfm"
"cBeneficio_Fiscal.pFicha1.UniScrollBox1.TabSheet1";"Beneficio Fiscal";"en-US";"";"FieldLabel";"C:\Projetos\Atlasweb\CadOperacaoFiscal.dfm"
"UniDBRadioGroup2.pFicha1.UniScrollBox1.TabSheet1";"Destino/Origem";"en-US";"";"Caption";"C:\Projetos\Atlasweb\CadOperacaoFiscal.dfm"
"cFinalidade.pFicha1.UniScrollBox1.TabSheet1";"Finalidade Mercadoria";"en-US";"";"FieldLabel";"C:\Projetos\Atlasweb\CadOperacaoFiscal.dfm"
"UniTabSheet3";"Parâmetros NF Terceiros";"en-US";"";"Caption";"C:\Projetos\Atlasweb\CadOperacaoFiscal.dfm"
"pFicha7.UniScrollBox7.UniTabSheet3";"DADOS GERAIS";"en-US";"";"Title";"C:\Projetos\Atlasweb\CadOperacaoFiscal.dfm"
"cConta.pFicha7.UniScrollBox7.UniTabSheet3";"Serviço";"en-US";"";"FieldLabel";"C:\Projetos\Atlasweb\CadOperacaoFiscal.dfm"
"cCFOPDentro.pFicha7.UniScrollBox7.UniTabSheet3";"CFOP Dentro do Estado";"en-US";"";"FieldLabel";"C:\Projetos\Atlasweb\CadOperacaoFiscal.dfm"
"UniDBEdit1.pFicha7.UniScrollBox7.UniTabSheet3";"Alíquota ISS";"en-US";"";"FieldLabel";"C:\Projetos\Atlasweb\CadOperacaoFiscal.dfm"
"UniDBLookupComboBox5.pFicha7.UniScrollBox7.UniTabSheet3";"Espécie de Documento";"en-US";"";"FieldLabel";"C:\Projetos\Atlasweb\CadOperacaoFiscal.dfm"
"UniDBLookupComboBox6.pFicha7.UniScrollBox7.UniTabSheet3";"CST ICMS";"en-US";"";"FieldLabel";"C:\Projetos\Atlasweb\CadOperacaoFiscal.dfm"
"UniDBLookupComboBox2.pFicha7.UniScrollBox7.UniTabSheet3";"CFOP Dentro do Estado";"en-US";"";"FieldLabel";"C:\Projetos\Atlasweb\CadOperacaoFiscal.dfm"
"UniDBLookupComboBox3.pFicha7.UniScrollBox7.UniTabSheet3";"CFOP Dentro do Estado";"en-US";"";"FieldLabel";"C:\Projetos\Atlasweb\CadOperacaoFiscal.dfm"
"UniDBLookupComboBox4.pFicha7.UniScrollBox7.UniTabSheet3";"CFOP Dentro do Estado";"en-US";"";"FieldLabel";"C:\Projetos\Atlasweb\CadOperacaoFiscal.dfm"
"TabSheet5";"Parâmetros Fiscais";"en-US";"";"Caption";"C:\Projetos\Atlasweb\CadOperacaoFiscal.dfm"
"pFicha2.UniScrollBox2.TabSheet5";"DADOS GERAIS";"en-US";"";"Title";"C:\Projetos\Atlasweb\CadOperacaoFiscal.dfm"
"cCST.pFicha2.UniScrollBox2.TabSheet5";"Códigos de Situações Tributárias (NF Entrada)";"en-US";"";"Caption";"C:\Projetos\Atlasweb\CadOperacaoFiscal.dfm"
"clCST_PIS.cCST.pFicha2.UniScrollBox2.TabSheet5";"PIS";"en-US";"";"FieldLabel";"C:\Projetos\Atlasweb\CadOperacaoFiscal.dfm"
"clCST_COFINS.cCST.pFicha2.UniScrollBox2.TabSheet5";"COFINS";"en-US";"";"FieldLabel";"C:\Projetos\Atlasweb\CadOperacaoFiscal.dfm"
"cTipoCredito.cCST.pFicha2.UniScrollBox2.TabSheet5";"Tipo de B.C.Crédito";"en-US";"";"FieldLabel";"C:\Projetos\Atlasweb\CadOperacaoFiscal.dfm"
"GrupoPIS.pFicha2.UniScrollBox2.TabSheet5";"Situação Tributária (PIS)";"en-US";"";"Caption";"C:\Projetos\Atlasweb\CadOperacaoFiscal.dfm"
"cCSTPIS_AliquotaUM.GrupoPIS.pFicha2.UniScrollBox2.TabSheet5";"Tributável c/Alíquota por Unidade de Medida";"en-US";"";"Caption";"C:\Projetos\Atlasweb\CadOperacaoFiscal.dfm"
"cCSTPIS_Monofasica.GrupoPIS.pFicha2.UniScrollBox2.TabSheet5";"Tributável Monofásica (Revenda a Alíq.Zero)";"en-US";"";"Caption";"C:\Projetos\Atlasweb\CadOperacaoFiscal.dfm"
"cCSTPIS_AliquotaZero.GrupoPIS.pFicha2.UniScrollBox2.TabSheet5";"Tributável a Alíquota Zero";"en-US";"";"Caption";"C:\Projetos\Atlasweb\CadOperacaoFiscal.dfm"
"cCSTPIS_Isenta.GrupoPIS.pFicha2.UniScrollBox2.TabSheet5";"Isenta da Contribuição";"en-US";"";"Caption";"C:\Projetos\Atlasweb\CadOperacaoFiscal.dfm"
"cCSTPIS_Suspensao.GrupoPIS.pFicha2.UniScrollBox2.TabSheet5";"Suspensão da Contribuição";"en-US";"";"Caption";"C:\Projetos\Atlasweb\CadOperacaoFiscal.dfm"
"cCSTPIS_SemIncidencia.GrupoPIS.pFicha2.UniScrollBox2.TabSheet5";"Sem Incidência da Contribuição";"en-US";"";"Caption";"C:\Projetos\Atlasweb\CadOperacaoFiscal.dfm"
"cCSTPIS_Outras.GrupoPIS.pFicha2.UniScrollBox2.TabSheet5";"Outras Operações";"en-US";"";"Caption";"C:\Projetos\Atlasweb\CadOperacaoFiscal.dfm"
"GrupoCOFINS.pFicha2.UniScrollBox2.TabSheet5";"Situação Tributária (COFINS)";"en-US";"";"Caption";"C:\Projetos\Atlasweb\CadOperacaoFiscal.dfm"
"cCSTCOFINS_AliquotaUM.GrupoCOFINS.pFicha2.UniScrollBox2.TabSheet5";"Tributável c/Alíquota por Unidade de Medida";"en-US";"";"Caption";"C:\Projetos\Atlasweb\CadOperacaoFiscal.dfm"
"cCSTCOFINS_Monofasica.GrupoCOFINS.pFicha2.UniScrollBox2.TabSheet5";"Tributável Monofásica (Revenda a Alíq Zero)";"en-US";"";"Caption";"C:\Projetos\Atlasweb\CadOperacaoFiscal.dfm"
"cCSTCOFINS_AliquotaZero.GrupoCOFINS.pFicha2.UniScrollBox2.TabSheet5";"Tributável a Alíquota Zero";"en-US";"";"Caption";"C:\Projetos\Atlasweb\CadOperacaoFiscal.dfm"
"cCSTCOFINS_Isenta.GrupoCOFINS.pFicha2.UniScrollBox2.TabSheet5";"Isenta da Contribuição";"en-US";"";"Caption";"C:\Projetos\Atlasweb\CadOperacaoFiscal.dfm"
"cCSTCOFINS_Suspensao.GrupoCOFINS.pFicha2.UniScrollBox2.TabSheet5";"Suspensão da Contribuição";"en-US";"";"Caption";"C:\Projetos\Atlasweb\CadOperacaoFiscal.dfm"
"cCSTCOFINS_SemIncidencia.GrupoCOFINS.pFicha2.UniScrollBox2.TabSheet5";"Sem Incidência da Contribuição";"en-US";"";"Caption";"C:\Projetos\Atlasweb\CadOperacaoFiscal.dfm"
"cCSTCOFINS_Outras.GrupoCOFINS.pFicha2.UniScrollBox2.TabSheet5";"Outras Operações";"en-US";"";"Caption";"C:\Projetos\Atlasweb\CadOperacaoFiscal.dfm"
"GroupBox4.pFicha2.UniScrollBox2.TabSheet5";"Situação Tributária (IPI)";"en-US";"";"Caption";"C:\Projetos\Atlasweb\CadOperacaoFiscal.dfm"
"cImune_IPI.GroupBox4.pFicha2.UniScrollBox2.TabSheet5";"Imune de IPI";"en-US";"";"Caption";"C:\Projetos\Atlasweb\CadOperacaoFiscal.dfm"
"cNao_Tributada_IPI.GroupBox4.pFicha2.UniScrollBox2.TabSheet5";"Não tributada para IPI";"en-US";"";"Caption";"C:\Projetos\Atlasweb\CadOperacaoFiscal.dfm"
"cSuspensao_IPI.GroupBox4.pFicha2.UniScrollBox2.TabSheet5";"Suspensão de IPI";"en-US";"";"Caption";"C:\Projetos\Atlasweb\CadOperacaoFiscal.dfm"
"cIsencao_IPI.GroupBox4.pFicha2.UniScrollBox2.TabSheet5";"Isenção de IPI";"en-US";"";"Caption";"C:\Projetos\Atlasweb\CadOperacaoFiscal.dfm"
"RxDBLookupCombo1.GroupBox6.pFicha2.UniScrollBox2.TabSheet5";"Entrada";"en-US";"";"FieldLabel";"C:\Projetos\Atlasweb\CadOperacaoFiscal.dfm"
"RxDBLookupCombo2.GroupBox6.pFicha2.UniScrollBox2.TabSheet5";"Saída";"en-US";"";"FieldLabel";"C:\Projetos\Atlasweb\CadOperacaoFiscal.dfm"
"cEnquadra.pFicha2.UniScrollBox2.TabSheet5";"Cód.Enquadramento IPI";"en-US";"";"FieldLabel";"C:\Projetos\Atlasweb\CadOperacaoFiscal.dfm"
"UniGroupBox1.pFicha2.UniScrollBox2.TabSheet5";"Situação Tributária (ICMS)";"en-US";"";"Caption";"C:\Projetos\Atlasweb\CadOperacaoFiscal.dfm"
"UniDBCheckBox1.UniGroupBox1.pFicha2.UniScrollBox2.TabSheet5";"Não tributada para ICMS";"en-US";"";"Caption";"C:\Projetos\Atlasweb\CadOperacaoFiscal.dfm"
"UniDBCheckBox2.UniGroupBox1.pFicha2.UniScrollBox2.TabSheet5";"Trib.mono.própria (Combustiveis)";"en-US";"";"Caption";"C:\Projetos\Atlasweb\CadOperacaoFiscal.dfm"
"UniDBCheckBox3.UniGroupBox1.pFicha2.UniScrollBox2.TabSheet5";"Calcular Média BCR";"en-US";"";"Caption";"C:\Projetos\Atlasweb\CadOperacaoFiscal.dfm"
"UniDBCheckBox4.UniGroupBox1.pFicha2.UniScrollBox2.TabSheet5";"Suspensão de ICMS";"en-US";"";"Caption";"C:\Projetos\Atlasweb\CadOperacaoFiscal.dfm"
"UniDBCheckBox5.UniGroupBox1.pFicha2.UniScrollBox2.TabSheet5";"Trib.mono.própria c/resp retenção (Combustíveis)";"en-US";"";"Caption";"C:\Projetos\Atlasweb\CadOperacaoFiscal.dfm"
"UniDBCheckBox6.UniGroupBox1.pFicha2.UniScrollBox2.TabSheet5";"Isenção de ICMS";"en-US";"";"Caption";"C:\Projetos\Atlasweb\CadOperacaoFiscal.dfm"
"UniDBCheckBox7.UniGroupBox1.pFicha2.UniScrollBox2.TabSheet5";"Imune de ICMS";"en-US";"";"Caption";"C:\Projetos\Atlasweb\CadOperacaoFiscal.dfm"
"UniDBCheckBox8.UniGroupBox1.pFicha2.UniScrollBox2.TabSheet5";"Trib.mono.Rec.Difer (combustíveis)";"en-US";"";"Caption";"C:\Projetos\Atlasweb\CadOperacaoFiscal.dfm"
"UniDBCheckBox12.UniGroupBox1.pFicha2.UniScrollBox2.TabSheet5";"Trib.mono.cobrada anteriormente((Combustíveis)";"en-US";"";"Caption";"C:\Projetos\Atlasweb\CadOperacaoFiscal.dfm"
"UniDBCheckBox13.UniGroupBox1.pFicha2.UniScrollBox2.TabSheet5";"Imune de ICMS";"en-US";"";"Caption";"C:\Projetos\Atlasweb\CadOperacaoFiscal.dfm"
"UniDBLookupComboBox7.pFicha2.UniScrollBox2.TabSheet5";"Classificação Tributária";"en-US";"";"FieldLabel";"C:\Projetos\Atlasweb\CadOperacaoFiscal.dfm"
"UniTabSheet4";"Formulas";"en-US";"";"Caption";"C:\Projetos\Atlasweb\CadOperacaoFiscal.dfm"
"UniPanel4.UniScrollBox8.UniTabSheet4";"DADOS GERAIS";"en-US";"";"Title";"C:\Projetos\Atlasweb\CadOperacaoFiscal.dfm"
"cFormula";"FÓRMULA";"en-US";"";"FieldLabel";"C:\Projetos\Atlasweb\CadOperacaoFiscal.dfm"
"TabSheet2";"Informações Complementares";"en-US";"";"Caption";"C:\Projetos\Atlasweb\CadOperacaoFiscal.dfm"
"pFicha3.UniScrollBox4.TabSheet2";"DADOS GERAIS";"en-US";"";"Title";"C:\Projetos\Atlasweb\CadOperacaoFiscal.dfm"
"cInf_Complementares.pFicha3.UniScrollBox4.TabSheet2";"Informações Complementares:";"en-US";"";"FieldLabel";"C:\Projetos\Atlasweb\CadOperacaoFiscal.dfm"
"UniDBMemo1.TabSheet2";"Informações Complementares: (FISCO)";"en-US";"";"FieldLabel";"C:\Projetos\Atlasweb\CadOperacaoFiscal.dfm"
"UniTabSheet1";"Parametrização Financeira";"en-US";"";"Caption";"C:\Projetos\Atlasweb\CadOperacaoFiscal.dfm"
"pFicha5.UniScrollBox3.UniTabSheet1";"DADOS GERAIS";"en-US";"";"Title";"C:\Projetos\Atlasweb\CadOperacaoFiscal.dfm"
"GroupBox5.pFicha5.UniScrollBox3.UniTabSheet1";"Lançamento Financeiro (Recebimento)";"en-US";"";"Caption";"C:\Projetos\Atlasweb\CadOperacaoFiscal.dfm"
"cClassificacao_Saida.GroupBox5.pFicha5.UniScrollBox3.UniTabSheet1";"Classificação Financeira";"en-US";"";"FieldLabel";"C:\Projetos\Atlasweb\CadOperacaoFiscal.dfm"
"clTipo_Documento.GroupBox5.pFicha5.UniScrollBox3.UniTabSheet1";"Tipo de Documento";"en-US";"";"FieldLabel";"C:\Projetos\Atlasweb\CadOperacaoFiscal.dfm"
"clCentro_Custo.GroupBox5.pFicha5.UniScrollBox3.UniTabSheet1";"Centro de Custo";"en-US";"";"FieldLabel";"C:\Projetos\Atlasweb\CadOperacaoFiscal.dfm"
"clModalidade_Pagamento.GroupBox5.pFicha5.UniScrollBox3.UniTabSheet1";"Modalidade de Pagamento";"en-US";"";"FieldLabel";"C:\Projetos\Atlasweb\CadOperacaoFiscal.dfm"
"TabSheet4";"Parametrização Contábil";"en-US";"";"Caption";"C:\Projetos\Atlasweb\CadOperacaoFiscal.dfm"
"pFicha4.UniScrollBox6.TabSheet4";"DADOS GERAIS";"en-US";"";"Title";"C:\Projetos\Atlasweb\CadOperacaoFiscal.dfm"
"GrupoCtb.pFicha4.UniScrollBox6.TabSheet4";"Lançamentos Contabeis";"en-US";"";"Caption";"C:\Projetos\Atlasweb\CadOperacaoFiscal.dfm"
"cContaD_Ctb.GrupoCtb.pFicha4.UniScrollBox6.TabSheet4";"Conta Débito";"en-US";"";"FieldLabel";"C:\Projetos\Atlasweb\CadOperacaoFiscal.dfm"
"cContaC_Ctb.GrupoCtb.pFicha4.UniScrollBox6.TabSheet4";"Plano de Contas";"en-US";"";"FieldLabel";"C:\Projetos\Atlasweb\CadOperacaoFiscal.dfm"
"cHistCtb.GrupoCtb.pFicha4.UniScrollBox6.TabSheet4";"Histórico Padrão";"en-US";"";"FieldLabel";"C:\Projetos\Atlasweb\CadOperacaoFiscal.dfm"
"cCampoCtb.GrupoCtb.pFicha4.UniScrollBox6.TabSheet4";"Lançamento";"en-US";"";"FieldLabel";"C:\Projetos\Atlasweb\CadOperacaoFiscal.dfm"
"FORNECEDORES1.mnVariavel";"FORNECEDOR (Conta do cadastro do fornecedor)";"en-US";"";"Caption";"C:\Projetos\Atlasweb\CadOperacaoFiscal.dfm"
"Clientes1.mnVariavel";"CLIENTE (Conta do cadastro do cliente)";"en-US";"";"Caption";"C:\Projetos\Atlasweb\CadOperacaoFiscal.dfm"
"PROCESSO1.mnVariavel";"PROCESSO (Despesas)";"en-US";"";"Caption";"C:\Projetos\Atlasweb\CadOperacaoFiscal.dfm"
"PROCESSOImpostos1.mnVariavel";"PROCESSO (Impostos)";"en-US";"";"Caption";"C:\Projetos\Atlasweb\CadOperacaoFiscal.dfm"
"PROCESSOAdiantamento1.mnVariavel";"PROCESSO (Adiantamento)";"en-US";"";"Caption";"C:\Projetos\Atlasweb\CadOperacaoFiscal.dfm"
"DEVOLUO1.mnVariavel";"DEVOLUÇÃO (Saida/Entrada)";"en-US";"";"Caption";"C:\Projetos\Atlasweb\CadOperacaoFiscal.dfm"
"fCadOperacaoFiscalFormula";"MANUTENÇÃO DAS FORMULAS PARA CÁLCULO DOS PEDIDOS";"en-US";"";"Caption";"C:\Projetos\Atlasweb\CadOperacaoFiscalFormula.dfm"
"cFormula";"FORMULA DO CAMPO";"en-US";"";"FieldLabel";"C:\Projetos\Atlasweb\CadOperacaoFiscalFormula.dfm"
"cOrdem";"Ordem de Calculo";"en-US";"";"FieldLabel";"C:\Projetos\Atlasweb\CadOperacaoFiscalFormula.dfm"
"UniLabel1";"CAMPOS CALCULÁVEIS DA NOTA FISCAL";"en-US";"";"Caption";"C:\Projetos\Atlasweb\CadOperacaoFiscalFormula.dfm"
"UniLabel2";"CAMPOS CALCULÁVEIS DA NOTA FISCAL (SELECIONADOS)";"en-US";"";"Caption";"C:\Projetos\Atlasweb\CadOperacaoFiscalFormula.dfm"
"UniLabel3";"VARIÁVEIS";"en-US";"";"Caption";"C:\Projetos\Atlasweb\CadOperacaoFiscalFormula.dfm"
"UniLabel4";"FÓRMULA";"en-US";"";"Caption";"C:\Projetos\Atlasweb\CadOperacaoFiscalFormula.dfm"
"aLista.Pasta.fCadOrigemContas";"Lista";"en-US";"";"Caption";"C:\Projetos\Atlasweb\CadOrigemContas.dfm"
"cConsignacao.pFicha1.uniScrollBox1.UniTabSheet1";"Cliente de Consignação";"en-US";"";"Caption";"C:\Projetos\Atlasweb\CadOrigemContas.dfm"
"cConta.pFicha1.uniScrollBox1.UniTabSheet1";"Grupo do Plano de Contas";"en-US";"";"FieldLabel";"C:\Projetos\Atlasweb\CadOrigemContas.dfm"
"cOrigem.pFicha1.uniScrollBox1.UniTabSheet1";"Origem";"en-US";"";"Caption";"C:\Projetos\Atlasweb\CadOrigemContas.dfm"
"cPgto_Rec.pFicha1.uniScrollBox1.UniTabSheet1";"Tipo Movimento";"en-US";"";"Caption";"C:\Projetos\Atlasweb\CadOrigemContas.dfm"
"cNac_Estr.pFicha1.uniScrollBox1.UniTabSheet1";"Origem Destinatários";"en-US";"";"Caption";"C:\Projetos\Atlasweb\CadOrigemContas.dfm"
"cModalidade.pFicha1.uniScrollBox1.UniTabSheet1";"Modalidade de Importação";"en-US";"";"FieldLabel";"C:\Projetos\Atlasweb\CadOrigemContas.dfm"
"cTerceiros.pFicha1.uniScrollBox1.UniTabSheet1";"Terceiros";"en-US";"";"FieldLabel";"C:\Projetos\Atlasweb\CadOrigemContas.dfm"
"cConta_ECF.pFicha1.uniScrollBox1.UniTabSheet1";"Plano de Contas Referêncial";"en-US";"";"FieldLabel";"C:\Projetos\Atlasweb\CadOrigemContas.dfm"
"cGrupo_Financeiro.pFicha1.uniScrollBox1.UniTabSheet1";"Grupo do Plano Financeiro";"en-US";"";"FieldLabel";"C:\Projetos\Atlasweb\CadOrigemContas.dfm"
"cGrupo_Processo.pFicha1.uniScrollBox1.UniTabSheet1";"Grupo de Processo";"en-US";"";"Caption";"C:\Projetos\Atlasweb\CadOrigemContas.dfm"
"aLista.Pasta.fCadPaises";"Lista";"en-US";"";"Caption";"C:\Projetos\Atlasweb\CadPaises.dfm"
"aFicha";"Dados Gerais";"en-US";"";"Caption";"C:\Projetos\Atlasweb\CadPaises.dfm"
"pFicha.UniScrollBox2.aFicha";"DADOS GERAIS";"en-US";"";"Title";"C:\Projetos\Atlasweb\CadPaises.dfm"
"cCodigo.pFicha.UniScrollBox2.aFicha";"Codigo";"en-US";"";"FieldLabel";"C:\Projetos\Atlasweb\CadPaises.dfm"
"cNome.pFicha.UniScrollBox2.aFicha";"Nome";"en-US";"";"FieldLabel";"C:\Projetos\Atlasweb\CadPaises.dfm"
"cNome_Ingles.pFicha.UniScrollBox2.aFicha";"Nome Internacional";"en-US";"";"FieldLabel";"C:\Projetos\Atlasweb\CadPaises.dfm"
"aLista.Pasta.fCadPlanoContas";"Lista";"en-US";"";"Caption";"C:\Projetos\Atlasweb\CadPlanoContas.dfm"
"UniTabSheet2";"Plano de Contas";"en-US";"";"Caption";"C:\Projetos\Atlasweb\CadPlanoContas.dfm"
"pFicha2.UniScrollBox2.UniTabSheet2";"Plano Financeiro / Contabil (Plano Contas)";"en-US";"";"Title";"C:\Projetos\Atlasweb\CadPlanoContas.dfm"
"UniGroupBox3.pFicha2.UniScrollBox2.UniTabSheet2";"Lançamento Contabil Provisão [Contra Partida]";"en-US";"";"Caption";"C:\Projetos\Atlasweb\CadPlanoContas.dfm"
"cProvisao_ContaC.UniGroupBox3.pFicha2.UniScrollBox2.UniTabSheet2";"Conta";"en-US";"";"FieldLabel";"C:\Projetos\Atlasweb\CadPlanoContas.dfm"
"cProvisao_Historico.UniGroupBox3.pFicha2.UniScrollBox2.UniTabSheet2";"Histórico:";"en-US";"";"FieldLabel";"C:\Projetos\Atlasweb\CadPlanoContas.dfm"
"UniGroupBox4.pFicha2.UniScrollBox2.UniTabSheet2";"Lançamento Contabil Liquidação - [Contra-Partida Banco]";"en-US";"";"Caption";"C:\Projetos\Atlasweb\CadPlanoContas.dfm"
"cLiquidacao_Historico.UniGroupBox4.pFicha2.UniScrollBox2.UniTabSheet2";"Histórico:";"en-US";"";"FieldLabel";"C:\Projetos\Atlasweb\CadPlanoContas.dfm"
"UniDBLookupComboBox6.UniGroupBox4.pFicha2.UniScrollBox2.UniTabSheet2";"Contas:";"en-US";"";"FieldLabel";"C:\Projetos\Atlasweb\CadPlanoContas.dfm"
"cTipo_Partida.pFicha2.UniScrollBox2.UniTabSheet2";"Partida";"en-US";"";"Caption";"C:\Projetos\Atlasweb\CadPlanoContas.dfm"
"UniDBRadioGroup2.pFicha2.UniScrollBox2.UniTabSheet2";"Natureza";"en-US";"";"Caption";"C:\Projetos\Atlasweb\CadPlanoContas.dfm"
"cConta.pFicha2.UniScrollBox2.UniTabSheet2";"Conta Contabil";"en-US";"";"FieldLabel";"C:\Projetos\Atlasweb\CadPlanoContas.dfm"
"cNomeContabil.pFicha2.UniScrollBox2.UniTabSheet2";"Nome Contabil";"en-US";"";"FieldLabel";"C:\Projetos\Atlasweb\CadPlanoContas.dfm"
"cCodigo.pFicha2.UniScrollBox2.UniTabSheet2";"Código Reduzido:";"en-US";"";"FieldLabel";"C:\Projetos\Atlasweb\CadPlanoContas.dfm"
"UniDBEdit3.pFicha2.UniScrollBox2.UniTabSheet2";"Conta Contabil (ECF)";"en-US";"";"FieldLabel";"C:\Projetos\Atlasweb\CadPlanoContas.dfm"
"cNomeFinanceiro.pFicha2.UniScrollBox2.UniTabSheet2";"Nome Financeiro";"en-US";"";"FieldLabel";"C:\Projetos\Atlasweb\CadPlanoContas.dfm"
"UniDBRadioGroup1.pFicha2.UniScrollBox2.UniTabSheet2";"Tipo";"en-US";"";"Caption";"C:\Projetos\Atlasweb\CadPlanoContas.dfm"
"UniGroupBox1.pFicha2.UniScrollBox2.UniTabSheet2";"Parâmetros";"en-US";"";"Caption";"C:\Projetos\Atlasweb\CadPlanoContas.dfm"
"cRelatorio.UniGroupBox1.pFicha2.UniScrollBox2.UniTabSheet2";"Não listar nos Relatórios";"en-US";"";"Caption";"C:\Projetos\Atlasweb\CadPlanoContas.dfm"
"cCambio.UniGroupBox1.pFicha2.UniScrollBox2.UniTabSheet2";"Câmbio";"en-US";"";"Caption";"C:\Projetos\Atlasweb\CadPlanoContas.dfm"
"cCusto.UniGroupBox1.pFicha2.UniScrollBox2.UniTabSheet2";"Custo de Saída";"en-US";"";"Caption";"C:\Projetos\Atlasweb\CadPlanoContas.dfm"
"cSomente_Faturamento.UniGroupBox1.pFicha2.UniScrollBox2.UniTabSheet2";"Somente Faturamento";"en-US";"";"Caption";"C:\Projetos\Atlasweb\CadPlanoContas.dfm"
"cAdiantamento.UniGroupBox1.pFicha2.UniScrollBox2.UniTabSheet2";"Adiantamento";"en-US";"";"Caption";"C:\Projetos\Atlasweb\CadPlanoContas.dfm"
"cDevolucao.UniGroupBox1.pFicha2.UniScrollBox2.UniTabSheet2";"Devolução";"en-US";"";"Caption";"C:\Projetos\Atlasweb\CadPlanoContas.dfm"
"cCusto_Seletivo.UniGroupBox1.pFicha2.UniScrollBox2.UniTabSheet2";"Custo Seletivo";"en-US";"";"Caption";"C:\Projetos\Atlasweb\CadPlanoContas.dfm"
"cTransferencia.UniGroupBox1.pFicha2.UniScrollBox2.UniTabSheet2";"Transferência";"en-US";"";"Caption";"C:\Projetos\Atlasweb\CadPlanoContas.dfm"
"cFechamento_Processo.UniGroupBox1.pFicha2.UniScrollBox2.UniTabSheet2";"Fechamento do Processo";"en-US";"";"Caption";"C:\Projetos\Atlasweb\CadPlanoContas.dfm"
"cCusto_Entrada.UniGroupBox1.pFicha2.UniScrollBox2.UniTabSheet2";"Custo Entrada";"en-US";"";"Caption";"C:\Projetos\Atlasweb\CadPlanoContas.dfm"
"cBoleto.UniGroupBox1.pFicha2.UniScrollBox2.UniTabSheet2";"Boleto";"en-US";"";"Caption";"C:\Projetos\Atlasweb\CadPlanoContas.dfm"
"cDespesa_Fixa.UniGroupBox1.pFicha2.UniScrollBox2.UniTabSheet2";"Despesa Fixa";"en-US";"";"Caption";"C:\Projetos\Atlasweb\CadPlanoContas.dfm"
"cNota_Referencia.UniGroupBox1.pFicha2.UniScrollBox2.UniTabSheet2";"Nota Referência";"en-US";"";"Caption";"C:\Projetos\Atlasweb\CadPlanoContas.dfm"
"cProcesso_Obrigatorio.UniGroupBox1.pFicha2.UniScrollBox2.UniTabSheet2";"Processo Obrigatório";"en-US";"";"Caption";"C:\Projetos\Atlasweb\CadPlanoContas.dfm"
"cDesativada.UniGroupBox1.pFicha2.UniScrollBox2.UniTabSheet2";"Desativada";"en-US";"";"Caption";"C:\Projetos\Atlasweb\CadPlanoContas.dfm"
"cCusto_Outros.UniGroupBox1.pFicha2.UniScrollBox2.UniTabSheet2";"Custo Outros";"en-US";"";"Caption";"C:\Projetos\Atlasweb\CadPlanoContas.dfm"
"cTributo.UniGroupBox1.pFicha2.UniScrollBox2.UniTabSheet2";"Tributo";"en-US";"";"Caption";"C:\Projetos\Atlasweb\CadPlanoContas.dfm"
"cTaxa.UniGroupBox1.pFicha2.UniScrollBox2.UniTabSheet2";"Taxa";"en-US";"";"Caption";"C:\Projetos\Atlasweb\CadPlanoContas.dfm"
"UniDBCheckBox4.UniGroupBox1.pFicha2.UniScrollBox2.UniTabSheet2";"Plano Financeiro";"en-US";"";"Caption";"C:\Projetos\Atlasweb\CadPlanoContas.dfm"
"UniDBCheckBox1.UniGroupBox1.pFicha2.UniScrollBox2.UniTabSheet2";"Conta de Resultado";"en-US";"";"Caption";"C:\Projetos\Atlasweb\CadPlanoContas.dfm"
"UniDBCheckBox2.UniGroupBox1.pFicha2.UniScrollBox2.UniTabSheet2";"Sintética";"en-US";"";"Caption";"C:\Projetos\Atlasweb\CadPlanoContas.dfm"
"UniDBCheckBox5.UniGroupBox1.pFicha2.UniScrollBox2.UniTabSheet2";"LALUR";"en-US";"";"Caption";"C:\Projetos\Atlasweb\CadPlanoContas.dfm"
"UniDBCheckBox6.UniGroupBox1.pFicha2.UniScrollBox2.UniTabSheet2";"Mostrar no Balanço";"en-US";"";"Caption";"C:\Projetos\Atlasweb\CadPlanoContas.dfm"
"UniDBCheckBox7.UniGroupBox1.pFicha2.UniScrollBox2.UniTabSheet2";"DRE";"en-US";"";"Caption";"C:\Projetos\Atlasweb\CadPlanoContas.dfm"
"UniDBCheckBox13.UniGroupBox1.pFicha2.UniScrollBox2.UniTabSheet2";"Detalhar Beneficiário";"en-US";"";"Caption";"C:\Projetos\Atlasweb\CadPlanoContas.dfm"
"UniDBCheckBox14.UniGroupBox1.pFicha2.UniScrollBox2.UniTabSheet2";"Detalhar Processo";"en-US";"";"Caption";"C:\Projetos\Atlasweb\CadPlanoContas.dfm"
"UniDBCheckBox3.UniGroupBox1.pFicha2.UniScrollBox2.UniTabSheet2";"Baixa Automática";"en-US";"";"Caption";"C:\Projetos\Atlasweb\CadPlanoContas.dfm"
"UniDBCheckBox8.UniGroupBox1.pFicha2.UniScrollBox2.UniTabSheet2";"Despesa Agência Marítima";"en-US";"";"Caption";"C:\Projetos\Atlasweb\CadPlanoContas.dfm"
"UniDBCheckBox9.UniGroupBox1.pFicha2.UniScrollBox2.UniTabSheet2";"Gera Juros SPED PIS/COFINS";"en-US";"";"Caption";"C:\Projetos\Atlasweb\CadPlanoContas.dfm"
"cModalidade_Importacao.pFicha2.UniScrollBox2.UniTabSheet2";"Modalidade de Importação";"en-US";"";"FieldLabel";"C:\Projetos\Atlasweb\CadPlanoContas.dfm"
"cNivel.pFicha2.UniScrollBox2.UniTabSheet2";"Nível de Acesso";"en-US";"";"FieldLabel";"C:\Projetos\Atlasweb\CadPlanoContas.dfm"
"cTipo_Documento.pFicha2.UniScrollBox2.UniTabSheet2";"Documento";"en-US";"";"FieldLabel";"C:\Projetos\Atlasweb\CadPlanoContas.dfm"
"UniTabSheet1";"Parâmetros";"en-US";"";"Caption";"C:\Projetos\Atlasweb\CadPlanoContas.dfm"
"pFicha1.UniScrollBox1.UniTabSheet1";"Plano Financeiro / Contabil (Plano Financeiro)";"en-US";"";"Title";"C:\Projetos\Atlasweb\CadPlanoContas.dfm"
"UniGroupBox2.pFicha1.UniScrollBox1.UniTabSheet1";"Apuração PIS/COFINS";"en-US";"";"Caption";"C:\Projetos\Atlasweb\CadPlanoContas.dfm"
"cCST_PIS.UniGroupBox2.pFicha1.UniScrollBox1.UniTabSheet1";"CST do PIS";"en-US";"";"FieldLabel";"C:\Projetos\Atlasweb\CadPlanoContas.dfm"
"cAliquota_PIS.UniGroupBox2.pFicha1.UniScrollBox1.UniTabSheet1";"Alíquota do PIS";"en-US";"";"FieldLabel";"C:\Projetos\Atlasweb\CadPlanoContas.dfm"
"cAliquota_COFINS.UniGroupBox2.pFicha1.UniScrollBox1.UniTabSheet1";"Alíquota da COFINS";"en-US";"";"FieldLabel";"C:\Projetos\Atlasweb\CadPlanoContas.dfm"
"cBCCredito.UniGroupBox2.pFicha1.UniScrollBox1.UniTabSheet1";"Base de Cálculo do Crédito";"en-US";"";"FieldLabel";"C:\Projetos\Atlasweb\CadPlanoContas.dfm"
"cCST_COFINS.UniGroupBox2.pFicha1.UniScrollBox1.UniTabSheet1";"CST da COFINS";"en-US";"";"FieldLabel";"C:\Projetos\Atlasweb\CadPlanoContas.dfm"
"cNatureza_Receita.UniGroupBox2.pFicha1.UniScrollBox1.UniTabSheet1";"Natureza da Receita";"en-US";"";"FieldLabel";"C:\Projetos\Atlasweb\CadPlanoContas.dfm"
"gTributo.pFicha1.UniScrollBox1.UniTabSheet1";"Tributo / Taxa";"en-US";"";"Caption";"C:\Projetos\Atlasweb\CadPlanoContas.dfm"
"cOrgao.gTributo.pFicha1.UniScrollBox1.UniTabSheet1";"Orgão";"en-US";"";"FieldLabel";"C:\Projetos\Atlasweb\CadPlanoContas.dfm"
"cCodigo_RFB.gTributo.pFicha1.UniScrollBox1.UniTabSheet1";"Código da Receita Federal";"en-US";"";"FieldLabel";"C:\Projetos\Atlasweb\CadPlanoContas.dfm"
"cValor.gTributo.pFicha1.UniScrollBox1.UniTabSheet1";"Alíquota";"en-US";"";"FieldLabel";"C:\Projetos\Atlasweb\CadPlanoContas.dfm"
"cDia_Vencimento.gTributo.pFicha1.UniScrollBox1.UniTabSheet1";"Vencimento (Dia)";"en-US";"";"FieldLabel";"C:\Projetos\Atlasweb\CadPlanoContas.dfm"
"UniGroupBox5.pFicha1.UniScrollBox1.UniTabSheet1";"DRE Gerencial";"en-US";"";"Caption";"C:\Projetos\Atlasweb\CadPlanoContas.dfm"
"cDRE_Principal.UniGroupBox5.pFicha1.UniScrollBox1.UniTabSheet1";"Valor Principal";"en-US";"";"FieldLabel";"C:\Projetos\Atlasweb\CadPlanoContas.dfm"
"cDRE_Desconto.UniGroupBox5.pFicha1.UniScrollBox1.UniTabSheet1";"Descontos";"en-US";"";"FieldLabel";"C:\Projetos\Atlasweb\CadPlanoContas.dfm"
"cDRE_DescontoDupl.UniGroupBox5.pFicha1.UniScrollBox1.UniTabSheet1";"Desconto de Duplicata";"en-US";"";"FieldLabel";"C:\Projetos\Atlasweb\CadPlanoContas.dfm"
"cDRE_Juros.UniGroupBox5.pFicha1.UniScrollBox1.UniTabSheet1";"Multa/Juros";"en-US";"";"FieldLabel";"C:\Projetos\Atlasweb\CadPlanoContas.dfm"
"aLista.Pasta.fCadPlanoContasECF";"Lista";"en-US";"";"Caption";"C:\Projetos\Atlasweb\CadPlanoContasECF.dfm"
"UniTabSheet1.fCadPlanoContasECF";"Dados Gerais";"en-US";"";"Caption";"C:\Projetos\Atlasweb\CadPlanoContasECF.dfm"
"pFicha.UniScrollBox1.UniTabSheet1.fCadPlanoContasECF";"DADOS GERAIS";"en-US";"";"Title";"C:\Projetos\Atlasweb\CadPlanoContasECF.dfm"
"cConta.pFicha.UniScrollBox1.UniTabSheet1.fCadPlanoContasECF";"Conta";"en-US";"";"FieldLabel";"C:\Projetos\Atlasweb\CadPlanoContasECF.dfm"
"cNome.pFicha.UniScrollBox1.UniTabSheet1.fCadPlanoContasECF";"Descrição";"en-US";"";"FieldLabel";"C:\Projetos\Atlasweb\CadPlanoContasECF.dfm"
"aLista.Pasta.fCadProdutos";"Lista";"en-US";"";"Caption";"C:\Projetos\Atlasweb\CadProdutos.dfm"
"tabProduto";"Dados do Produto";"en-US";"";"Caption";"C:\Projetos\Atlasweb\CadProdutos.dfm"
"pFicha.UniScrollBox1.tabProduto";"DADOS GERAIS";"en-US";"";"Title";"C:\Projetos\Atlasweb\CadProdutos.dfm"
"cCodigo.pFicha.UniScrollBox1.tabProduto";"Código Sistema";"en-US";"";"FieldLabel";"C:\Projetos\Atlasweb\CadProdutos.dfm"
"clTipo.pFicha.UniScrollBox1.tabProduto";"Tipo";"en-US";"";"FieldLabel";"C:\Projetos\Atlasweb\CadProdutos.dfm"
"clNCM.pFicha.UniScrollBox1.tabProduto";"NCM";"en-US";"";"FieldLabel";"C:\Projetos\Atlasweb\CadProdutos.dfm"
"cCodigo_Fabricante.pFicha.UniScrollBox1.tabProduto";"Código Fabrica";"en-US";"";"FieldLabel";"C:\Projetos\Atlasweb\CadProdutos.dfm"
"cFabricante.pFicha.UniScrollBox1.tabProduto";"Fabricante";"en-US";"";"FieldLabel";"C:\Projetos\Atlasweb\CadProdutos.dfm"
"cFornecedor.pFicha.UniScrollBox1.tabProduto";"Fornecedor";"en-US";"";"FieldLabel";"C:\Projetos\Atlasweb\CadProdutos.dfm"
"clLinha.pFicha.UniScrollBox1.tabProduto";"Linha";"en-US";"";"FieldLabel";"C:\Projetos\Atlasweb\CadProdutos.dfm"
"cGTIN.pFicha.UniScrollBox1.tabProduto";"GTIN - Caixa (Cód.Barras)";"en-US";"";"FieldLabel";"C:\Projetos\Atlasweb\CadProdutos.dfm"
"cGTIN_Unidade.pFicha.UniScrollBox1.tabProduto";"GTIN - Unidade (Cód.Barras)";"en-US";"";"FieldLabel";"C:\Projetos\Atlasweb\CadProdutos.dfm"
"clTipo_Item.pFicha.UniScrollBox1.tabProduto";"Tipo Produto";"en-US";"";"FieldLabel";"C:\Projetos\Atlasweb\CadProdutos.dfm"
"cDescricao_Ingles.pFicha.UniScrollBox1.tabProduto";"Descrição (Inglês)";"en-US";"";"FieldLabel";"C:\Projetos\Atlasweb\CadProdutos.dfm"
"cDescricao.pFicha.UniScrollBox1.tabProduto";"Descrição (Português)";"en-US";"";"FieldLabel";"C:\Projetos\Atlasweb\CadProdutos.dfm"
"cDescricao_Reduzida.pFicha.UniScrollBox1.tabProduto";"Descrição Reduzida";"en-US";"";"FieldLabel";"C:\Projetos\Atlasweb\CadProdutos.dfm"
"cLargura.pFicha.UniScrollBox1.tabProduto";"Largura";"en-US";"";"FieldLabel";"C:\Projetos\Atlasweb\CadProdutos.dfm"
"cUnidade.pFicha.UniScrollBox1.tabProduto";"Unidade Medida (Tributada)";"en-US";"";"FieldLabel";"C:\Projetos\Atlasweb\CadProdutos.dfm"
"clUnidade_Origem.pFicha.UniScrollBox1.tabProduto";"Unidade Medida (Fatur.)";"en-US";"";"FieldLabel";"C:\Projetos\Atlasweb\CadProdutos.dfm"
"cQuantidade_Volumes.pFicha.UniScrollBox1.tabProduto";"Qtde.Unid.Vol";"en-US";"";"FieldLabel";"C:\Projetos\Atlasweb\CadProdutos.dfm"
"cAltura.pFicha.UniScrollBox1.tabProduto";"Altura/Espessura";"en-US";"";"FieldLabel";"C:\Projetos\Atlasweb\CadProdutos.dfm"
"cComprimento.pFicha.UniScrollBox1.tabProduto";"Comprimento";"en-US";"";"FieldLabel";"C:\Projetos\Atlasweb\CadProdutos.dfm"
"cTipoConversao.pFicha.UniScrollBox1.tabProduto";"Tipo conversão";"en-US";"";"FieldLabel";"C:\Projetos\Atlasweb\CadProdutos.dfm"
"cQuantidade_Unidade.pFicha.UniScrollBox1.tabProduto";"Qtde.UM";"en-US";"";"FieldLabel";"C:\Projetos\Atlasweb\CadProdutos.dfm"
"UniGroupBox1.pFicha.UniScrollBox1.tabProduto";"Foto";"en-US";"";"Caption";"C:\Projetos\Atlasweb\CadProdutos.dfm"
"cOrigem.pFicha.UniScrollBox1.tabProduto";"Origem";"en-US";"";"FieldLabel";"C:\Projetos\Atlasweb\CadProdutos.dfm"
"cPeso_Liquido.pFicha.UniScrollBox1.tabProduto";"Peso Líquido";"en-US";"";"FieldLabel";"C:\Projetos\Atlasweb\CadProdutos.dfm"
"cPeso_Bruto.pFicha.UniScrollBox1.tabProduto";"Peso Bruto";"en-US";"";"FieldLabel";"C:\Projetos\Atlasweb\CadProdutos.dfm"
"GroupBox6.pFicha.UniScrollBox1.tabProduto";"Detalhes Diversos";"en-US";"";"Caption";"C:\Projetos\Atlasweb\CadProdutos.dfm"
"cReciclavel.GroupBox6.pFicha.UniScrollBox1.tabProduto";"Reciclável";"en-US";"";"Caption";"C:\Projetos\Atlasweb\CadProdutos.dfm"
"cEntrada_ST.GroupBox6.pFicha.UniScrollBox1.tabProduto";"Entrada por substituição Tributária";"en-US";"";"Caption";"C:\Projetos\Atlasweb\CadProdutos.dfm"
"cCusto_Seletivo.GroupBox6.pFicha.UniScrollBox1.tabProduto";"Custo Seletivo";"en-US";"";"Caption";"C:\Projetos\Atlasweb\CadProdutos.dfm"
"cVisivel_Representa.GroupBox6.pFicha.UniScrollBox1.tabProduto";"Visivel Representante";"en-US";"";"Caption";"C:\Projetos\Atlasweb\CadProdutos.dfm"
"cLote_Obrigatorio.GroupBox6.pFicha.UniScrollBox1.tabProduto";"Lote Obrigatório";"en-US";"";"Caption";"C:\Projetos\Atlasweb\CadProdutos.dfm"
"cProducao_Nacional.GroupBox6.pFicha.UniScrollBox1.tabProduto";"Produção Nacional";"en-US";"";"Caption";"C:\Projetos\Atlasweb\CadProdutos.dfm"
"cSerial_Obrigatorio.GroupBox6.pFicha.UniScrollBox1.tabProduto";"Serial Obrigatório";"en-US";"";"Caption";"C:\Projetos\Atlasweb\CadProdutos.dfm"
"cEscala_Relevante.GroupBox6.pFicha.UniScrollBox1.tabProduto";"Produzido em escala relevante";"en-US";"";"Caption";"C:\Projetos\Atlasweb\CadProdutos.dfm"
"cCNPJ_Fabricante.GroupBox6.pFicha.UniScrollBox1.tabProduto";"CNPJ Fab.";"en-US";"";"FieldLabel";"C:\Projetos\Atlasweb\CadProdutos.dfm"
"cMateria_Prima.GroupBox6.pFicha.UniScrollBox1.tabProduto";"Matéria Prima";"en-US";"";"Caption";"C:\Projetos\Atlasweb\CadProdutos.dfm"
"UniDBCheckBox1.GroupBox6.pFicha.UniScrollBox1.tabProduto";"Tabela CAMEX";"en-US";"";"Caption";"C:\Projetos\Atlasweb\CadProdutos.dfm"
"UniDBCheckBox2.GroupBox6.pFicha.UniScrollBox1.tabProduto";"Incidência de FCP";"en-US";"";"Caption";"C:\Projetos\Atlasweb\CadProdutos.dfm"
"UniDBCheckBox3.GroupBox6.pFicha.UniScrollBox1.tabProduto";"ICMS Desonerado";"en-US";"";"Caption";"C:\Projetos\Atlasweb\CadProdutos.dfm"
"UniDBCheckBox4.GroupBox6.pFicha.UniScrollBox1.tabProduto";"Anti-Dumping";"en-US";"";"Caption";"C:\Projetos\Atlasweb\CadProdutos.dfm"
"UniDBCheckBox5.GroupBox6.pFicha.UniScrollBox1.tabProduto";"Serviço";"en-US";"";"Caption";"C:\Projetos\Atlasweb\CadProdutos.dfm"
"UniDBCheckBox6.GroupBox6.pFicha.UniScrollBox1.tabProduto";"Requer Licensa de Importação (LI)";"en-US";"";"Caption";"C:\Projetos\Atlasweb\CadProdutos.dfm"
"UniDBCheckBox7.GroupBox6.pFicha.UniScrollBox1.tabProduto";"Estoque por Navio";"en-US";"";"Caption";"C:\Projetos\Atlasweb\CadProdutos.dfm"
"cDesativado.GroupBox6.pFicha.UniScrollBox1.tabProduto";"Desativado";"en-US";"";"Caption";"C:\Projetos\Atlasweb\CadProdutos.dfm"
"cClassif.pFicha.UniScrollBox1.tabProduto";"Classificação";"en-US";"";"FieldLabel";"C:\Projetos\Atlasweb\CadProdutos.dfm"
"TabParam";"Parâmetros";"en-US";"";"Caption";"C:\Projetos\Atlasweb\CadProdutos.dfm"
"UniPanel4.UniScrollBox5.TabParam";"DADOS GERAIS";"en-US";"";"Title";"C:\Projetos\Atlasweb\CadProdutos.dfm"
"TabSheet2.cDadosDetalhe.UniPanel4.UniScrollBox5.TabParam";"Automóvel Novo";"en-US";"";"Caption";"C:\Projetos\Atlasweb\CadProdutos.dfm"
"cPotencia_Motor.TabSheet2.cDadosDetalhe.UniPanel4.UniScrollBox5.TabParam";"Potência Motor";"en-US";"";"FieldLabel";"C:\Projetos\Atlasweb\CadProdutos.dfm"
"cCilindradas.TabSheet2.cDadosDetalhe.UniPanel4.UniScrollBox5.TabParam";"Cilindradas";"en-US";"";"FieldLabel";"C:\Projetos\Atlasweb\CadProdutos.dfm"
"cCapacidade_Tracao.TabSheet2.cDadosDetalhe.UniPanel4.UniScrollBox5.TabParam";"Capacidade de Tração";"en-US";"";"FieldLabel";"C:\Projetos\Atlasweb\CadProdutos.dfm"
"cDistancia_Eixos.TabSheet2.cDadosDetalhe.UniPanel4.UniScrollBox5.TabParam";"Distância entre Eixos";"en-US";"";"FieldLabel";"C:\Projetos\Atlasweb\CadProdutos.dfm"
"cTipo_Pintura.TabSheet2.cDadosDetalhe.UniPanel4.UniScrollBox5.TabParam";"Tipo de Pintura";"en-US";"";"FieldLabel";"C:\Projetos\Atlasweb\CadProdutos.dfm"
"cCodigo_MarcaModelo.TabSheet2.cDadosDetalhe.UniPanel4.UniScrollBox5.TabParam";"Código Marca/Modelo";"en-US";"";"FieldLabel";"C:\Projetos\Atlasweb\CadProdutos.dfm"
"cPassageiros.TabSheet2.cDadosDetalhe.UniPanel4.UniScrollBox5.TabParam";"Capacidade de Lotação";"en-US";"";"FieldLabel";"C:\Projetos\Atlasweb\CadProdutos.dfm"
"cTipo_Combustivel.TabSheet2.cDadosDetalhe.UniPanel4.UniScrollBox5.TabParam";"Tipo de Combustivel";"en-US";"";"FieldLabel";"C:\Projetos\Atlasweb\CadProdutos.dfm"
"cTipo_Veiculo.TabSheet2.cDadosDetalhe.UniPanel4.UniScrollBox5.TabParam";"Tipo de Veículo";"en-US";"";"FieldLabel";"C:\Projetos\Atlasweb\CadProdutos.dfm"
"UniDBRadioGroup1.TabSheet2.cDadosDetalhe.UniPanel4.UniScrollBox5.TabParam";"Condição (VIN)";"en-US";"";"Caption";"C:\Projetos\Atlasweb\CadProdutos.dfm"
"cEspecie_Veiculo.TabSheet2.cDadosDetalhe.UniPanel4.UniScrollBox5.TabParam";"Espécie de Veículo";"en-US";"";"FieldLabel";"C:\Projetos\Atlasweb\CadProdutos.dfm"
"cCondicao_Veiculo.TabSheet2.cDadosDetalhe.UniPanel4.UniScrollBox5.TabParam";"Condição do Veículo";"en-US";"";"FieldLabel";"C:\Projetos\Atlasweb\CadProdutos.dfm"
"TabSheet5.cDadosDetalhe.UniPanel4.UniScrollBox5.TabParam";"Combustível";"en-US";"";"Caption";"C:\Projetos\Atlasweb\CadProdutos.dfm"
"clCodigo_ANP.TabSheet5.cDadosDetalhe.UniPanel4.UniScrollBox5.TabParam";"Código ANP";"en-US";"";"FieldLabel";"C:\Projetos\Atlasweb\CadProdutos.dfm"
"cDescricao_ANP.TabSheet5.cDadosDetalhe.UniPanel4.UniScrollBox5.TabParam";"Descrição ANP";"en-US";"";"FieldLabel";"C:\Projetos\Atlasweb\CadProdutos.dfm"
"cPercentual_GLGNN.TabSheet5.cDadosDetalhe.UniPanel4.UniScrollBox5.TabParam";"Percentual GLGN (Nacional)";"en-US";"";"FieldLabel";"C:\Projetos\Atlasweb\CadProdutos.dfm"
"cPercentual_GLGNI.TabSheet5.cDadosDetalhe.UniPanel4.UniScrollBox5.TabParam";"Percentual GLGN (Importado)";"en-US";"";"FieldLabel";"C:\Projetos\Atlasweb\CadProdutos.dfm"
"cValor_Partida.TabSheet5.cDadosDetalhe.UniPanel4.UniScrollBox5.TabParam";"Valor de Partida";"en-US";"";"FieldLabel";"C:\Projetos\Atlasweb\CadProdutos.dfm"
"TabSheet4.cDadosDetalhe.UniPanel4.UniScrollBox5.TabParam";"Medicamento";"en-US";"";"Caption";"C:\Projetos\Atlasweb\CadProdutos.dfm"
"cPreco_MaxConsumidor.TabSheet4.cDadosDetalhe.UniPanel4.UniScrollBox5.TabParam";"Preço máximo consumidor";"en-US";"";"FieldLabel";"C:\Projetos\Atlasweb\CadProdutos.dfm"
"TabSheet3.cDadosDetalhe.UniPanel4.UniScrollBox5.TabParam";"Armamento";"en-US";"";"Caption";"C:\Projetos\Atlasweb\CadProdutos.dfm"
"UniTabSheet1.cDadosDetalhe.UniPanel4.UniScrollBox5.TabParam";"Outros";"en-US";"";"Caption";"C:\Projetos\Atlasweb\CadProdutos.dfm"
"GroupBox10.UniPanel4.UniScrollBox5.TabParam";"ANVISA";"en-US";"";"Caption";"C:\Projetos\Atlasweb\CadProdutos.dfm"
"cRegistro_ANVISA.GroupBox10.UniPanel4.UniScrollBox5.TabParam";"Registro";"en-US";"";"FieldLabel";"C:\Projetos\Atlasweb\CadProdutos.dfm"
"cProcesso_ANVISA.GroupBox10.UniPanel4.UniScrollBox5.TabParam";"Processo";"en-US";"";"FieldLabel";"C:\Projetos\Atlasweb\CadProdutos.dfm"
"cVencimento_ANVISA.GroupBox10.UniPanel4.UniScrollBox5.TabParam";"Vencimento";"en-US";"";"FieldLabel";"C:\Projetos\Atlasweb\CadProdutos.dfm"
"GroupBox1.UniPanel4.UniScrollBox5.TabParam";"Parâmentros Comerciais do Produto";"en-US";"";"Caption";"C:\Projetos\Atlasweb\CadProdutos.dfm"
"cPromocao.GroupBox1.UniPanel4.UniScrollBox5.TabParam";"Colocar Produto em Promoção";"en-US";"";"Caption";"C:\Projetos\Atlasweb\CadProdutos.dfm"
"cPromocao_Valor.GroupBox1.UniPanel4.UniScrollBox5.TabParam";"Valor em Promoção";"en-US";"";"FieldLabel";"C:\Projetos\Atlasweb\CadProdutos.dfm"
"GroupBox5.UniPanel4.UniScrollBox5.TabParam";"Localização";"en-US";"";"Caption";"C:\Projetos\Atlasweb\CadProdutos.dfm"
"cArmazem_Nome.GroupBox5.UniPanel4.UniScrollBox5.TabParam";"Armazém";"en-US";"";"FieldLabel";"C:\Projetos\Atlasweb\CadProdutos.dfm"
"cArmazem_Rua.GroupBox5.UniPanel4.UniScrollBox5.TabParam";"Rua";"en-US";"";"FieldLabel";"C:\Projetos\Atlasweb\CadProdutos.dfm"
"cArmazem_Prateleira.GroupBox5.UniPanel4.UniScrollBox5.TabParam";"Prateleira";"en-US";"";"FieldLabel";"C:\Projetos\Atlasweb\CadProdutos.dfm"
"cArmazem_Posicao.GroupBox5.UniPanel4.UniScrollBox5.TabParam";"Posição na Prateleira";"en-US";"";"FieldLabel";"C:\Projetos\Atlasweb\CadProdutos.dfm"
"cDetalhe_Especifico.UniPanel4.UniScrollBox5.TabParam";"Detalhe Específico";"en-US";"";"Caption";"C:\Projetos\Atlasweb\CadProdutos.dfm"
"cClasseIPI.UniPanel4.UniScrollBox5.TabParam";"Classe de Enq. IPI";"en-US";"";"FieldLabel";"C:\Projetos\Atlasweb\CadProdutos.dfm"
"TabValores";"Valores";"en-US";"";"Caption";"C:\Projetos\Atlasweb\CadProdutos.dfm"
"UniPanel2.UniScrollBox3.TabValores";"DADOS GERAIS";"en-US";"";"Title";"C:\Projetos\Atlasweb\CadProdutos.dfm"
"GroupBox11.UniPanel2.UniScrollBox3.TabValores";"Estoque";"en-US";"";"Caption";"C:\Projetos\Atlasweb\CadProdutos.dfm"
"UniDBFormattedNumberEdit1.GroupBox11.UniPanel2.UniScrollBox3.TabValores";"Estoque";"en-US";"";"FieldLabel";"C:\Projetos\Atlasweb\CadProdutos.dfm"
"UniDBFormattedNumberEdit2.GroupBox11.UniPanel2.UniScrollBox3.TabValores";"Terceiros";"en-US";"";"FieldLabel";"C:\Projetos\Atlasweb\CadProdutos.dfm"
"UniDBFormattedNumberEdit3.GroupBox11.UniPanel2.UniScrollBox3.TabValores";"Pedidos";"en-US";"";"FieldLabel";"C:\Projetos\Atlasweb\CadProdutos.dfm"
"cEstoque_MinimoPerc.GroupBox11.UniPanel2.UniScrollBox3.TabValores";"Mínimo Por Percentual";"en-US";"";"FieldLabel";"C:\Projetos\Atlasweb\CadProdutos.dfm"
"cEstoque_Minimo.GroupBox11.UniPanel2.UniScrollBox3.TabValores";"Quantidade Mínima";"en-US";"";"FieldLabel";"C:\Projetos\Atlasweb\CadProdutos.dfm"
"GroupBox12.UniPanel2.UniScrollBox3.TabValores";"Valores";"en-US";"";"Caption";"C:\Projetos\Atlasweb\CadProdutos.dfm"
"cValor_CustoMedio.GroupBox12.UniPanel2.UniScrollBox3.TabValores";"Custo Médio";"en-US";"";"FieldLabel";"C:\Projetos\Atlasweb\CadProdutos.dfm"
"cValor_Venda.GroupBox12.UniPanel2.UniScrollBox3.TabValores";"Venda";"en-US";"";"FieldLabel";"C:\Projetos\Atlasweb\CadProdutos.dfm"
"cValor_ConsumidorFinal.GroupBox12.UniPanel2.UniScrollBox3.TabValores";"Consumidor Final";"en-US";"";"FieldLabel";"C:\Projetos\Atlasweb\CadProdutos.dfm"
"cValor_ME.GroupBox12.UniPanel2.UniScrollBox3.TabValores";"Moeda Estrangeira";"en-US";"";"FieldLabel";"C:\Projetos\Atlasweb\CadProdutos.dfm"
"UniTabSheet2";"Tributos";"en-US";"";"Caption";"C:\Projetos\Atlasweb\CadProdutos.dfm"
"UniPanel5.UniScrollBox6.UniTabSheet2";"DADOS GERAIS";"en-US";"";"Title";"C:\Projetos\Atlasweb\CadProdutos.dfm"
"UniGroupBox10.UniPanel5.UniScrollBox6.UniTabSheet2";"IPI";"en-US";"";"Caption";"C:\Projetos\Atlasweb\CadProdutos.dfm"
"UniDBEdit32.UniGroupBox10.UniPanel5.UniScrollBox6.UniTabSheet2";"Alíquota";"en-US";"";"FieldLabel";"C:\Projetos\Atlasweb\CadProdutos.dfm"
"UniDBEdit33.UniGroupBox10.UniPanel5.UniScrollBox6.UniTabSheet2";"Redução";"en-US";"";"FieldLabel";"C:\Projetos\Atlasweb\CadProdutos.dfm"
"UniDBEdit34.UniGroupBox10.UniPanel5.UniScrollBox6.UniTabSheet2";"Acordo Tarifário";"en-US";"";"FieldLabel";"C:\Projetos\Atlasweb\CadProdutos.dfm"
"UniDBEdit35.UniGroupBox10.UniPanel5.UniScrollBox6.UniTabSheet2";"Valor";"en-US";"";"FieldLabel";"C:\Projetos\Atlasweb\CadProdutos.dfm"
"UniDBLookupComboBox2.UniGroupBox10.UniPanel5.UniScrollBox6.UniTabSheet2";"Classe Enquadramento";"en-US";"";"FieldLabel";"C:\Projetos\Atlasweb\CadProdutos.dfm"
"UniGroupBox11.UniPanel5.UniScrollBox6.UniTabSheet2";"II";"en-US";"";"Caption";"C:\Projetos\Atlasweb\CadProdutos.dfm"
"UniDBEdit36.UniGroupBox11.UniPanel5.UniScrollBox6.UniTabSheet2";"Alíquota";"en-US";"";"FieldLabel";"C:\Projetos\Atlasweb\CadProdutos.dfm"
"UniDBEdit37.UniGroupBox11.UniPanel5.UniScrollBox6.UniTabSheet2";"Valor";"en-US";"";"FieldLabel";"C:\Projetos\Atlasweb\CadProdutos.dfm"
"UniDBEdit38.UniGroupBox11.UniPanel5.UniScrollBox6.UniTabSheet2";"Acordo Tarifário";"en-US";"";"FieldLabel";"C:\Projetos\Atlasweb\CadProdutos.dfm"
"UniDBEdit39.UniGroupBox11.UniPanel5.UniScrollBox6.UniTabSheet2";"Redução";"en-US";"";"FieldLabel";"C:\Projetos\Atlasweb\CadProdutos.dfm"
"UniGroupBox12.UniPanel5.UniScrollBox6.UniTabSheet2";"PIS";"en-US";"";"Caption";"C:\Projetos\Atlasweb\CadProdutos.dfm"
"UniDBEdit40.UniGroupBox12.UniPanel5.UniScrollBox6.UniTabSheet2";"Alíquota";"en-US";"";"FieldLabel";"C:\Projetos\Atlasweb\CadProdutos.dfm"
"UniDBEdit41.UniGroupBox12.UniPanel5.UniScrollBox6.UniTabSheet2";"Alíquota NF Entrada";"en-US";"";"FieldLabel";"C:\Projetos\Atlasweb\CadProdutos.dfm"
"UniDBEdit42.UniGroupBox12.UniPanel5.UniScrollBox6.UniTabSheet2";"Valor";"en-US";"";"FieldLabel";"C:\Projetos\Atlasweb\CadProdutos.dfm"
"UniDBEdit43.UniGroupBox12.UniPanel5.UniScrollBox6.UniTabSheet2";"Alíquota NF Saída";"en-US";"";"FieldLabel";"C:\Projetos\Atlasweb\CadProdutos.dfm"
"UniDBEdit44.UniGroupBox12.UniPanel5.UniScrollBox6.UniTabSheet2";"Redução";"en-US";"";"FieldLabel";"C:\Projetos\Atlasweb\CadProdutos.dfm"
"UniGroupBox13.UniPanel5.UniScrollBox6.UniTabSheet2";"ICMS";"en-US";"";"Caption";"C:\Projetos\Atlasweb\CadProdutos.dfm"
"UniDBEdit45.UniGroupBox13.UniPanel5.UniScrollBox6.UniTabSheet2";"Dentro Estado (Entrada)";"en-US";"";"FieldLabel";"C:\Projetos\Atlasweb\CadProdutos.dfm"
"UniDBEdit46.UniGroupBox13.UniPanel5.UniScrollBox6.UniTabSheet2";"Fora Estado (Entrada)";"en-US";"";"FieldLabel";"C:\Projetos\Atlasweb\CadProdutos.dfm"
"UniDBEdit47.UniGroupBox13.UniPanel5.UniScrollBox6.UniTabSheet2";"Fora Estado (Saída)";"en-US";"";"FieldLabel";"C:\Projetos\Atlasweb\CadProdutos.dfm"
"UniDBEdit48.UniGroupBox13.UniPanel5.UniScrollBox6.UniTabSheet2";"Dentro Estado (Saída)";"en-US";"";"FieldLabel";"C:\Projetos\Atlasweb\CadProdutos.dfm"
"UniDBEdit49.UniGroupBox13.UniPanel5.UniScrollBox6.UniTabSheet2";"Dentro Estado (Simples)";"en-US";"";"FieldLabel";"C:\Projetos\Atlasweb\CadProdutos.dfm"
"UniDBEdit50.UniGroupBox13.UniPanel5.UniScrollBox6.UniTabSheet2";"Redução";"en-US";"";"FieldLabel";"C:\Projetos\Atlasweb\CadProdutos.dfm"
"UniGroupBox14.UniPanel5.UniScrollBox6.UniTabSheet2";"COFINS";"en-US";"";"Caption";"C:\Projetos\Atlasweb\CadProdutos.dfm"
"UniDBEdit51.UniGroupBox14.UniPanel5.UniScrollBox6.UniTabSheet2";"Alíquota";"en-US";"";"FieldLabel";"C:\Projetos\Atlasweb\CadProdutos.dfm"
"UniDBEdit52.UniGroupBox14.UniPanel5.UniScrollBox6.UniTabSheet2";"Alíquota NF Entrada";"en-US";"";"FieldLabel";"C:\Projetos\Atlasweb\CadProdutos.dfm"
"UniDBEdit53.UniGroupBox14.UniPanel5.UniScrollBox6.UniTabSheet2";"Valor";"en-US";"";"FieldLabel";"C:\Projetos\Atlasweb\CadProdutos.dfm"
"UniDBEdit54.UniGroupBox14.UniPanel5.UniScrollBox6.UniTabSheet2";"Alíquota NF Saída";"en-US";"";"FieldLabel";"C:\Projetos\Atlasweb\CadProdutos.dfm"
"UniDBEdit55.UniGroupBox14.UniPanel5.UniScrollBox6.UniTabSheet2";"Redução";"en-US";"";"FieldLabel";"C:\Projetos\Atlasweb\CadProdutos.dfm"
"TabSheet1";"Tributos";"en-US";"";"Caption";"C:\Projetos\Atlasweb\CadProdutos.dfm"
"UniPanel8.UniScrollBox9.TabSheet1";"DADOS GERAIS";"en-US";"";"Title";"C:\Projetos\Atlasweb\CadProdutos.dfm"
"cTributo.pTributo";"Tributo";"en-US";"";"FieldLabel";"C:\Projetos\Atlasweb\CadProdutos.dfm"
"cUF.pTributo";"Estado";"en-US";"";"FieldLabel";"C:\Projetos\Atlasweb\CadProdutos.dfm"
"cModalidade.pTributo";"Modalidade de Importação";"en-US";"";"FieldLabel";"C:\Projetos\Atlasweb\CadProdutos.dfm"
"cAliquota.pTributo";"Alíquota";"en-US";"";"FieldLabel";"C:\Projetos\Atlasweb\CadProdutos.dfm"
"UniDBFormattedNumberEdit17.pTributo";"Valor";"en-US";"";"FieldLabel";"C:\Projetos\Atlasweb\CadProdutos.dfm"
"TabCST";"CST";"en-US";"";"Caption";"C:\Projetos\Atlasweb\CadProdutos.dfm"
"UniPanel1.UniScrollBox2.TabCST";"DADOS GERAIS";"en-US";"";"Title";"C:\Projetos\Atlasweb\CadProdutos.dfm"
"clCSTPIS_Entrada.UniPanel1.UniScrollBox2.TabCST";"CST PIS (Entrada)";"en-US";"";"FieldLabel";"C:\Projetos\Atlasweb\CadProdutos.dfm"
"clCSTCOFINS_Entrada.UniPanel1.UniScrollBox2.TabCST";"CST COFINS (Entrada)";"en-US";"";"FieldLabel";"C:\Projetos\Atlasweb\CadProdutos.dfm"
"GrupoPIS.UniPanel1.UniScrollBox2.TabCST";"Situação Tributária PIS (Saída)";"en-US";"";"Caption";"C:\Projetos\Atlasweb\CadProdutos.dfm"
"cCSTPIS_AliquotaUM.GrupoPIS.UniPanel1.UniScrollBox2.TabCST";"Tributável c/Alíquota por Unidade de Medida";"en-US";"";"Caption";"C:\Projetos\Atlasweb\CadProdutos.dfm"
"cCSTPIS_Monofasica.GrupoPIS.UniPanel1.UniScrollBox2.TabCST";"Tributável Monofásica (Revenda a Alíq.Zero)";"en-US";"";"Caption";"C:\Projetos\Atlasweb\CadProdutos.dfm"
"cCSTPIS_AliquotaZero.GrupoPIS.UniPanel1.UniScrollBox2.TabCST";"Tributável a Alíquota Zero";"en-US";"";"Caption";"C:\Projetos\Atlasweb\CadProdutos.dfm"
"cCSTPIS_Isenta.GrupoPIS.UniPanel1.UniScrollBox2.TabCST";"Isenta da Contribuição";"en-US";"";"Caption";"C:\Projetos\Atlasweb\CadProdutos.dfm"
"cCSTPIS_Suspensao.GrupoPIS.UniPanel1.UniScrollBox2.TabCST";"Suspensão da Contribuição";"en-US";"";"Caption";"C:\Projetos\Atlasweb\CadProdutos.dfm"
"cCSTPIS_SemIncidencia.GrupoPIS.UniPanel1.UniScrollBox2.TabCST";"Sem Incidência da Contribuição";"en-US";"";"Caption";"C:\Projetos\Atlasweb\CadProdutos.dfm"
"cCSTPIS_Outras.GrupoPIS.UniPanel1.UniScrollBox2.TabCST";"Outras Operações";"en-US";"";"Caption";"C:\Projetos\Atlasweb\CadProdutos.dfm"
"GrupoCOFINS.UniPanel1.UniScrollBox2.TabCST";"Situação Tributária da COFINS (Entrada)";"en-US";"";"Caption";"C:\Projetos\Atlasweb\CadProdutos.dfm"
"cCSTCOFINS_AliquotaUMEnt.GrupoCOFINS.UniPanel1.UniScrollBox2.TabCST";"Tributável c/Alíquota por Unidade de Medida";"en-US";"";"Caption";"C:\Projetos\Atlasweb\CadProdutos.dfm"
"cCSTCOFINS_MonofasicaEnt.GrupoCOFINS.UniPanel1.UniScrollBox2.TabCST";"Tributável Monofásica (Revenda a Alíq Zero)";"en-US";"";"Caption";"C:\Projetos\Atlasweb\CadProdutos.dfm"
"cCSTCOFINS_AliquotaZeroEnt.GrupoCOFINS.UniPanel1.UniScrollBox2.TabCST";"Tributável a Alíquota Zero";"en-US";"";"Caption";"C:\Projetos\Atlasweb\CadProdutos.dfm"
"cCSTCOFINS_IsentaEnt.GrupoCOFINS.UniPanel1.UniScrollBox2.TabCST";"Isenta da Contribuição";"en-US";"";"Caption";"C:\Projetos\Atlasweb\CadProdutos.dfm"
"cCSTCOFINS_SuspensaoEnt.GrupoCOFINS.UniPanel1.UniScrollBox2.TabCST";"Suspensão da Contribuição";"en-US";"";"Caption";"C:\Projetos\Atlasweb\CadProdutos.dfm"
"cCSTCOFINS_SemIncidenciaEnt.GrupoCOFINS.UniPanel1.UniScrollBox2.TabCST";"Sem Incidência da Contribuição";"en-US";"";"Caption";"C:\Projetos\Atlasweb\CadProdutos.dfm"
"cCSTCOFINS_OutrasEnt.GrupoCOFINS.UniPanel1.UniScrollBox2.TabCST";"Outras Operações de Entrada";"en-US";"";"Caption";"C:\Projetos\Atlasweb\CadProdutos.dfm"
"GroupBox3.UniPanel1.UniScrollBox2.TabCST";"Situação Tributária do PIS (Entrada)";"en-US";"";"Caption";"C:\Projetos\Atlasweb\CadProdutos.dfm"
"cCSTPIS_AliquotaUMEnt.GroupBox3.UniPanel1.UniScrollBox2.TabCST";"Tributável c/Alíquota por Unidade de Medida";"en-US";"";"Caption";"C:\Projetos\Atlasweb\CadProdutos.dfm"
"cCSTPIS_MonofasicaEnt.GroupBox3.UniPanel1.UniScrollBox2.TabCST";"Tributável Monofásica (Revenda a Alíq.Zero)";"en-US";"";"Caption";"C:\Projetos\Atlasweb\CadProdutos.dfm"
"cCSTPIS_AliquotaZeroEnt.GroupBox3.UniPanel1.UniScrollBox2.TabCST";"Tributável a Alíquota Zero";"en-US";"";"Caption";"C:\Projetos\Atlasweb\CadProdutos.dfm"
"cCSTPIS_IsentaEnt.GroupBox3.UniPanel1.UniScrollBox2.TabCST";"Isenta da Contribuição";"en-US";"";"Caption";"C:\Projetos\Atlasweb\CadProdutos.dfm"
"cCSTPIS_SuspensaoEnt.GroupBox3.UniPanel1.UniScrollBox2.TabCST";"Suspensão da Contribuição";"en-US";"";"Caption";"C:\Projetos\Atlasweb\CadProdutos.dfm"
"cCSTPIS_SemIncidenciaEnt.GroupBox3.UniPanel1.UniScrollBox2.TabCST";"Sem Incidência da Contribuição";"en-US";"";"Caption";"C:\Projetos\Atlasweb\CadProdutos.dfm"
"cCSTPIS_OutrasEnt.GroupBox3.UniPanel1.UniScrollBox2.TabCST";"Outras Operações de Entrada";"en-US";"";"Caption";"C:\Projetos\Atlasweb\CadProdutos.dfm"
"GroupBox4.UniPanel1.UniScrollBox2.TabCST";"Situação Tributária da COFINS (Saída)";"en-US";"";"Caption";"C:\Projetos\Atlasweb\CadProdutos.dfm"
"cCSTCOFINS_AliquotaUM.GroupBox4.UniPanel1.UniScrollBox2.TabCST";"Tributável c/Alíquota por Unidade de Medida";"en-US";"";"Caption";"C:\Projetos\Atlasweb\CadProdutos.dfm"
"cCSTCOFINS_Monofasica.GroupBox4.UniPanel1.UniScrollBox2.TabCST";"Tributável Monofásica (Revenda a Alíq Zero)";"en-US";"";"Caption";"C:\Projetos\Atlasweb\CadProdutos.dfm"
"cCSTCOFINS_AliquotaZero.GroupBox4.UniPanel1.UniScrollBox2.TabCST";"Tributável a Alíquota Zero";"en-US";"";"Caption";"C:\Projetos\Atlasweb\CadProdutos.dfm"
"cCSTCOFINS_Isenta.GroupBox4.UniPanel1.UniScrollBox2.TabCST";"Isenta da Contribuição";"en-US";"";"Caption";"C:\Projetos\Atlasweb\CadProdutos.dfm"
"cCSTCOFINS_Suspensao.GroupBox4.UniPanel1.UniScrollBox2.TabCST";"Suspensão da Contribuição";"en-US";"";"Caption";"C:\Projetos\Atlasweb\CadProdutos.dfm"
"cCSTCOFINS_SemIncidencia.GroupBox4.UniPanel1.UniScrollBox2.TabCST";"Sem Incidência da Contribuição";"en-US";"";"Caption";"C:\Projetos\Atlasweb\CadProdutos.dfm"
"cCSTCOFINS_Outras.GroupBox4.UniPanel1.UniScrollBox2.TabCST";"Outras Operações";"en-US";"";"Caption";"C:\Projetos\Atlasweb\CadProdutos.dfm"
"TabDesc";"Comissão / Desconto";"en-US";"";"Caption";"C:\Projetos\Atlasweb\CadProdutos.dfm"
"UniPanel3.UniScrollBox4.TabDesc";"DADOS GERAIS";"en-US";"";"Title";"C:\Projetos\Atlasweb\CadProdutos.dfm"
"GroupBox8.UniPanel3.UniScrollBox4.TabDesc";"Comissão e descontos pré fixados";"en-US";"";"Caption";"C:\Projetos\Atlasweb\CadProdutos.dfm"
"cDesconto_A.GroupBox8.UniPanel3.UniScrollBox4.TabDesc";"Desconto";"en-US";"";"FieldLabel";"C:\Projetos\Atlasweb\CadProdutos.dfm"
"cDesconto_B.GroupBox8.UniPanel3.UniScrollBox4.TabDesc";"Desconto";"en-US";"";"FieldLabel";"C:\Projetos\Atlasweb\CadProdutos.dfm"
"cDesconto_C.GroupBox8.UniPanel3.UniScrollBox4.TabDesc";"Desconto";"en-US";"";"FieldLabel";"C:\Projetos\Atlasweb\CadProdutos.dfm"
"cDesconto_D.GroupBox8.UniPanel3.UniScrollBox4.TabDesc";"Desconto";"en-US";"";"FieldLabel";"C:\Projetos\Atlasweb\CadProdutos.dfm"
"cDesconto_E.GroupBox8.UniPanel3.UniScrollBox4.TabDesc";"Desconto";"en-US";"";"FieldLabel";"C:\Projetos\Atlasweb\CadProdutos.dfm"
"cComissao_A.GroupBox8.UniPanel3.UniScrollBox4.TabDesc";"Comissão";"en-US";"";"FieldLabel";"C:\Projetos\Atlasweb\CadProdutos.dfm"
"cComissao_B.GroupBox8.UniPanel3.UniScrollBox4.TabDesc";"Comissão";"en-US";"";"FieldLabel";"C:\Projetos\Atlasweb\CadProdutos.dfm"
"cComissao_C.GroupBox8.UniPanel3.UniScrollBox4.TabDesc";"Comissão";"en-US";"";"FieldLabel";"C:\Projetos\Atlasweb\CadProdutos.dfm"
"cComissao_D.GroupBox8.UniPanel3.UniScrollBox4.TabDesc";"Comissão";"en-US";"";"FieldLabel";"C:\Projetos\Atlasweb\CadProdutos.dfm"
"cComissao_E.GroupBox8.UniPanel3.UniScrollBox4.TabDesc";"Comissão";"en-US";"";"FieldLabel";"C:\Projetos\Atlasweb\CadProdutos.dfm"
"cBloqueio_A.GroupBox8.UniPanel3.UniScrollBox4.TabDesc";"Bloquear";"en-US";"";"Caption";"C:\Projetos\Atlasweb\CadProdutos.dfm"
"cBloqueio_B.GroupBox8.UniPanel3.UniScrollBox4.TabDesc";"Bloquear";"en-US";"";"Caption";"C:\Projetos\Atlasweb\CadProdutos.dfm"
"cBloqueio_C.GroupBox8.UniPanel3.UniScrollBox4.TabDesc";"Bloquear";"en-US";"";"Caption";"C:\Projetos\Atlasweb\CadProdutos.dfm"
"cBloqueio_D.GroupBox8.UniPanel3.UniScrollBox4.TabDesc";"Bloquear";"en-US";"";"Caption";"C:\Projetos\Atlasweb\CadProdutos.dfm"
"cBloqueio_E.GroupBox8.UniPanel3.UniScrollBox4.TabDesc";"Bloquear";"en-US";"";"Caption";"C:\Projetos\Atlasweb\CadProdutos.dfm"
"cValor_VendaA.GroupBox8.UniPanel3.UniScrollBox4.TabDesc";"Valor Venda";"en-US";"";"FieldLabel";"C:\Projetos\Atlasweb\CadProdutos.dfm"
"cValor_VendaB.GroupBox8.UniPanel3.UniScrollBox4.TabDesc";"Valor Venda";"en-US";"";"FieldLabel";"C:\Projetos\Atlasweb\CadProdutos.dfm"
"cValor_VendaC.GroupBox8.UniPanel3.UniScrollBox4.TabDesc";"Valor Venda";"en-US";"";"FieldLabel";"C:\Projetos\Atlasweb\CadProdutos.dfm"
"cValor_VendaD.GroupBox8.UniPanel3.UniScrollBox4.TabDesc";"Valor Venda";"en-US";"";"FieldLabel";"C:\Projetos\Atlasweb\CadProdutos.dfm"
"cValor_VendaE.GroupBox8.UniPanel3.UniScrollBox4.TabDesc";"Valor Venda";"en-US";"";"FieldLabel";"C:\Projetos\Atlasweb\CadProdutos.dfm"
"UniLabel1.GroupBox8.UniPanel3.UniScrollBox4.TabDesc";"Tabela - A";"en-US";"";"Caption";"C:\Projetos\Atlasweb\CadProdutos.dfm"
"UniLabel2.GroupBox8.UniPanel3.UniScrollBox4.TabDesc";"Tabela - B";"en-US";"";"Caption";"C:\Projetos\Atlasweb\CadProdutos.dfm"
"UniLabel3.GroupBox8.UniPanel3.UniScrollBox4.TabDesc";"Tabela - C";"en-US";"";"Caption";"C:\Projetos\Atlasweb\CadProdutos.dfm"
"UniLabel4.GroupBox8.UniPanel3.UniScrollBox4.TabDesc";"Tabela - D";"en-US";"";"Caption";"C:\Projetos\Atlasweb\CadProdutos.dfm"
"UniLabel5.GroupBox8.UniPanel3.UniScrollBox4.TabDesc";"Tabela - E";"en-US";"";"Caption";"C:\Projetos\Atlasweb\CadProdutos.dfm"
"GroupBox7.UniPanel3.UniScrollBox4.TabDesc";"Comissão por redução de desconto";"en-US";"";"Caption";"C:\Projetos\Atlasweb\CadProdutos.dfm"
"cComissao.GroupBox7.UniPanel3.UniScrollBox4.TabDesc";"Comissão Venda";"en-US";"";"FieldLabel";"C:\Projetos\Atlasweb\CadProdutos.dfm"
"cReducao_Comissao.GroupBox7.UniPanel3.UniScrollBox4.TabDesc";"Perc.Redução Comissão";"en-US";"";"FieldLabel";"C:\Projetos\Atlasweb\CadProdutos.dfm"
"clTabela.UniPanel3.UniScrollBox4.TabDesc";"Tabela Comissões";"en-US";"";"FieldLabel";"C:\Projetos\Atlasweb\CadProdutos.dfm"
"aLista.Pasta.fCadProdutosDetalhes";"Lista";"en-US";"";"Caption";"C:\Projetos\Atlasweb\CadProdutosDetalhes.dfm"
"cDetalhe.pFicha.UniScrollBox1.UniTabSheet1";"Detalhe";"en-US";"";"FieldLabel";"C:\Projetos\Atlasweb\CadProdutosDetalhes.dfm"
"cNota.pFicha.UniScrollBox1.UniTabSheet1";"Nota Fiscal de Entrada";"en-US";"";"FieldLabel";"C:\Projetos\Atlasweb\CadProdutosDetalhes.dfm"
"cQuantidade_Entrada.pFicha.UniScrollBox1.UniTabSheet1";"Quantidade Entrada";"en-US";"";"FieldLabel";"C:\Projetos\Atlasweb\CadProdutosDetalhes.dfm"
"cData_Entrada.pFicha.UniScrollBox1.UniTabSheet1";"Data da Nota";"en-US";"";"FieldLabel";"C:\Projetos\Atlasweb\CadProdutosDetalhes.dfm"
"cProduto.pFicha.UniScrollBox1.UniTabSheet1";"Produto";"en-US";"";"FieldLabel";"C:\Projetos\Atlasweb\CadProdutosDetalhes.dfm"
"cProcesso.pFicha.UniScrollBox1.UniTabSheet1";"Processo";"en-US";"";"FieldLabel";"C:\Projetos\Atlasweb\CadProdutosDetalhes.dfm"
"bRelacionar.pBarraNav.fCadProdutosLinhas";"Relacionar NCM";"en-US";"";"Caption";"C:\Projetos\Atlasweb\CadProdutosLinhas.dfm"
"aLista.Pasta.fCadProdutosLinhas";"Lista";"en-US";"";"Caption";"C:\Projetos\Atlasweb\CadProdutosLinhas.dfm"
"UniTabSheet1.fCadProdutosLinhas";"Dados Gerais";"en-US";"";"Caption";"C:\Projetos\Atlasweb\CadProdutosLinhas.dfm"
"pFicha.UniScrollBox1.UniTabSheet1.fCadProdutosLinhas";"DADOS GERAIS";"en-US";"";"Title";"C:\Projetos\Atlasweb\CadProdutosLinhas.dfm"
"cCodigo.pFicha.UniScrollBox1.UniTabSheet1.fCadProdutosLinhas";"Código";"en-US";"";"FieldLabel";"C:\Projetos\Atlasweb\CadProdutosLinhas.dfm"
"cDescricao.pFicha.UniScrollBox1.UniTabSheet1.fCadProdutosLinhas";"Descrição";"en-US";"";"FieldLabel";"C:\Projetos\Atlasweb\CadProdutosLinhas.dfm"
"aLista.Pasta.fCadProdutosLotes";"Lista";"en-US";"";"Caption";"C:\Projetos\Atlasweb\CadProdutosLotes.dfm"
"cData_Fabricacao.pFicha.UniScrollBox1.UniTabSheet1";"Data da Fabricação";"en-US";"";"FieldLabel";"C:\Projetos\Atlasweb\CadProdutosLotes.dfm"
"cDescricao.pFicha.UniScrollBox1.UniTabSheet1";"Descrição do Lote";"en-US";"";"FieldLabel";"C:\Projetos\Atlasweb\CadProdutosLotes.dfm"
"cData_Validade.pFicha.UniScrollBox1.UniTabSheet1";"Data de Validade";"en-US";"";"FieldLabel";"C:\Projetos\Atlasweb\CadProdutosLotes.dfm"
"cLote.pFicha.UniScrollBox1.UniTabSheet1";"Nº do Lote";"en-US";"";"FieldLabel";"C:\Projetos\Atlasweb\CadProdutosLotes.dfm"
"aLista.Pasta.fCadProdutosMateriaPrima";"Lista";"en-US";"";"Caption";"C:\Projetos\Atlasweb\CadProdutosMateriaPrima.dfm"
"UniTabSheet1.fCadProdutosMateriaPrima";"Dados Gerais";"en-US";"";"Caption";"C:\Projetos\Atlasweb\CadProdutosMateriaPrima.dfm"
"pFicha.UniScrollBox1.UniTabSheet1.fCadProdutosMateriaPrima";"DADOS GERAIS";"en-US";"";"Title";"C:\Projetos\Atlasweb\CadProdutosMateriaPrima.dfm"
"cCodigo_MateriaPrima.pFicha.UniScrollBox1.UniTabSheet1.fCadProdutosMateriaPrima";"Matéria Prima";"en-US";"";"FieldLabel";"C:\Projetos\Atlasweb\CadProdutosMateriaPrima.dfm"
"cConversao_M2M3.pFicha.UniScrollBox1.UniTabSheet1.fCadProdutosMateriaPrima";"Converter de Metro Cúbico (M2) para Metro Quadrado (M3).";"en-US";"";"Caption";"C:\Projetos\Atlasweb\CadProdutosMateriaPrima.dfm"
"cQuantidade_Utilizada.pFicha.UniScrollBox1.UniTabSheet1.fCadProdutosMateriaPrima";"Quantidade Utilizada";"en-US";"";"FieldLabel";"C:\Projetos\Atlasweb\CadProdutosMateriaPrima.dfm"
"cCodigo_Produto.pFicha.UniScrollBox1.UniTabSheet1.fCadProdutosMateriaPrima";"Produto";"en-US";"";"FieldLabel";"C:\Projetos\Atlasweb\CadProdutosMateriaPrima.dfm"
"aLista.Pasta.fCadRamoAtividade";"Lista";"en-US";"";"Caption";"C:\Projetos\Atlasweb\CadRamoAtividade.dfm"
"cComissionado.pFicha1.UniScrollBox1.UniTabSheet1";"Comissionado";"en-US";"";"Caption";"C:\Projetos\Atlasweb\CadRamoAtividade.dfm"
"aLista.Pasta.fCadRecursos";"Lista";"en-US";"";"Caption";"C:\Projetos\Atlasweb\CadRecursos.dfm"
"UniTabSheet1.fCadRecursos";"Dados Gerais";"en-US";"";"Caption";"C:\Projetos\Atlasweb\CadRecursos.dfm"
"pFicha.UniScrollBox1.UniTabSheet1.fCadRecursos";"DADOS GERAIS";"en-US";"";"Title";"C:\Projetos\Atlasweb\CadRecursos.dfm"
"cCodigo.pFicha.UniScrollBox1.UniTabSheet1.fCadRecursos";"Código";"en-US";"";"FieldLabel";"C:\Projetos\Atlasweb\CadRecursos.dfm"
"cDescricao.pFicha.UniScrollBox1.UniTabSheet1.fCadRecursos";"Descrição";"en-US";"";"FieldLabel";"C:\Projetos\Atlasweb\CadRecursos.dfm"
"aLista.Pasta.fCadSeriais";"Lista";"en-US";"";"Caption";"C:\Projetos\Atlasweb\CadSeriais.dfm"
"pFicha.ScrollBox.UniTabSheet1";"DADOS GERAIS";"en-US";"";"Title";"C:\Projetos\Atlasweb\CadSeriais.dfm"
"cNumero.pFicha.ScrollBox.UniTabSheet1";"Número";"en-US";"";"FieldLabel";"C:\Projetos\Atlasweb\CadSeriais.dfm"
"UniDBLookupComboBox2.pFicha.ScrollBox.UniTabSheet1";"Cor";"en-US";"";"FieldLabel";"C:\Projetos\Atlasweb\CadSeriais.dfm"
"UniDBComboBox1.pFicha.ScrollBox.UniTabSheet1";"Tipo";"en-US";"";"FieldLabel";"C:\Projetos\Atlasweb\CadSeriais.dfm"
"cProcesso.pFicha.ScrollBox.UniTabSheet1";"Processo";"en-US";"";"FieldLabel";"C:\Projetos\Atlasweb\CadSeriais.dfm"
"UniDBEdit3.pFicha.ScrollBox.UniTabSheet1";"Modelo - Ano";"en-US";"";"FieldLabel";"C:\Projetos\Atlasweb\CadSeriais.dfm"
"UniDBEdit4.pFicha.ScrollBox.UniTabSheet1";"Fabricação - Ano";"en-US";"";"FieldLabel";"C:\Projetos\Atlasweb\CadSeriais.dfm"
"cProduto.pFicha.ScrollBox.UniTabSheet1";"Produto";"en-US";"";"FieldLabel";"C:\Projetos\Atlasweb\CadSeriais.dfm"
"UniDBLookupComboBox5.pFicha.ScrollBox.UniTabSheet1";"Cor DENATRAN";"en-US";"";"FieldLabel";"C:\Projetos\Atlasweb\CadSeriais.dfm"
"UniTabSheet2";"Notas Fiscais";"en-US";"";"Caption";"C:\Projetos\Atlasweb\CadSeriais.dfm"
"cData.UniGroupBox1.pNotas";"Data da Nota";"en-US";"";"FieldLabel";"C:\Projetos\Atlasweb\CadSeriais.dfm"
"UniDBRadioGroup1.UniGroupBox1.pNotas";"Tipo de Nota";"en-US";"";"Caption";"C:\Projetos\Atlasweb\CadSeriais.dfm"
"UniDBRadioGroup2.UniGroupBox1.pNotas";"Emissor";"en-US";"";"Caption";"C:\Projetos\Atlasweb\CadSeriais.dfm"
"cNota.UniGroupBox1.pNotas";"Nota Fiscal";"en-US";"";"FieldLabel";"C:\Projetos\Atlasweb\CadSeriais.dfm"
"cChave.UniGroupBox1.pNotas";"Chave NF-e";"en-US";"";"FieldLabel";"C:\Projetos\Atlasweb\CadSeriais.dfm"
"aLista.Pasta.fCadServicos";"Lista";"en-US";"";"Caption";"C:\Projetos\Atlasweb\CadServicos.dfm"
"cAtivo.pFicha1.UniScrollBox1.UniTabSheet1";"Desativado";"en-US";"";"Caption";"C:\Projetos\Atlasweb\CadServicos.dfm"
"cIndustria.pFicha1.UniScrollBox1.UniTabSheet1";"Industria";"en-US";"";"Caption";"C:\Projetos\Atlasweb\CadServicos.dfm"
"cPIS_Recuperar.pFicha1.UniScrollBox1.UniTabSheet1";"PIS a Recuperar";"en-US";"";"FieldLabel";"C:\Projetos\Atlasweb\CadServicos.dfm"
"cPIS_Recolher.pFicha1.UniScrollBox1.UniTabSheet1";"PIS a Recolher";"en-US";"";"FieldLabel";"C:\Projetos\Atlasweb\CadServicos.dfm"
"cCOFINS_Recuperar.pFicha1.UniScrollBox1.UniTabSheet1";"COFINS a Recuperar";"en-US";"";"FieldLabel";"C:\Projetos\Atlasweb\CadServicos.dfm"
"cCOFINS_Recolher.pFicha1.UniScrollBox1.UniTabSheet1";"COFINS a Recolher";"en-US";"";"FieldLabel";"C:\Projetos\Atlasweb\CadServicos.dfm"
"cCSLL_Recuperar.pFicha1.UniScrollBox1.UniTabSheet1";"CSLL a Recuperar";"en-US";"";"FieldLabel";"C:\Projetos\Atlasweb\CadServicos.dfm"
"cCSLL_Recolher.pFicha1.UniScrollBox1.UniTabSheet1";"CSLL a Recolher";"en-US";"";"FieldLabel";"C:\Projetos\Atlasweb\CadServicos.dfm"
"cIR_Recuperar.pFicha1.UniScrollBox1.UniTabSheet1";"IR a Recuperar";"en-US";"";"FieldLabel";"C:\Projetos\Atlasweb\CadServicos.dfm"
"cIR_Recolher.pFicha1.UniScrollBox1.UniTabSheet1";"IR a Recolher";"en-US";"";"FieldLabel";"C:\Projetos\Atlasweb\CadServicos.dfm"
"cINSS_Recuperar.pFicha1.UniScrollBox1.UniTabSheet1";"INSS a Recuperar";"en-US";"";"FieldLabel";"C:\Projetos\Atlasweb\CadServicos.dfm"
"cINSS_Recolher.pFicha1.UniScrollBox1.UniTabSheet1";"INSS a Recolher";"en-US";"";"FieldLabel";"C:\Projetos\Atlasweb\CadServicos.dfm"
"UniDBEdit1.pFicha1.UniScrollBox1.UniTabSheet1";"PIS não cumulativo";"en-US";"";"FieldLabel";"C:\Projetos\Atlasweb\CadServicos.dfm"
"UniDBEdit2.pFicha1.UniScrollBox1.UniTabSheet1";"COFINS não cumulativo";"en-US";"";"FieldLabel";"C:\Projetos\Atlasweb\CadServicos.dfm"
"UniDBEdit3.pFicha1.UniScrollBox1.UniTabSheet1";"Limite do PIS";"en-US";"";"FieldLabel";"C:\Projetos\Atlasweb\CadServicos.dfm"
"UniDBEdit4.pFicha1.UniScrollBox1.UniTabSheet1";"Limite da COFINS";"en-US";"";"FieldLabel";"C:\Projetos\Atlasweb\CadServicos.dfm"
"UniDBEdit5.pFicha1.UniScrollBox1.UniTabSheet1";"Limite do IR";"en-US";"";"FieldLabel";"C:\Projetos\Atlasweb\CadServicos.dfm"
"UniDBEdit6.pFicha1.UniScrollBox1.UniTabSheet1";"Limite da CSLL";"en-US";"";"FieldLabel";"C:\Projetos\Atlasweb\CadServicos.dfm"
"UniDBEdit7.pFicha1.UniScrollBox1.UniTabSheet1";"Limite do INSS";"en-US";"";"FieldLabel";"C:\Projetos\Atlasweb\CadServicos.dfm"
"clCSTCOFINS_Entrada.pFicha1.UniScrollBox1.UniTabSheet1";"CST PIS (Saída)";"en-US";"";"FieldLabel";"C:\Projetos\Atlasweb\CadServicos.dfm"
"cCSTPIS_Entrada.pFicha1.UniScrollBox1.UniTabSheet1";"CST PIS (Entrada)";"en-US";"";"FieldLabel";"C:\Projetos\Atlasweb\CadServicos.dfm"
"cCSTCOFINS_Entrada.pFicha1.UniScrollBox1.UniTabSheet1";"CST COFINS (Entrada)";"en-US";"";"FieldLabel";"C:\Projetos\Atlasweb\CadServicos.dfm"
"cCSTCOFINS_Saida.pFicha1.UniScrollBox1.UniTabSheet1";"CST COFINS (Saída)";"en-US";"";"FieldLabel";"C:\Projetos\Atlasweb\CadServicos.dfm"
"aLista.Pasta.fCadTabelaComissoes";"Lista";"en-US";"";"Caption";"C:\Projetos\Atlasweb\CadTabelaComissoes.dfm"
"UniTabSheet1.fCadTabelaComissoes";"Dados Gerais";"en-US";"";"Caption";"C:\Projetos\Atlasweb\CadTabelaComissoes.dfm"
"pFicha.UniScrollBox1.UniTabSheet1.fCadTabelaComissoes";"DADOS GERAIS";"en-US";"";"Title";"C:\Projetos\Atlasweb\CadTabelaComissoes.dfm"
"cDesconto.pFicha.UniScrollBox1.UniTabSheet1.fCadTabelaComissoes";"Desconto";"en-US";"";"FieldLabel";"C:\Projetos\Atlasweb\CadTabelaComissoes.dfm"
"cComissao.pFicha.UniScrollBox1.UniTabSheet1.fCadTabelaComissoes";"Comissão";"en-US";"";"FieldLabel";"C:\Projetos\Atlasweb\CadTabelaComissoes.dfm"
"cDescricao.pFicha.UniScrollBox1.UniTabSheet1.fCadTabelaComissoes";"Descrição";"en-US";"";"FieldLabel";"C:\Projetos\Atlasweb\CadTabelaComissoes.dfm"
"cCodigo.pFicha.UniScrollBox1.UniTabSheet1.fCadTabelaComissoes";"Código";"en-US";"";"FieldLabel";"C:\Projetos\Atlasweb\CadTabelaComissoes.dfm"
"aLista.Pasta.fCadTabelaPISCOFINS";"Lista";"en-US";"";"Caption";"C:\Projetos\Atlasweb\CadTabelaPISCOFINS.dfm"
"cEntrada.pFicha.UniScrollBox1.UniTabSheet1";"Entrada";"en-US";"";"FieldLabel";"C:\Projetos\Atlasweb\CadTabelaPISCOFINS.dfm"
"cRegime_Apuracao.pFicha.UniScrollBox1.UniTabSheet1";"Regime de Apuração";"en-US";"";"Caption";"C:\Projetos\Atlasweb\CadTabelaPISCOFINS.dfm"
"cSaida.pFicha.UniScrollBox1.UniTabSheet1";"Saída";"en-US";"";"FieldLabel";"C:\Projetos\Atlasweb\CadTabelaPISCOFINS.dfm"
"cMajorada.pFicha.UniScrollBox1.UniTabSheet1";"Alíquota na DI";"en-US";"";"FieldLabel";"C:\Projetos\Atlasweb\CadTabelaPISCOFINS.dfm"
"cImposto.pFicha.UniScrollBox1.UniTabSheet1";"Imposto";"en-US";"";"FieldLabel";"C:\Projetos\Atlasweb\CadTabelaPISCOFINS.dfm"
"cTipo.pFicha.UniScrollBox1.UniTabSheet1";"Tipo de Alíquota";"en-US";"";"Caption";"C:\Projetos\Atlasweb\CadTabelaPISCOFINS.dfm"
"cData_Inicio.pFicha.UniScrollBox1.UniTabSheet1";"Data Inicio";"en-US";"";"FieldLabel";"C:\Projetos\Atlasweb\CadTabelaPISCOFINS.dfm"
"clModalidade.pFicha.UniScrollBox1.UniTabSheet1";"Modalidade Importação";"en-US";"";"FieldLabel";"C:\Projetos\Atlasweb\CadTabelaPISCOFINS.dfm"
"cData_Final.pFicha.UniScrollBox1.UniTabSheet1";"Data Final";"en-US";"";"FieldLabel";"C:\Projetos\Atlasweb\CadTabelaPISCOFINS.dfm"
"cEmpresa.pFicha.UniScrollBox1.UniTabSheet1";"Empresa";"en-US";"";"FieldLabel";"C:\Projetos\Atlasweb\CadTabelaPISCOFINS.dfm"
"aLista.Pasta.fCadTipoProduto";"Lista";"en-US";"";"Caption";"C:\Projetos\Atlasweb\CadTipoProduto.dfm"
"UniTabSheet1.fCadTipoProduto";"Dados Gerais";"en-US";"";"Caption";"C:\Projetos\Atlasweb\CadTipoProduto.dfm"
"pFicha.UniScrollBox1.UniTabSheet1.fCadTipoProduto";"DADOS GERAIS";"en-US";"";"Title";"C:\Projetos\Atlasweb\CadTipoProduto.dfm"
"cCodigo.pFicha.UniScrollBox1.UniTabSheet1.fCadTipoProduto";"Código";"en-US";"";"FieldLabel";"C:\Projetos\Atlasweb\CadTipoProduto.dfm"
"cDescricao.pFicha.UniScrollBox1.UniTabSheet1.fCadTipoProduto";"Descrição";"en-US";"";"FieldLabel";"C:\Projetos\Atlasweb\CadTipoProduto.dfm"
"aLista.Pasta.fCadTiposDocumentos";"Lista";"en-US";"";"Caption";"C:\Projetos\Atlasweb\CadTiposDocumentos.dfm"
"cSINTEGRA.pFicha1.UniScrollBox1.UniTabSheet1";"SINTEGRA";"en-US";"";"Caption";"C:\Projetos\Atlasweb\CadTiposDocumentos.dfm"
"cTributo.pFicha1.UniScrollBox1.UniTabSheet1";"Tributo";"en-US";"";"Caption";"C:\Projetos\Atlasweb\CadTiposDocumentos.dfm"
"cDesativada.pFicha1.UniScrollBox1.UniTabSheet1";"Desativada";"en-US";"";"Caption";"C:\Projetos\Atlasweb\CadTiposDocumentos.dfm"
"aLista.Pasta.fCadTributos";"Lista";"en-US";"";"Caption";"C:\Projetos\Atlasweb\CadTributos.dfm"
"cCodigo_SRF.pFicha1.UniScrollBox1.UniTabSheet1";"Código Orgão";"en-US";"";"FieldLabel";"C:\Projetos\Atlasweb\CadTributos.dfm"
"cValor.pFicha1.UniScrollBox1.UniTabSheet1";"Alíquota";"en-US";"";"FieldLabel";"C:\Projetos\Atlasweb\CadTributos.dfm"
"cDia_Vencimento.pFicha1.UniScrollBox1.UniTabSheet1";"Vencimento (Dia)";"en-US";"";"FieldLabel";"C:\Projetos\Atlasweb\CadTributos.dfm"
"UniGroupBox1.pFicha1.UniScrollBox1.UniTabSheet1";"Parâmetrização Contabil";"en-US";"";"Caption";"C:\Projetos\Atlasweb\CadTributos.dfm"
"cConta_D.UniGroupBox1.pFicha1.UniScrollBox1.UniTabSheet1";"Conta (Débito)";"en-US";"";"FieldLabel";"C:\Projetos\Atlasweb\CadTributos.dfm"
"cConta_C.UniGroupBox1.pFicha1.UniScrollBox1.UniTabSheet1";"Conta (Crédito";"en-US";"";"FieldLabel";"C:\Projetos\Atlasweb\CadTributos.dfm"
"cHistorico.UniGroupBox1.pFicha1.UniScrollBox1.UniTabSheet1";"Histórico";"en-US";"";"FieldLabel";"C:\Projetos\Atlasweb\CadTributos.dfm"
"UniGroupBox4.pFicha1.UniScrollBox1.UniTabSheet1";"Parâmetrização Financeira";"en-US";"";"Caption";"C:\Projetos\Atlasweb\CadTributos.dfm"
"cOrgao.UniGroupBox4.pFicha1.UniScrollBox1.UniTabSheet1";"Orgão";"en-US";"";"FieldLabel";"C:\Projetos\Atlasweb\CadTributos.dfm"
"cClassificacao_Financeira.UniGroupBox4.pFicha1.UniScrollBox1.UniTabSheet1";"Plano Financeiro";"en-US";"";"FieldLabel";"C:\Projetos\Atlasweb\CadTributos.dfm"
"cDocumento.UniGroupBox4.pFicha1.UniScrollBox1.UniTabSheet1";"Documento";"en-US";"";"FieldLabel";"C:\Projetos\Atlasweb\CadTributos.dfm"
"aLista.Pasta.fCadUnidadeMedida";"Lista";"en-US";"";"Caption";"C:\Projetos\Atlasweb\CadUnidadeMedida.dfm"
"cNome.pFicha.UniScrollBox1.UniTabSheet1";"Descrição";"en-US";"";"FieldLabel";"C:\Projetos\Atlasweb\CadUnidadeMedida.dfm"
"cNome_Ingles.pFicha.UniScrollBox1.UniTabSheet1";"Descrição (Inlgês)";"en-US";"";"FieldLabel";"C:\Projetos\Atlasweb\CadUnidadeMedida.dfm"
"aLista.Pasta.fCadUsuarios";"Lista";"en-US";"";"Caption";"C:\Projetos\Atlasweb\CadUsuarios.dfm"
"aFicha";"Dados do Usúario";"en-US";"";"Caption";"C:\Projetos\Atlasweb\CadUsuarios.dfm"
"pFicha.sFicha.aFicha";"CADASTRO DE USUÁRIOS";"en-US";"";"Title";"C:\Projetos\Atlasweb\CadUsuarios.dfm"
"cNome.pFicha.sFicha.aFicha";"Nome";"en-US";"";"FieldLabel";"C:\Projetos\Atlasweb\CadUsuarios.dfm"
"cCargo.pFicha.sFicha.aFicha";"Cargo";"en-US";"";"FieldLabel";"C:\Projetos\Atlasweb\CadUsuarios.dfm"
"cDepart.pFicha.sFicha.aFicha";"Departamento";"en-US";"";"FieldLabel";"C:\Projetos\Atlasweb\CadUsuarios.dfm"
"cPswrd.pFicha.sFicha.aFicha";"Senha";"en-US";"";"FieldLabel";"C:\Projetos\Atlasweb\CadUsuarios.dfm"
"cMatricula.pFicha.sFicha.aFicha";"Matrícula";"en-US";"";"FieldLabel";"C:\Projetos\Atlasweb\CadUsuarios.dfm"
"cNivel.pFicha.sFicha.aFicha";"Nível de Acesso";"en-US";"";"FieldLabel";"C:\Projetos\Atlasweb\CadUsuarios.dfm"
"UniPanel3.pFicha.sFicha.aFicha";"Foto";"en-US";"";"Title";"C:\Projetos\Atlasweb\CadUsuarios.dfm"
"UniPanel4.pFicha.sFicha.aFicha";"Permissões";"en-US";"";"Title";"C:\Projetos\Atlasweb\CadUsuarios.dfm"
"UniDBEdit1.pFicha.sFicha.aFicha";"Email";"en-US";"";"FieldLabel";"C:\Projetos\Atlasweb\CadUsuarios.dfm"
"cRepresent.pFicha.sFicha.aFicha";"Nível de Acesso";"en-US";"";"FieldLabel";"C:\Projetos\Atlasweb\CadUsuarios.dfm"
"UniDBEdit2.pFicha.sFicha.aFicha";"Lucro % Mínimo";"en-US";"";"FieldLabel";"C:\Projetos\Atlasweb\CadUsuarios.dfm"
"UniDBEdit3.pFicha.sFicha.aFicha";"Lucro % Maxímo";"en-US";"";"FieldLabel";"C:\Projetos\Atlasweb\CadUsuarios.dfm"
"uTradutor.pFicha.sFicha.aFicha";"Idioma";"en-US";"";"FieldLabel";"C:\Projetos\Atlasweb\CadUsuarios.dfm"
"pLista.Pasta.fComexContratoCambio";"Lista";"en-US";"";"Caption";"C:\Projetos\Atlasweb\ComexContratoCambio.dfm"
"pDados";"Contrato de Câmbio";"en-US";"";"Caption";"C:\Projetos\Atlasweb\ComexContratoCambio.dfm"
"Panel2.pDados";"Panel2";"en-US";"";"Caption";"C:\Projetos\Atlasweb\ComexContratoCambio.dfm"
"UniPanel1.Panel1.Panel2.pDados";"UniPanel1";"en-US";"";"Caption";"C:\Projetos\Atlasweb\ComexContratoCambio.dfm"
"FichaItem";"FichaItem";"en-US";"";"Caption";"C:\Projetos\Atlasweb\ComexContratoCambio.dfm"
"cTaxa_Cambial.FichaItem";"Taxa Cambial";"en-US";"";"FieldLabel";"C:\Projetos\Atlasweb\ComexContratoCambio.dfm"
"cValorFatReal.FichaItem";"Valor (R$)";"en-US";"";"FieldLabel";"C:\Projetos\Atlasweb\ComexContratoCambio.dfm"
"cFatura.FichaItem";"Fatura Nº";"en-US";"";"FieldLabel";"C:\Projetos\Atlasweb\ComexContratoCambio.dfm"
"cProcesso.FichaItem";"Processo";"en-US";"";"FieldLabel";"C:\Projetos\Atlasweb\ComexContratoCambio.dfm"
"cEmbarque.FichaItem";"Embarque";"en-US";"";"FieldLabel";"C:\Projetos\Atlasweb\ComexContratoCambio.dfm"
"cTotalFatME.FichaItem";"Total Fatura (ME)";"en-US";"";"FieldLabel";"C:\Projetos\Atlasweb\ComexContratoCambio.dfm"
"cSaldoFatME.FichaItem";"Saldo Fatura (ME)";"en-US";"";"FieldLabel";"C:\Projetos\Atlasweb\ComexContratoCambio.dfm"
"cValor_ME.FichaItem";"Valor (ME)";"en-US";"";"FieldLabel";"C:\Projetos\Atlasweb\ComexContratoCambio.dfm"
"Ficha";"UniPanel1";"en-US";"";"Caption";"C:\Projetos\Atlasweb\ComexContratoCambio.dfm"
"cContrato.Ficha";"Contrato Nº";"en-US";"";"FieldLabel";"C:\Projetos\Atlasweb\ComexContratoCambio.dfm"
"cConta_Fornecedor.Ficha";"Conta Exportador";"en-US";"";"FieldLabel";"C:\Projetos\Atlasweb\ComexContratoCambio.dfm"
"cValorME.Ficha";"Total (ME)";"en-US";"";"FieldLabel";"C:\Projetos\Atlasweb\ComexContratoCambio.dfm"
"cTaxaCambial.Ficha";"Taxa do Câmbio";"en-US";"";"FieldLabel";"C:\Projetos\Atlasweb\ComexContratoCambio.dfm"
"cData.Ficha";"Data Contrato";"en-US";"";"FieldLabel";"C:\Projetos\Atlasweb\ComexContratoCambio.dfm"
"cBanco.Ficha";"Banco";"en-US";"";"FieldLabel";"C:\Projetos\Atlasweb\ComexContratoCambio.dfm"
"cExportador.Ficha";"Exportador";"en-US";"";"FieldLabel";"C:\Projetos\Atlasweb\ComexContratoCambio.dfm"
"cMoeda.Ficha";"Moeda";"en-US";"";"FieldLabel";"C:\Projetos\Atlasweb\ComexContratoCambio.dfm"
"cValorReal.Ficha";"Total (R$)";"en-US";"";"FieldLabel";"C:\Projetos\Atlasweb\ComexContratoCambio.dfm"
"cDataVencimento.Ficha";"Data Vencimento";"en-US";"";"FieldLabel";"C:\Projetos\Atlasweb\ComexContratoCambio.dfm"
"cCentroCusto.Ficha";"Centro de Custo";"en-US";"";"FieldLabel";"C:\Projetos\Atlasweb\ComexContratoCambio.dfm"
"cRecursos.Ficha";"Origem Recurso";"en-US";"";"FieldLabel";"C:\Projetos\Atlasweb\ComexContratoCambio.dfm"
"cClassificacao.Ficha";"Conta Financeira";"en-US";"";"FieldLabel";"C:\Projetos\Atlasweb\ComexContratoCambio.dfm"
"cBeneficiario.Ficha";"Benficiário";"en-US";"";"FieldLabel";"C:\Projetos\Atlasweb\ComexContratoCambio.dfm"
"cPrevisao.Ficha";"Previsão Câmbial";"en-US";"";"Caption";"C:\Projetos\Atlasweb\ComexContratoCambio.dfm"
"cSwift_Code.Ficha";"Swift Code";"en-US";"";"FieldLabel";"C:\Projetos\Atlasweb\ComexContratoCambio.dfm"
"cIBAN.Ficha";"IBAN";"en-US";"";"FieldLabel";"C:\Projetos\Atlasweb\ComexContratoCambio.dfm"
"DBCheckBox1.Ficha";"Câmbio pago pelo cliente";"en-US";"";"Caption";"C:\Projetos\Atlasweb\ComexContratoCambio.dfm"
"cEmpresa.Ficha";"Empresa";"en-US";"";"FieldLabel";"C:\Projetos\Atlasweb\ComexContratoCambio.dfm"
"AbaLista.Pasta.fComexInvoice";"Lista";"en-US";"";"Caption";"C:\Projetos\Atlasweb\ComexInvoice.dfm"
"AbaInvoice";"Dados da Invoice";"en-US";"";"Caption";"C:\Projetos\Atlasweb\ComexInvoice.dfm"
"pFicha.UniScrollBox1.AbaInvoice";"DADOS GERAIS";"en-US";"";"Title";"C:\Projetos\Atlasweb\ComexInvoice.dfm"
"cData.pFicha.UniScrollBox1.AbaInvoice";"Data";"en-US";"";"FieldLabel";"C:\Projetos\Atlasweb\ComexInvoice.dfm"
"cMoeda.pFicha.UniScrollBox1.AbaInvoice";"Moeda";"en-US";"";"FieldLabel";"C:\Projetos\Atlasweb\ComexInvoice.dfm"
"cPaisOrigem.pFicha.UniScrollBox1.AbaInvoice";"Pais Origem";"en-US";"";"FieldLabel";"C:\Projetos\Atlasweb\ComexInvoice.dfm"
"cNumero.pFicha.UniScrollBox1.AbaInvoice";"Invoice Nº";"en-US";"";"FieldLabel";"C:\Projetos\Atlasweb\ComexInvoice.dfm"
"cExportador.pFicha.UniScrollBox1.AbaInvoice";"Exportador";"en-US";"";"FieldLabel";"C:\Projetos\Atlasweb\ComexInvoice.dfm"
"cLocal_Embarque.pFicha.UniScrollBox1.AbaInvoice";"Local Embarque";"en-US";"";"FieldLabel";"C:\Projetos\Atlasweb\ComexInvoice.dfm"
"cDados_Bancarios.pFicha.UniScrollBox1.AbaInvoice";"Dados Bancarios";"en-US";"";"FieldLabel";"C:\Projetos\Atlasweb\ComexInvoice.dfm"
"cNotificar.pFicha.UniScrollBox1.AbaInvoice";"Notificar";"en-US";"";"FieldLabel";"C:\Projetos\Atlasweb\ComexInvoice.dfm"
"cLocal_Chegada.pFicha.UniScrollBox1.AbaInvoice";"Local Chegada";"en-US";"";"FieldLabel";"C:\Projetos\Atlasweb\ComexInvoice.dfm"
"cTotalPeso_Liquido.pFicha.UniScrollBox1.AbaInvoice";"Peso Líquido";"en-US";"";"FieldLabel";"C:\Projetos\Atlasweb\ComexInvoice.dfm"
"cTotalPeso_Bruto.pFicha.UniScrollBox1.AbaInvoice";"Peso Bruto";"en-US";"";"FieldLabel";"C:\Projetos\Atlasweb\ComexInvoice.dfm"
"cVolumes.pFicha.UniScrollBox1.AbaInvoice";"Qtde. Volumes";"en-US";"";"FieldLabel";"C:\Projetos\Atlasweb\ComexInvoice.dfm"
"cMetro_Cubico.pFicha.UniScrollBox1.AbaInvoice";"Metros Cúbicos";"en-US";"";"FieldLabel";"C:\Projetos\Atlasweb\ComexInvoice.dfm"
"DBEdit3.pFicha.UniScrollBox1.AbaInvoice";"Total Fatura (R$)";"en-US";"";"FieldLabel";"C:\Projetos\Atlasweb\ComexInvoice.dfm"
"DBEdit6.pFicha.UniScrollBox1.AbaInvoice";"Total da Fatura (ME)";"en-US";"";"FieldLabel";"C:\Projetos\Atlasweb\ComexInvoice.dfm"
"cCondicaoCambio.pFicha.UniScrollBox1.AbaInvoice";"Condição Cambial";"en-US";"";"FieldLabel";"C:\Projetos\Atlasweb\ComexInvoice.dfm"
"cData_BL.pFicha.UniScrollBox1.AbaInvoice";"Data BL";"en-US";"";"FieldLabel";"C:\Projetos\Atlasweb\ComexInvoice.dfm"
"DBDateEdit2.pFicha.UniScrollBox1.AbaInvoice";"Vencimento";"en-US";"";"FieldLabel";"C:\Projetos\Atlasweb\ComexInvoice.dfm"
"cProcesso.pFicha.UniScrollBox1.AbaInvoice";"Processo";"en-US";"";"FieldLabel";"C:\Projetos\Atlasweb\ComexInvoice.dfm"
"cTaxaCambio.pFicha.UniScrollBox1.AbaInvoice";"Taxa Câmbio";"en-US";"";"FieldLabel";"C:\Projetos\Atlasweb\ComexInvoice.dfm"
"cBL.pFicha.UniScrollBox1.AbaInvoice";"BL Nº";"en-US";"";"FieldLabel";"C:\Projetos\Atlasweb\ComexInvoice.dfm"
"cPO.pFicha.UniScrollBox1.AbaInvoice";"PO Nº";"en-US";"";"FieldLabel";"C:\Projetos\Atlasweb\ComexInvoice.dfm"
"RxDBLookupCombo1.pFicha.UniScrollBox1.AbaInvoice";"INCOTERM";"en-US";"";"FieldLabel";"C:\Projetos\Atlasweb\ComexInvoice.dfm"
"DBEdit10.pFicha.UniScrollBox1.AbaInvoice";"Local Condição";"en-US";"";"FieldLabel";"C:\Projetos\Atlasweb\ComexInvoice.dfm"
"RxDBLookupCombo2.pFicha.UniScrollBox1.AbaInvoice";"Metodo Valoração";"en-US";"";"FieldLabel";"C:\Projetos\Atlasweb\ComexInvoice.dfm"
"cCoberturaCambial.pFicha.UniScrollBox1.AbaInvoice";"Cobertura Cambial";"en-US";"";"FieldLabel";"C:\Projetos\Atlasweb\ComexInvoice.dfm"
"RxDBLookupCombo3.pFicha.UniScrollBox1.AbaInvoice";"Financiadora";"en-US";"";"FieldLabel";"C:\Projetos\Atlasweb\ComexInvoice.dfm"
"cMotivoCambial.pFicha.UniScrollBox1.AbaInvoice";"Motivo sem Cobertura";"en-US";"";"FieldLabel";"C:\Projetos\Atlasweb\ComexInvoice.dfm"
"cMoeda_Frete.pFicha.UniScrollBox1.AbaInvoice";"Moeda Frete";"en-US";"";"FieldLabel";"C:\Projetos\Atlasweb\ComexInvoice.dfm"
"DBEdit11.pFicha.UniScrollBox1.AbaInvoice";"Frete PrePaid";"en-US";"";"FieldLabel";"C:\Projetos\Atlasweb\ComexInvoice.dfm"
"cMoeda_Seguro.pFicha.UniScrollBox1.AbaInvoice";"Moeda Seguro";"en-US";"";"FieldLabel";"C:\Projetos\Atlasweb\ComexInvoice.dfm"
"DBEdit12.pFicha.UniScrollBox1.AbaInvoice";"Valor Seguro";"en-US";"";"FieldLabel";"C:\Projetos\Atlasweb\ComexInvoice.dfm"
"DBLookupComboBox3.pFicha.UniScrollBox1.AbaInvoice";"Pais Aquisição";"en-US";"";"FieldLabel";"C:\Projetos\Atlasweb\ComexInvoice.dfm"
"DBLookupComboBox4.pFicha.UniScrollBox1.AbaInvoice";"Via Transporte";"en-US";"";"FieldLabel";"C:\Projetos\Atlasweb\ComexInvoice.dfm"
"cCondicao_Mercadoria.pFicha.UniScrollBox1.AbaInvoice";"Condição Mercadoria";"en-US";"";"FieldLabel";"C:\Projetos\Atlasweb\ComexInvoice.dfm"
"DBEdit13.pFicha.UniScrollBox1.AbaInvoice";"Frete Collect";"en-US";"";"FieldLabel";"C:\Projetos\Atlasweb\ComexInvoice.dfm"
"cDestino.pFicha.UniScrollBox1.AbaInvoice";"Destino";"en-US";"";"FieldLabel";"C:\Projetos\Atlasweb\ComexInvoice.dfm"
"cAplicacao.pFicha.UniScrollBox1.AbaInvoice";"Finalidade Mercadoria";"en-US";"";"FieldLabel";"C:\Projetos\Atlasweb\ComexInvoice.dfm"
"DBEdit8.pFicha.UniScrollBox1.AbaInvoice";"ROF (SCE-Crédito)";"en-US";"";"FieldLabel";"C:\Projetos\Atlasweb\ComexInvoice.dfm"
"DBEdit14.pFicha.UniScrollBox1.AbaInvoice";"Valor Cobertura Cambial";"en-US";"";"FieldLabel";"C:\Projetos\Atlasweb\ComexInvoice.dfm"
"cEmpresa.pFicha.UniScrollBox1.AbaInvoice";"Empresa";"en-US";"";"FieldLabel";"C:\Projetos\Atlasweb\ComexInvoice.dfm"
"cModalidade.pFicha.UniScrollBox1.AbaInvoice";"Modalidade";"en-US";"";"FieldLabel";"C:\Projetos\Atlasweb\ComexInvoice.dfm"
"Abaitens";"Itens da Invoice";"en-US";"";"Caption";"C:\Projetos\Atlasweb\ComexInvoice.dfm"
"Fichaitens.Abaitens";"DADOS GERAIS";"en-US";"";"Title";"C:\Projetos\Atlasweb\ComexInvoice.dfm"
"cQtde.pFichaItem.Fichaitens.Abaitens";"Quantidade";"en-US";"";"FieldLabel";"C:\Projetos\Atlasweb\ComexInvoice.dfm"
"cValor_UnitarioME.pFichaItem.Fichaitens.Abaitens";"Unitário (ME)";"en-US";"";"FieldLabel";"C:\Projetos\Atlasweb\ComexInvoice.dfm"
"cProduto.pFichaItem.Fichaitens.Abaitens";"Produto";"en-US";"";"FieldLabel";"C:\Projetos\Atlasweb\ComexInvoice.dfm"
"cPeso_Liquido.pFichaItem.Fichaitens.Abaitens";"Peso Líquido";"en-US";"";"FieldLabel";"C:\Projetos\Atlasweb\ComexInvoice.dfm"
"cPeso_Bruto.pFichaItem.Fichaitens.Abaitens";"Peso Bruto";"en-US";"";"FieldLabel";"C:\Projetos\Atlasweb\ComexInvoice.dfm"
"cIndicador.pFichaItem.Fichaitens.Abaitens";"Indicador Comprador/Vendedor - Vinculção";"en-US";"";"Caption";"C:\Projetos\Atlasweb\ComexInvoice.dfm"
"cCertNum.pFichaItem.Fichaitens.Abaitens";"Nº Certif.Mercosul";"en-US";"";"FieldLabel";"C:\Projetos\Atlasweb\ComexInvoice.dfm"
"cCertTipo.pFichaItem.Fichaitens.Abaitens";"Tipo Cetif.Mercosul";"en-US";"";"FieldLabel";"C:\Projetos\Atlasweb\ComexInvoice.dfm"
"cCertQtde.pFichaItem.Fichaitens.Abaitens";"Quantidade Certif.";"en-US";"";"FieldLabel";"C:\Projetos\Atlasweb\ComexInvoice.dfm"
"cInvoice.pFichaItem.Fichaitens.Abaitens";"Invoice Nº";"en-US";"";"FieldLabel";"C:\Projetos\Atlasweb\ComexInvoice.dfm"
"bItens.UniPanel2.Fichaitens.Abaitens";"Importar Itens do PO";"en-US";"";"Caption";"C:\Projetos\Atlasweb\ComexInvoice.dfm"
"bLPCO.UniPanel2.Fichaitens.Abaitens";"LPCO";"en-US";"";"Caption";"C:\Projetos\Atlasweb\ComexInvoice.dfm"
"UniPanel3";"TOTAIS DO PROCESSO";"en-US";"";"Title";"C:\Projetos\Atlasweb\ComexInvoice.dfm"
"UniPanel3";"UniPanel3";"en-US";"";"Caption";"C:\Projetos\Atlasweb\ComexInvoice.dfm"
"cTotalPesoLiquido.UniPanel3";"Peso Líquido";"en-US";"";"FieldLabel";"C:\Projetos\Atlasweb\ComexInvoice.dfm"
"cTotalPesoBruto.UniPanel3";"Peso Bruto";"en-US";"";"FieldLabel";"C:\Projetos\Atlasweb\ComexInvoice.dfm"
"cTotalFaturaME.UniPanel3";"Valor (ME)";"en-US";"";"FieldLabel";"C:\Projetos\Atlasweb\ComexInvoice.dfm"
"cTotalFaturaReal.UniPanel3";"Valor (R$)";"en-US";"";"FieldLabel";"C:\Projetos\Atlasweb\ComexInvoice.dfm"
"fComexInvoiceLPCO";"fComexInvoiceLPCO";"en-US";"";"Caption";"C:\Projetos\Atlasweb\ComexInvoiceLPCO.dfm"
"UniPanel1.fComexInvoiceLPCO";"Relação de Licenças/Permissões/Certificados/Outros cadastrados";"en-US";"";"Title";"C:\Projetos\Atlasweb\ComexInvoiceLPCO.dfm"
"UniPanel1.fComexInvoiceLPCO";"UniPanel1";"en-US";"";"Caption";"C:\Projetos\Atlasweb\ComexInvoiceLPCO.dfm"
"pLista.Pasta.fComexPO";"Lista";"en-US";"";"Caption";"C:\Projetos\Atlasweb\ComexPO.dfm"
"pDados";"Capa do (PO)";"en-US";"";"Caption";"C:\Projetos\Atlasweb\ComexPO.dfm"
"pFicha.pDados";"DADOS GERAIS";"en-US";"";"Title";"C:\Projetos\Atlasweb\ComexPO.dfm"
"cPO.pFicha.pDados";"PO Nº";"en-US";"";"FieldLabel";"C:\Projetos\Atlasweb\ComexPO.dfm"
"cProcesso.pFicha.pDados";"Processo";"en-US";"";"FieldLabel";"C:\Projetos\Atlasweb\ComexPO.dfm"
"cRequis.pFicha.pDados";"Requisitante";"en-US";"";"FieldLabel";"C:\Projetos\Atlasweb\ComexPO.dfm"
"DBMemo1.pFicha.pDados";"Observação";"en-US";"";"FieldLabel";"C:\Projetos\Atlasweb\ComexPO.dfm"
"cData.pFicha.pDados";"Data";"en-US";"";"FieldLabel";"C:\Projetos\Atlasweb\ComexPO.dfm"
"cExportador.pFicha.pDados";"Exportador";"en-US";"";"FieldLabel";"C:\Projetos\Atlasweb\ComexPO.dfm"
"cCondCambio.pFicha.pDados";"Condição Câmbial";"en-US";"";"FieldLabel";"C:\Projetos\Atlasweb\ComexPO.dfm"
"cLocalEmb.pFicha.pDados";"Local de Embarque";"en-US";"";"FieldLabel";"C:\Projetos\Atlasweb\ComexPO.dfm"
"cLocalEnt.pFicha.pDados";"Local de Entrega";"en-US";"";"FieldLabel";"C:\Projetos\Atlasweb\ComexPO.dfm"
"cMoeda.pFicha.pDados";"Moeda";"en-US";"";"FieldLabel";"C:\Projetos\Atlasweb\ComexPO.dfm"
"cPais.pFicha.pDados";"País de Origem";"en-US";"";"FieldLabel";"C:\Projetos\Atlasweb\ComexPO.dfm"
"cModalidade.pFicha.pDados";"Modalidade";"en-US";"";"FieldLabel";"C:\Projetos\Atlasweb\ComexPO.dfm"
"cCliente.pFicha.pDados";"Cliente";"en-US";"";"FieldLabel";"C:\Projetos\Atlasweb\ComexPO.dfm"
"cVia.pFicha.pDados";"Via de Transporte";"en-US";"";"FieldLabel";"C:\Projetos\Atlasweb\ComexPO.dfm"
"cTipo_Mercadoria.pFicha.pDados";"Tipo Mercadoria";"en-US";"";"FieldLabel";"C:\Projetos\Atlasweb\ComexPO.dfm"
"cTotal.pFicha.pDados";"Total";"en-US";"";"FieldLabel";"C:\Projetos\Atlasweb\ComexPO.dfm"
"cEmpresa.pFicha.pDados";"Empresa";"en-US";"";"FieldLabel";"C:\Projetos\Atlasweb\ComexPO.dfm"
"cINCOTERMS.pFicha.pDados";"INCOTERMS";"en-US";"";"FieldLabel";"C:\Projetos\Atlasweb\ComexPO.dfm"
"pProdutos";"Itens";"en-US";"";"Caption";"C:\Projetos\Atlasweb\ComexPO.dfm"
"UniPanel1.pProdutos";"DADOS GERAIS";"en-US";"";"Title";"C:\Projetos\Atlasweb\ComexPO.dfm"
"cItensValor.Panel3";"Valor Total";"en-US";"";"FieldLabel";"C:\Projetos\Atlasweb\ComexPO.dfm"
"cItensQtde.Panel3";"Itens";"en-US";"";"FieldLabel";"C:\Projetos\Atlasweb\ComexPO.dfm"
"cQtde.pFichaItem";"Quantidade";"en-US";"";"FieldLabel";"C:\Projetos\Atlasweb\ComexPO.dfm"
"cValor.pFichaItem";"Valor Unitário";"en-US";"";"FieldLabel";"C:\Projetos\Atlasweb\ComexPO.dfm"
"cProduto.pFichaItem";"Produto";"en-US";"";"FieldLabel";"C:\Projetos\Atlasweb\ComexPO.dfm"
"cQuantidade_Unidade.pFichaItem";"Qtde.p/Unidade";"en-US";"";"FieldLabel";"C:\Projetos\Atlasweb\ComexPO.dfm"
"cQuantidade_Volumes.pFichaItem";"Volumes";"en-US";"";"FieldLabel";"C:\Projetos\Atlasweb\ComexPO.dfm"
"DBEdit3.pFichaItem";"PO Nº";"en-US";"";"FieldLabel";"C:\Projetos\Atlasweb\ComexPO.dfm"
"bImportar.pBarraNav";"Importar &Excel";"en-US";"";"Caption";"C:\Projetos\Atlasweb\ComexPO.dfm"
"bImprimir.pBarraNav";"Im&primir";"en-US";"";"Caption";"C:\Projetos\Atlasweb\ComexPO.dfm"
"bImportarCli.Panel1.fComexPOImportar";"&Importar";"en-US";"";"Caption";"C:\Projetos\Atlasweb\ComexPOImportar.dfm"
"blayout.Panel1.fComexPOImportar";"&Salvar Layout";"en-US";"";"Caption";"C:\Projetos\Atlasweb\ComexPOImportar.dfm"
"TabSheet2.Pasta.fComexPOImportar";"Produtos";"en-US";"";"Caption";"C:\Projetos\Atlasweb\ComexPOImportar.dfm"
"UniPanel1.TabSheet2.Pasta.fComexPOImportar";"UniPanel1";"en-US";"";"Caption";"C:\Projetos\Atlasweb\ComexPOImportar.dfm"
"cArqProd.UniPanel1.TabSheet2.Pasta.fComexPOImportar";"Arquivo";"en-US";"";"FieldLabel";"C:\Projetos\Atlasweb\ComexPOImportar.dfm"
"cLinhaIniCli.UniPanel1.TabSheet2.Pasta.fComexPOImportar";"Linha Inicial";"en-US";"";"FieldLabel";"C:\Projetos\Atlasweb\ComexPOImportar.dfm"
"cApagarCli.UniPanel1.TabSheet2.Pasta.fComexPOImportar";"Apagar os itens existentes.";"en-US";"";"Caption";"C:\Projetos\Atlasweb\ComexPOImportar.dfm"
"cCodigo.UniPanel1.TabSheet2.Pasta.fComexPOImportar";"Utilizar código dos cadastros da planilha.";"en-US";"";"Caption";"C:\Projetos\Atlasweb\ComexPOImportar.dfm"
"cLinhaFimCli.UniPanel1.TabSheet2.Pasta.fComexPOImportar";"Linha Final";"en-US";"";"FieldLabel";"C:\Projetos\Atlasweb\ComexPOImportar.dfm"
"UniPanel2.TabSheet2.Pasta.fComexPOImportar";"UniPanel2";"en-US";"";"Caption";"C:\Projetos\Atlasweb\ComexPOImportar.dfm"
"UniPanel3.UniPanel2.TabSheet2.Pasta.fComexPOImportar";"UniPanel3";"en-US";"";"Caption";"C:\Projetos\Atlasweb\ComexPOImportar.dfm"
"cCampos.UniPanel3.UniPanel2.TabSheet2.Pasta.fComexPOImportar";"Campos da tabela";"en-US";"";"FieldLabel";"C:\Projetos\Atlasweb\ComexPOImportar.dfm"
"UniPanel4.UniPanel3.UniPanel2.TabSheet2.Pasta.fComexPOImportar";"UniPanel4";"en-US";"";"Caption";"C:\Projetos\Atlasweb\ComexPOImportar.dfm"
"TabSheet1";"Purchase Order (PO)";"en-US";"";"Caption";"C:\Projetos\Atlasweb\ComexPOImportar.dfm"
"cLinhaIniPO.TabSheet1";"Intervalo de Linhas";"en-US";"";"FieldLabel";"C:\Projetos\Atlasweb\ComexPOImportar.dfm"
"cLinhaFimPO.TabSheet1";"Até";"en-US";"";"FieldLabel";"C:\Projetos\Atlasweb\ComexPOImportar.dfm"
"bImportarPO";"&Importar";"en-US";"";"Caption";"C:\Projetos\Atlasweb\ComexPOImportar.dfm"
"cApagarPO";"Apagar os itens existentes.";"en-US";"";"Caption";"C:\Projetos\Atlasweb\ComexPOImportar.dfm"
"cArqPO";"Arquivo";"en-US";"";"FieldLabel";"C:\Projetos\Atlasweb\ComexPOImportar.dfm"
"TabSheet3";"LOG";"en-US";"";"Caption";"C:\Projetos\Atlasweb\ComexPOImportar.dfm"
"UniFileUpload1";"Upload";"en-US";"";"Title";"C:\Projetos\Atlasweb\ComexPOImportar.dfm"
"bAdicoes.pBarraNav.fComexProcessoImp";"Itens DI [0000]";"en-US";"";"Caption";"C:\Projetos\Atlasweb\ComexProcessoImp.dfm"
"aLista.Pasta.fComexProcessoImp";"Lista";"en-US";"";"Caption";"C:\Projetos\Atlasweb\ComexProcessoImp.dfm"
"TabSheet1";"Dados do Processo";"en-US";"";"Caption";"C:\Projetos\Atlasweb\ComexProcessoImp.dfm"
"UniPanel1.UniScrollBox2.TabSheet1";"DADOS GERAIS";"en-US";"";"Title";"C:\Projetos\Atlasweb\ComexProcessoImp.dfm"
"PainelInterno1.UniPanel1.UniScrollBox2.TabSheet1";"VALORES DO PROCESSO";"en-US";"";"Title";"C:\Projetos\Atlasweb\ComexProcessoImp.dfm"
"cFOB.PainelInterno1.UniPanel1.UniScrollBox2.TabSheet1";"FOB (Real)";"en-US";"";"FieldLabel";"C:\Projetos\Atlasweb\ComexProcessoImp.dfm"
"cFrete.PainelInterno1.UniPanel1.UniScrollBox2.TabSheet1";"Frete (Real)";"en-US";"";"FieldLabel";"C:\Projetos\Atlasweb\ComexProcessoImp.dfm"
"cAliquota_ICMS.PainelInterno1.UniPanel1.UniScrollBox2.TabSheet1";"% ICMS";"en-US";"";"FieldLabel";"C:\Projetos\Atlasweb\ComexProcessoImp.dfm"
"cSeguro.PainelInterno1.UniPanel1.UniScrollBox2.TabSheet1";"Seguro (Real)";"en-US";"";"FieldLabel";"C:\Projetos\Atlasweb\ComexProcessoImp.dfm"
"cValor_ICMS.PainelInterno1.UniPanel1.UniScrollBox2.TabSheet1";"Valor ICMS(R$)";"en-US";"";"FieldLabel";"C:\Projetos\Atlasweb\ComexProcessoImp.dfm"
"cTaxa_FOB.PainelInterno1.UniPanel1.UniScrollBox2.TabSheet1";"Taxa";"en-US";"";"FieldLabel";"C:\Projetos\Atlasweb\ComexProcessoImp.dfm"
"cTaxa_Frete.PainelInterno1.UniPanel1.UniScrollBox2.TabSheet1";"Taxa";"en-US";"";"FieldLabel";"C:\Projetos\Atlasweb\ComexProcessoImp.dfm"
"cTaxa_Seguro.PainelInterno1.UniPanel1.UniScrollBox2.TabSheet1";"Taxa";"en-US";"";"FieldLabel";"C:\Projetos\Atlasweb\ComexProcessoImp.dfm"
"cValor_PIS.PainelInterno1.UniPanel1.UniScrollBox2.TabSheet1";"PIS Majorado";"en-US";"";"FieldLabel";"C:\Projetos\Atlasweb\ComexProcessoImp.dfm"
"cValor_COFINS.PainelInterno1.UniPanel1.UniScrollBox2.TabSheet1";"COFINS Major.";"en-US";"";"FieldLabel";"C:\Projetos\Atlasweb\ComexProcessoImp.dfm"
"cII.PainelInterno1.UniPanel1.UniScrollBox2.TabSheet1";"II (R$)";"en-US";"";"FieldLabel";"C:\Projetos\Atlasweb\ComexProcessoImp.dfm"
"cValor_IPI.PainelInterno1.UniPanel1.UniScrollBox2.TabSheet1";"IPI (R$)";"en-US";"";"FieldLabel";"C:\Projetos\Atlasweb\ComexProcessoImp.dfm"
"clMoeda_FOB.PainelInterno1.UniPanel1.UniScrollBox2.TabSheet1";"Moeda FOB";"en-US";"";"FieldLabel";"C:\Projetos\Atlasweb\ComexProcessoImp.dfm"
"cFOB_ME.PainelInterno1.UniPanel1.UniScrollBox2.TabSheet1";"FOB (ME)";"en-US";"";"FieldLabel";"C:\Projetos\Atlasweb\ComexProcessoImp.dfm"
"clMoeda_Frete.PainelInterno1.UniPanel1.UniScrollBox2.TabSheet1";"Moeda Frete";"en-US";"";"FieldLabel";"C:\Projetos\Atlasweb\ComexProcessoImp.dfm"
"cFrete_ME.PainelInterno1.UniPanel1.UniScrollBox2.TabSheet1";"Frete (ME)";"en-US";"";"FieldLabel";"C:\Projetos\Atlasweb\ComexProcessoImp.dfm"
"clMoeda_Seguro.PainelInterno1.UniPanel1.UniScrollBox2.TabSheet1";"Moeda Seguro";"en-US";"";"FieldLabel";"C:\Projetos\Atlasweb\ComexProcessoImp.dfm"
"cSeguro_ME.PainelInterno1.UniPanel1.UniScrollBox2.TabSheet1";"Seguro (ME)";"en-US";"";"FieldLabel";"C:\Projetos\Atlasweb\ComexProcessoImp.dfm"
"cAd_Valorem.PainelInterno1.UniPanel1.UniScrollBox2.TabSheet1";"Acréscimo(Real)";"en-US";"";"FieldLabel";"C:\Projetos\Atlasweb\ComexProcessoImp.dfm"
"cAdValorem.PainelInterno1.UniPanel1.UniScrollBox2.TabSheet1";"Acréscimo (ME)";"en-US";"";"FieldLabel";"C:\Projetos\Atlasweb\ComexProcessoImp.dfm"
"cValor_Dumping.PainelInterno1.UniPanel1.UniScrollBox2.TabSheet1";"Anti-Dumping (R$)";"en-US";"";"FieldLabel";"C:\Projetos\Atlasweb\ComexProcessoImp.dfm"
"cTaxa_SISCOMEX.PainelInterno1.UniPanel1.UniScrollBox2.TabSheet1";"Taxa SISCOMEX";"en-US";"";"FieldLabel";"C:\Projetos\Atlasweb\ComexProcessoImp.dfm"
"cReducao_ICMS.PainelInterno1.UniPanel1.UniScrollBox2.TabSheet1";"Red.% ICMS";"en-US";"";"FieldLabel";"C:\Projetos\Atlasweb\ComexProcessoImp.dfm"
"cFOB_MEAdicoes.PainelInterno1.UniPanel1.UniScrollBox2.TabSheet1";"FOB Adições(ME)";"en-US";"";"FieldLabel";"C:\Projetos\Atlasweb\ComexProcessoImp.dfm"
"cFOB_Adicoes.PainelInterno1.UniPanel1.UniScrollBox2.TabSheet1";"FOB Adições(Real)";"en-US";"";"FieldLabel";"C:\Projetos\Atlasweb\ComexProcessoImp.dfm"
"cReducao_BC.PainelInterno1.UniPanel1.UniScrollBox2.TabSheet1";"%Red.BC ICMS";"en-US";"";"FieldLabel";"C:\Projetos\Atlasweb\ComexProcessoImp.dfm"
"cValor_PIS2.PainelInterno1.UniPanel1.UniScrollBox2.TabSheet1";"Valor PIS";"en-US";"";"FieldLabel";"C:\Projetos\Atlasweb\ComexProcessoImp.dfm"
"cValor_COFINS2.PainelInterno1.UniPanel1.UniScrollBox2.TabSheet1";"Valor COFINS";"en-US";"";"FieldLabel";"C:\Projetos\Atlasweb\ComexProcessoImp.dfm"
"cAFRMM.PainelInterno1.UniPanel1.UniScrollBox2.TabSheet1";"AFRMM";"en-US";"";"FieldLabel";"C:\Projetos\Atlasweb\ComexProcessoImp.dfm"
"cFOB_SemADVal.PainelInterno1.UniPanel1.UniScrollBox2.TabSheet1";"FOB s/Adval (Real)";"en-US";"";"FieldLabel";"C:\Projetos\Atlasweb\ComexProcessoImp.dfm"
"cFOB_SemADValReal.PainelInterno1.UniPanel1.UniScrollBox2.TabSheet1";"FOB s/Adval (ME)";"en-US";"";"FieldLabel";"C:\Projetos\Atlasweb\ComexProcessoImp.dfm"
"cFrete_NacionalReal.PainelInterno1.UniPanel1.UniScrollBox2.TabSheet1";"Frete Terr.Nac.(Real)";"en-US";"";"FieldLabel";"C:\Projetos\Atlasweb\ComexProcessoImp.dfm"
"cFrete_NacionalME.PainelInterno1.UniPanel1.UniScrollBox2.TabSheet1";"Frete Terr.Nac.(ME)";"en-US";"";"FieldLabel";"C:\Projetos\Atlasweb\ComexProcessoImp.dfm"
"PainelInterno2.UniPanel1.UniScrollBox2.TabSheet1";"DADOS DO PROCESSO";"en-US";"";"Title";"C:\Projetos\Atlasweb\ComexProcessoImp.dfm"
"cData_RegistroDeclaracao.PainelInterno2.UniPanel1.UniScrollBox2.TabSheet1";"Data do Registro";"en-US";"";"FieldLabel";"C:\Projetos\Atlasweb\ComexProcessoImp.dfm"
"cNumero_Declaracao.PainelInterno2.UniPanel1.UniScrollBox2.TabSheet1";"DUIMP Nº";"en-US";"";"FieldLabel";"C:\Projetos\Atlasweb\ComexProcessoImp.dfm"
"cData_DesembaracoDeclaracao.PainelInterno2.UniPanel1.UniScrollBox2.TabSheet1";"Data do Desembaraço";"en-US";"";"FieldLabel";"C:\Projetos\Atlasweb\ComexProcessoImp.dfm"
"cVolumes.PainelInterno2.UniPanel1.UniScrollBox2.TabSheet1";"Volumes";"en-US";"";"FieldLabel";"C:\Projetos\Atlasweb\ComexProcessoImp.dfm"
"cQuantidade.PainelInterno2.UniPanel1.UniScrollBox2.TabSheet1";"Quantidade Total";"en-US";"";"FieldLabel";"C:\Projetos\Atlasweb\ComexProcessoImp.dfm"
"cPeso_Liquido.PainelInterno2.UniPanel1.UniScrollBox2.TabSheet1";"Peso Líquido";"en-US";"";"FieldLabel";"C:\Projetos\Atlasweb\ComexProcessoImp.dfm"
"cPeso_Bruto.PainelInterno2.UniPanel1.UniScrollBox2.TabSheet1";"Peso Bruto";"en-US";"";"FieldLabel";"C:\Projetos\Atlasweb\ComexProcessoImp.dfm"
"cEspecie.PainelInterno2.UniPanel1.UniScrollBox2.TabSheet1";"Espécie";"en-US";"";"FieldLabel";"C:\Projetos\Atlasweb\ComexProcessoImp.dfm"
"cProcesso.PainelInterno2.UniPanel1.UniScrollBox2.TabSheet1";"Processo Nº";"en-US";"";"FieldLabel";"C:\Projetos\Atlasweb\ComexProcessoImp.dfm"
"clCliente.PainelInterno2.UniPanel1.UniScrollBox2.TabSheet1";"Cliente";"en-US";"";"FieldLabel";"C:\Projetos\Atlasweb\ComexProcessoImp.dfm"
"cProcesso_Abertura.PainelInterno2.UniPanel1.UniScrollBox2.TabSheet1";"Abertura";"en-US";"";"FieldLabel";"C:\Projetos\Atlasweb\ComexProcessoImp.dfm"
"cProcesso_Fechamento.PainelInterno2.UniPanel1.UniScrollBox2.TabSheet1";"Fechamento";"en-US";"";"FieldLabel";"C:\Projetos\Atlasweb\ComexProcessoImp.dfm"
"clModalidade_Importacao.PainelInterno2.UniPanel1.UniScrollBox2.TabSheet1";"Modalidade";"en-US";"";"FieldLabel";"C:\Projetos\Atlasweb\ComexProcessoImp.dfm"
"cIncentivo.PainelInterno2.UniPanel1.UniScrollBox2.TabSheet1";"Incentivo Fiscal";"en-US";"";"FieldLabel";"C:\Projetos\Atlasweb\ComexProcessoImp.dfm"
"clResponsavel.PainelInterno2.UniPanel1.UniScrollBox2.TabSheet1";"Responsável";"en-US";"";"FieldLabel";"C:\Projetos\Atlasweb\ComexProcessoImp.dfm"
"cProcesso_Mestre.PainelInterno2.UniPanel1.UniScrollBox2.TabSheet1";"Mestre";"en-US";"";"FieldLabel";"C:\Projetos\Atlasweb\ComexProcessoImp.dfm"
"cData_Encerramento.PainelInterno2.UniPanel1.UniScrollBox2.TabSheet1";"Encerramento";"en-US";"";"FieldLabel";"C:\Projetos\Atlasweb\ComexProcessoImp.dfm"
"cCondicaoVenda.PainelInterno2.UniPanel1.UniScrollBox2.TabSheet1";"INCOTERMS";"en-US";"";"FieldLabel";"C:\Projetos\Atlasweb\ComexProcessoImp.dfm"
"cReferencia_Cliente.PainelInterno2.UniPanel1.UniScrollBox2.TabSheet1";"Ref.(Cliente)";"en-US";"";"FieldLabel";"C:\Projetos\Atlasweb\ComexProcessoImp.dfm"
"cReferencia_DataEntrega.PainelInterno2.UniPanel1.UniScrollBox2.TabSheet1";"Data da Entrega";"en-US";"";"FieldLabel";"C:\Projetos\Atlasweb\ComexProcessoImp.dfm"
"cData.PainelInterno2.UniPanel1.UniScrollBox2.TabSheet1";"Data";"en-US";"";"FieldLabel";"C:\Projetos\Atlasweb\ComexProcessoImp.dfm"
"cReferencia_Despachante.PainelInterno2.UniPanel1.UniScrollBox2.TabSheet1";"Ref.(Despachante)";"en-US";"";"FieldLabel";"C:\Projetos\Atlasweb\ComexProcessoImp.dfm"
"cNavio_DataChegada.PainelInterno2.UniPanel1.UniScrollBox2.TabSheet1";"Data da Chegada";"en-US";"";"FieldLabel";"C:\Projetos\Atlasweb\ComexProcessoImp.dfm"
"cNumero_Fatura.PainelInterno2.UniPanel1.UniScrollBox2.TabSheet1";"Fatura Nº";"en-US";"";"FieldLabel";"C:\Projetos\Atlasweb\ComexProcessoImp.dfm"
"cNome_Transporte.PainelInterno2.UniPanel1.UniScrollBox2.TabSheet1";"Nome Transporte";"en-US";"";"FieldLabel";"C:\Projetos\Atlasweb\ComexProcessoImp.dfm"
"cConhecimento.PainelInterno2.UniPanel1.UniScrollBox2.TabSheet1";"Conhec. Embarque";"en-US";"";"FieldLabel";"C:\Projetos\Atlasweb\ComexProcessoImp.dfm"
"cAgencia_Maritima.PainelInterno2.UniPanel1.UniScrollBox2.TabSheet1";"Agência";"en-US";"";"FieldLabel";"C:\Projetos\Atlasweb\ComexProcessoImp.dfm"
"cNavio_DataPrevista.PainelInterno2.UniPanel1.UniScrollBox2.TabSheet1";"Data Prevista";"en-US";"";"FieldLabel";"C:\Projetos\Atlasweb\ComexProcessoImp.dfm"
"clTipo_Mercadoria.PainelInterno2.UniPanel1.UniScrollBox2.TabSheet1";"Tipo Mercadoria";"en-US";"";"FieldLabel";"C:\Projetos\Atlasweb\ComexProcessoImp.dfm"
"cData_Fatura.PainelInterno2.UniPanel1.UniScrollBox2.TabSheet1";"Data";"en-US";"";"FieldLabel";"C:\Projetos\Atlasweb\ComexProcessoImp.dfm"
"cDocumento_Carga.PainelInterno2.UniPanel1.UniScrollBox2.TabSheet1";"Documento de Carga Nº";"en-US";"";"FieldLabel";"C:\Projetos\Atlasweb\ComexProcessoImp.dfm"
"cValor_FaturaME.PainelInterno2.UniPanel1.UniScrollBox2.TabSheet1";"Valor Fatura (ME)";"en-US";"";"FieldLabel";"C:\Projetos\Atlasweb\ComexProcessoImp.dfm"
"cData_BL.PainelInterno2.UniPanel1.UniScrollBox2.TabSheet1";"Data BL";"en-US";"";"FieldLabel";"C:\Projetos\Atlasweb\ComexProcessoImp.dfm"
"cCondicaoCambio.PainelInterno2.UniPanel1.UniScrollBox2.TabSheet1";"Condição Cambial";"en-US";"";"FieldLabel";"C:\Projetos\Atlasweb\ComexProcessoImp.dfm"
"clFornecedor.PainelInterno2.UniPanel1.UniScrollBox2.TabSheet1";"Exportador";"en-US";"";"FieldLabel";"C:\Projetos\Atlasweb\ComexProcessoImp.dfm"
"cROF_Numero.PainelInterno2.UniPanel1.UniScrollBox2.TabSheet1";"ROF Nº";"en-US";"";"FieldLabel";"C:\Projetos\Atlasweb\ComexProcessoImp.dfm"
"cROF_Emissao.PainelInterno2.UniPanel1.UniScrollBox2.TabSheet1";"Emissão";"en-US";"";"FieldLabel";"C:\Projetos\Atlasweb\ComexProcessoImp.dfm"
"cROF_Dias.PainelInterno2.UniPanel1.UniScrollBox2.TabSheet1";"Vencimento (Dias)";"en-US";"";"FieldLabel";"C:\Projetos\Atlasweb\ComexProcessoImp.dfm"
"clVia_Transporte.PainelInterno2.UniPanel1.UniScrollBox2.TabSheet1";"Via de Transporte";"en-US";"";"FieldLabel";"C:\Projetos\Atlasweb\ComexProcessoImp.dfm"
"cCanal.PainelInterno2.UniPanel1.UniScrollBox2.TabSheet1";"Canal";"en-US";"";"FieldLabel";"C:\Projetos\Atlasweb\ComexProcessoImp.dfm"
"cEmpresa.PainelInterno2.UniPanel1.UniScrollBox2.TabSheet1";"Empresa";"en-US";"";"FieldLabel";"C:\Projetos\Atlasweb\ComexProcessoImp.dfm"
"PainelInterno3.UniPanel1.UniScrollBox2.TabSheet1";"CARACTERÍSTICAS DA IMPORTAÇÃO";"en-US";"";"Title";"C:\Projetos\Atlasweb\ComexProcessoImp.dfm"
"cPreco_Venda.PainelInterno3.UniPanel1.UniScrollBox2.TabSheet1";"Utiliza o valor de entrada dos produtos como valor de venda";"en-US";"";"Caption";"C:\Projetos\Atlasweb\ComexProcessoImp.dfm"
"cRateia_FretePeso.PainelInterno3.UniPanel1.UniScrollBox2.TabSheet1";"Este processo rateia o valor das despesas pelo peso.";"en-US";"";"Caption";"C:\Projetos\Atlasweb\ComexProcessoImp.dfm"
"cICMS_DIferido.PainelInterno3.UniPanel1.UniScrollBox2.TabSheet1";"ICMS Diferido";"en-US";"";"Caption";"C:\Projetos\Atlasweb\ComexProcessoImp.dfm"
"UniDBCheckBox1.PainelInterno3.UniPanel1.UniScrollBox2.TabSheet1";"Courrier";"en-US";"";"Caption";"C:\Projetos\Atlasweb\ComexProcessoImp.dfm"
"UniDBCheckBox2.PainelInterno3.UniPanel1.UniScrollBox2.TabSheet1";"Desativado";"en-US";"";"Caption";"C:\Projetos\Atlasweb\ComexProcessoImp.dfm"
"UniDBCheckBox3.PainelInterno3.UniPanel1.UniScrollBox2.TabSheet1";"Entreposto";"en-US";"";"Caption";"C:\Projetos\Atlasweb\ComexProcessoImp.dfm"
"UniDBCheckBox4.PainelInterno3.UniPanel1.UniScrollBox2.TabSheet1";"Desemb.Aduaneiro (DA)";"en-US";"";"Caption";"C:\Projetos\Atlasweb\ComexProcessoImp.dfm"
"UniDBCheckBox5.PainelInterno3.UniPanel1.UniScrollBox2.TabSheet1";"Adm.Temporária";"en-US";"";"Caption";"C:\Projetos\Atlasweb\ComexProcessoImp.dfm"
"UniDBCheckBox6.PainelInterno3.UniPanel1.UniScrollBox2.TabSheet1";"Apura PIS/COFINS";"en-US";"";"Caption";"C:\Projetos\Atlasweb\ComexProcessoImp.dfm"
"UniDBCheckBox7.PainelInterno3.UniPanel1.UniScrollBox2.TabSheet1";"Exonerado";"en-US";"";"Caption";"C:\Projetos\Atlasweb\ComexProcessoImp.dfm"
"UniDBCheckBox8.PainelInterno3.UniPanel1.UniScrollBox2.TabSheet1";"Estoque da Declaração Bloqueado";"en-US";"";"Caption";"C:\Projetos\Atlasweb\ComexProcessoImp.dfm"
"TabSheet3";"Outras Informações";"en-US";"";"Caption";"C:\Projetos\Atlasweb\ComexProcessoImp.dfm"
"UniPanel3.UniScrollBox3.TabSheet3";"DADOS GERAIS";"en-US";"";"Title";"C:\Projetos\Atlasweb\ComexProcessoImp.dfm"
"cCondicao_Pgto.UniPanel3.UniScrollBox3.TabSheet3";"Condição Pagamento";"en-US";"";"FieldLabel";"C:\Projetos\Atlasweb\ComexProcessoImp.dfm"
"cLocal_Embarque.UniPanel3.UniScrollBox3.TabSheet3";"Local Embarque";"en-US";"";"FieldLabel";"C:\Projetos\Atlasweb\ComexProcessoImp.dfm"
"cLocal_Desembarque.UniPanel3.UniScrollBox3.TabSheet3";"Local Desembarque";"en-US";"";"FieldLabel";"C:\Projetos\Atlasweb\ComexProcessoImp.dfm"
"clUF_Desembaraco.UniPanel3.UniScrollBox3.TabSheet3";"UF Desemb.";"en-US";"";"FieldLabel";"C:\Projetos\Atlasweb\ComexProcessoImp.dfm"
"cMargem_Lucro.UniPanel3.UniScrollBox3.TabSheet3";"Margem de Lucro";"en-US";"";"FieldLabel";"C:\Projetos\Atlasweb\ComexProcessoImp.dfm"
"cDesconto_Operacional.UniPanel3.UniScrollBox3.TabSheet3";"Desconto Operacional";"en-US";"";"FieldLabel";"C:\Projetos\Atlasweb\ComexProcessoImp.dfm"
"cDesconto_Adicional.UniPanel3.UniScrollBox3.TabSheet3";"Desconto Adicional";"en-US";"";"FieldLabel";"C:\Projetos\Atlasweb\ComexProcessoImp.dfm"
"clLocal_Desembaraco.UniPanel3.UniScrollBox3.TabSheet3";"Local Desembaraço";"en-US";"";"FieldLabel";"C:\Projetos\Atlasweb\ComexProcessoImp.dfm"
"GroupBox6.UniPanel3.UniScrollBox3.TabSheet3";"Previsões";"en-US";"";"Caption";"C:\Projetos\Atlasweb\ComexProcessoImp.dfm"
"cFator_FaturamentoValor.GroupBox6.UniPanel3.UniScrollBox3.TabSheet3";"ME";"en-US";"";"FieldLabel";"C:\Projetos\Atlasweb\ComexProcessoImp.dfm"
"cFator_SISCOMEXValor.GroupBox6.UniPanel3.UniScrollBox3.TabSheet3";"ME";"en-US";"";"FieldLabel";"C:\Projetos\Atlasweb\ComexProcessoImp.dfm"
"cData_PrevRegistro.GroupBox6.UniPanel3.UniScrollBox3.TabSheet3";"Previsão Registro";"en-US";"";"FieldLabel";"C:\Projetos\Atlasweb\ComexProcessoImp.dfm"
"cData_PrevFaturamento.GroupBox6.UniPanel3.UniScrollBox3.TabSheet3";"Previsão Faturamento";"en-US";"";"FieldLabel";"C:\Projetos\Atlasweb\ComexProcessoImp.dfm"
"cCondicao_Pagamento.GroupBox6.UniPanel3.UniScrollBox3.TabSheet3";"Condição Pgto. (Dupl)";"en-US";"";"FieldLabel";"C:\Projetos\Atlasweb\ComexProcessoImp.dfm"
"cFator_FreteValor.GroupBox6.UniPanel3.UniScrollBox3.TabSheet3";"ME";"en-US";"";"FieldLabel";"C:\Projetos\Atlasweb\ComexProcessoImp.dfm"
"cData_PrevFrete.GroupBox6.UniPanel3.UniScrollBox3.TabSheet3";"Previsão Frete";"en-US";"";"FieldLabel";"C:\Projetos\Atlasweb\ComexProcessoImp.dfm"
"clPrevisao_FreteTransportador.GroupBox6.UniPanel3.UniScrollBox3.TabSheet3";"Fornecedor";"en-US";"";"FieldLabel";"C:\Projetos\Atlasweb\ComexProcessoImp.dfm"
"cFator_FaturamentoValorReal.GroupBox6.UniPanel3.UniScrollBox3.TabSheet3";"R$";"en-US";"";"FieldLabel";"C:\Projetos\Atlasweb\ComexProcessoImp.dfm"
"cFator_SISCOMEXValorReal.GroupBox6.UniPanel3.UniScrollBox3.TabSheet3";"R$";"en-US";"";"FieldLabel";"C:\Projetos\Atlasweb\ComexProcessoImp.dfm"
"cFator_FreteValorReal.GroupBox6.UniPanel3.UniScrollBox3.TabSheet3";"R$";"en-US";"";"FieldLabel";"C:\Projetos\Atlasweb\ComexProcessoImp.dfm"
"cFator_ArmazemValor.GroupBox6.UniPanel3.UniScrollBox3.TabSheet3";"ME";"en-US";"";"FieldLabel";"C:\Projetos\Atlasweb\ComexProcessoImp.dfm"
"cData_PrevArmazem.GroupBox6.UniPanel3.UniScrollBox3.TabSheet3";"Previsão Armazenagem";"en-US";"";"FieldLabel";"C:\Projetos\Atlasweb\ComexProcessoImp.dfm"
"clPrevisao_ArmazemFornecedor.GroupBox6.UniPanel3.UniScrollBox3.TabSheet3";"Fornecedor";"en-US";"";"FieldLabel";"C:\Projetos\Atlasweb\ComexProcessoImp.dfm"
"cFator_ArmazemValorReal.GroupBox6.UniPanel3.UniScrollBox3.TabSheet3";"R$";"en-US";"";"FieldLabel";"C:\Projetos\Atlasweb\ComexProcessoImp.dfm"
"cMargem_LucroValor.UniPanel3.UniScrollBox3.TabSheet3";".";"en-US";"";"FieldLabel";"C:\Projetos\Atlasweb\ComexProcessoImp.dfm"
"cDesconto_OperacionalValor.UniPanel3.UniScrollBox3.TabSheet3";".";"en-US";"";"FieldLabel";"C:\Projetos\Atlasweb\ComexProcessoImp.dfm"
"cDesconto_AdicionalValor.UniPanel3.UniScrollBox3.TabSheet3";".";"en-US";"";"FieldLabel";"C:\Projetos\Atlasweb\ComexProcessoImp.dfm"
"cVencimento_Cambio.UniPanel3.UniScrollBox3.TabSheet3";"Período Pgto.Câmbio";"en-US";"";"FieldLabel";"C:\Projetos\Atlasweb\ComexProcessoImp.dfm"
"cPais_Origem.UniPanel3.UniScrollBox3.TabSheet3";"País Origem";"en-US";"";"FieldLabel";"C:\Projetos\Atlasweb\ComexProcessoImp.dfm"
"cObservacao.UniPanel3.UniScrollBox3.TabSheet3";"Observações";"en-US";"";"FieldLabel";"C:\Projetos\Atlasweb\ComexProcessoImp.dfm"
"cCSTPIS.UniPanel3.UniScrollBox3.TabSheet3";"CST PIS";"en-US";"";"FieldLabel";"C:\Projetos\Atlasweb\ComexProcessoImp.dfm"
"cCSTCOFINS.UniPanel3.UniScrollBox3.TabSheet3";"CST COFINS";"en-US";"";"FieldLabel";"C:\Projetos\Atlasweb\ComexProcessoImp.dfm"
"cBCCredito.UniPanel3.UniScrollBox3.TabSheet3";"Cód.B.C dos Créditos";"en-US";"";"FieldLabel";"C:\Projetos\Atlasweb\ComexProcessoImp.dfm"
"cConsignatario_CNPJ.UniPanel3.UniScrollBox3.TabSheet3";"CNPJ Consignatário";"en-US";"";"FieldLabel";"C:\Projetos\Atlasweb\ComexProcessoImp.dfm"
"cRecinto_Aduaneiro.UniPanel3.UniScrollBox3.TabSheet3";"Recinto Aduaneiro";"en-US";"";"FieldLabel";"C:\Projetos\Atlasweb\ComexProcessoImp.dfm"
"cConsignatario_UF.UniPanel3.UniScrollBox3.TabSheet3";"Consignatário UF";"en-US";"";"FieldLabel";"C:\Projetos\Atlasweb\ComexProcessoImp.dfm"
"TabSheet2";"Inf Compl";"en-US";"";"Caption";"C:\Projetos\Atlasweb\ComexProcessoImp.dfm"
"UniPanel4.UniScrollBox4.TabSheet2";"DADOS GERAIS";"en-US";"";"Title";"C:\Projetos\Atlasweb\ComexProcessoImp.dfm"
"cTexto.UniPanel4.UniScrollBox4.TabSheet2";"Informações Complementares";"en-US";"";"FieldLabel";"C:\Projetos\Atlasweb\ComexProcessoImp.dfm"
"TabSheet8";"Financeiro";"en-US";"";"Caption";"C:\Projetos\Atlasweb\ComexProcessoImp.dfm"
"UniPanel5.UniScrollBox5.TabSheet8";"MOVIMENTAÇÃO FINANCEIRA";"en-US";"";"Title";"C:\Projetos\Atlasweb\ComexProcessoImp.dfm"
"bDespesas.UniPanel5.UniScrollBox5.TabSheet8";"Gerar Contas a Pagar";"en-US";"";"Caption";"C:\Projetos\Atlasweb\ComexProcessoImp.dfm"
"UniGroupBox1";"Custo Geral";"en-US";"";"Caption";"C:\Projetos\Atlasweb\ComexProcessoImp.dfm"
"cPgtoSai.UniGroupBox1";"Saída";"en-US";"";"FieldLabel";"C:\Projetos\Atlasweb\ComexProcessoImp.dfm"
"cPgtoSel.UniGroupBox1";"Seletivo";"en-US";"";"FieldLabel";"C:\Projetos\Atlasweb\ComexProcessoImp.dfm"
"cPgtoEnt.UniGroupBox1";"Entrada";"en-US";"";"FieldLabel";"C:\Projetos\Atlasweb\ComexProcessoImp.dfm"
"cPgtoOut.UniGroupBox1";"Outros";"en-US";"";"FieldLabel";"C:\Projetos\Atlasweb\ComexProcessoImp.dfm"
"UniGroupBox3";"Processo Mestre";"en-US";"";"Caption";"C:\Projetos\Atlasweb\ComexProcessoImp.dfm"
"cTotalMestreDespesas2.UniGroupBox3";"Pagamentos";"en-US";"";"FieldLabel";"C:\Projetos\Atlasweb\ComexProcessoImp.dfm"
"cTotalMestreCusto2.UniGroupBox3";"Custo Geral";"en-US";"";"FieldLabel";"C:\Projetos\Atlasweb\ComexProcessoImp.dfm"
"cMestreRecebimentos2.UniGroupBox3";"Recebimentos";"en-US";"";"FieldLabel";"C:\Projetos\Atlasweb\ComexProcessoImp.dfm"
"UniGroupBox4";"Total Geral";"en-US";"";"Caption";"C:\Projetos\Atlasweb\ComexProcessoImp.dfm"
"cTotalCusto2.UniGroupBox4";"Custo";"en-US";"";"FieldLabel";"C:\Projetos\Atlasweb\ComexProcessoImp.dfm"
"cTotalRecebimentos2.UniGroupBox4";"Pagamentos";"en-US";"";"FieldLabel";"C:\Projetos\Atlasweb\ComexProcessoImp.dfm"
"cTotalPagamentos2.UniGroupBox4";"Recebimentos";"en-US";"";"FieldLabel";"C:\Projetos\Atlasweb\ComexProcessoImp.dfm"
"TabSheet9";"Seriais";"en-US";"";"Caption";"C:\Projetos\Atlasweb\ComexProcessoImp.dfm"
"UniPanel6.UniScrollBox6.TabSheet9";"RELAÇÃO DE CHASSIS / SERIAIS";"en-US";"";"Title";"C:\Projetos\Atlasweb\ComexProcessoImp.dfm"
"TabSheet7";"Containers";"en-US";"";"Caption";"C:\Projetos\Atlasweb\ComexProcessoImp.dfm"
"UniPanel7.UniScrollBox7.TabSheet7";"RELAÇÃO DE CONTAINERS";"en-US";"";"Title";"C:\Projetos\Atlasweb\ComexProcessoImp.dfm"
"bCadastroContainer";"Cadastro de Containers";"en-US";"";"Caption";"C:\Projetos\Atlasweb\ComexProcessoImp.dfm"
"TabSheet4";"Histórico";"en-US";"";"Caption";"C:\Projetos\Atlasweb\ComexProcessoImp.dfm"
"UniPanel10.UniScrollBox10.TabSheet4";"HISTÓRICO DE ANDAMENTO D(FOLLOW-UP)";"en-US";"";"Title";"C:\Projetos\Atlasweb\ComexProcessoImp.dfm"
"bHistorico";"Editar";"en-US";"";"Caption";"C:\Projetos\Atlasweb\ComexProcessoImp.dfm"
"TabSheet10";"Documentos";"en-US";"";"Caption";"C:\Projetos\Atlasweb\ComexProcessoImp.dfm"
"UniPanel9.UniScrollBox9.TabSheet10";"RELAÇÃO DE DOCUMENTOS";"en-US";"";"Title";"C:\Projetos\Atlasweb\ComexProcessoImp.dfm"
"bDocumento.UniPanel9.UniScrollBox9.TabSheet10";"Adicionar DOC";"en-US";"";"Caption";"C:\Projetos\Atlasweb\ComexProcessoImp.dfm"
"BitBtn2.UniPanel9.UniScrollBox9.TabSheet10";"Remover DOC";"en-US";"";"Caption";"C:\Projetos\Atlasweb\ComexProcessoImp.dfm"
"BitBtn1.UniPanel9.UniScrollBox9.TabSheet10";"Limpar Tudo";"en-US";"";"Caption";"C:\Projetos\Atlasweb\ComexProcessoImp.dfm"
"BitBtn3.UniPanel9.UniScrollBox9.TabSheet10";"Salvar";"en-US";"";"Caption";"C:\Projetos\Atlasweb\ComexProcessoImp.dfm"
"mnMarcarCustoEntrada.MenuCusto";"Marcar como Custo Geral (Entrada)";"en-US";"";"Caption";"C:\Projetos\Atlasweb\ComexProcessoImp.dfm"
"mnDesmarcarCustoEntrada.MenuCusto";"Desmarcar como Custo Geral (Entrada)";"en-US";"";"Caption";"C:\Projetos\Atlasweb\ComexProcessoImp.dfm"
"mnMarcarCustoTodosEntrada.MenuCusto";"Marcar todos como Custo Geral (Entrada)";"en-US";"";"Caption";"C:\Projetos\Atlasweb\ComexProcessoImp.dfm"
"mnDesmarcarCustoTodosEntrada.MenuCusto";"Desmarcar todos como Custo Geral (Entrada)";"en-US";"";"Caption";"C:\Projetos\Atlasweb\ComexProcessoImp.dfm"
"N2.MenuCusto";"-";"en-US";"";"Caption";"C:\Projetos\Atlasweb\ComexProcessoImp.dfm"
"mnMarcarCusto.MenuCusto";"Marcar como Custo Geral (Saída)";"en-US";"";"Caption";"C:\Projetos\Atlasweb\ComexProcessoImp.dfm"
"mnDesmarcarCusto.MenuCusto";"Desmarcar como Custo Geral (Saída)";"en-US";"";"Caption";"C:\Projetos\Atlasweb\ComexProcessoImp.dfm"
"mnMarcarCustoTodos.MenuCusto";"Marcar todos como Custo Geral (Saída)";"en-US";"";"Caption";"C:\Projetos\Atlasweb\ComexProcessoImp.dfm"
"mnDesmarcarCustoTodos.MenuCusto";"Desmarcar todos como Custo Geral (Saída)";"en-US";"";"Caption";"C:\Projetos\Atlasweb\ComexProcessoImp.dfm"
"N3.MenuCusto";"-";"en-US";"";"Caption";"C:\Projetos\Atlasweb\ComexProcessoImp.dfm"
"mnMarcarCustoOutros.MenuCusto";"Marcar como Custo Geral (Outros)";"en-US";"";"Caption";"C:\Projetos\Atlasweb\ComexProcessoImp.dfm"
"mnDesmarcarCustoOutros.MenuCusto";"Desmarcar como Custo Geral (Outros)";"en-US";"";"Caption";"C:\Projetos\Atlasweb\ComexProcessoImp.dfm"
"mnMarcarCustoTodosOutros.MenuCusto";"Marcar todos como Custo Geral (Outros)";"en-US";"";"Caption";"C:\Projetos\Atlasweb\ComexProcessoImp.dfm"
"mnDesmarcarCustoTodosOutros.MenuCusto";"Desmarcar todos como Custo Geral (Outros)";"en-US";"";"Caption";"C:\Projetos\Atlasweb\ComexProcessoImp.dfm"
"N1.MenuCusto";"-";"en-US";"";"Caption";"C:\Projetos\Atlasweb\ComexProcessoImp.dfm"
"mnMarcarSeletivo.MenuCusto";"Marcar Como Custo Seletivo";"en-US";"";"Caption";"C:\Projetos\Atlasweb\ComexProcessoImp.dfm"
"mnDesmarcarSeletivo.MenuCusto";"Desmarcar como Custo Seletivo";"en-US";"";"Caption";"C:\Projetos\Atlasweb\ComexProcessoImp.dfm"
"mnMarcarSeletivoTodos.MenuCusto";"Marcar todos como Custo Seletivo";"en-US";"";"Caption";"C:\Projetos\Atlasweb\ComexProcessoImp.dfm"
"mnDesmarcarSeletivoTodos.MenuCusto";"Desmarcar todos como Custo Seletivo";"en-US";"";"Caption";"C:\Projetos\Atlasweb\ComexProcessoImp.dfm"
"pFicha.sFicha.fConfigAtalhos";"Selecione as opções para os Atalhos";"en-US";"";"Title";"C:\Projetos\Atlasweb\ConfigAtalhos.dfm"
"bCriarAtalhos.UniPanel3.pFicha.sFicha.fConfigAtalhos";"Criar Atalhos";"en-US";"";"Caption";"C:\Projetos\Atlasweb\ConfigAtalhos.dfm"
"pFicha5.UniScrollBox1.fConfigCampos";"DADOS GERAIS";"en-US";"";"Title";"C:\Projetos\Atlasweb\ConfigCampos.dfm"
"cTab.UniContainerPanel1";"Filtrar Tabela";"en-US";"";"FieldLabel";"C:\Projetos\Atlasweb\ConfigCampos.dfm"
"cCam.UniContainerPanel1";"Filtrar Campo";"en-US";"";"FieldLabel";"C:\Projetos\Atlasweb\ConfigCampos.dfm"
"cFiltro.UniContainerPanel1";"Filtros";"en-US";"";"Caption";"C:\Projetos\Atlasweb\ConfigCampos.dfm"
"cCal.cFiltro.UniContainerPanel1";"Calculaveis";"en-US";"";"Caption";"C:\Projetos\Atlasweb\ConfigCampos.dfm"
"cFun.cFiltro.UniContainerPanel1";"Funções";"en-US";"";"Caption";"C:\Projetos\Atlasweb\ConfigCampos.dfm"
"cSQL.cFiltro.UniContainerPanel1";"Com SQL";"en-US";"";"Caption";"C:\Projetos\Atlasweb\ConfigCampos.dfm"
"cVis.cFiltro.UniContainerPanel1";"Visíveis";"en-US";"";"Caption";"C:\Projetos\Atlasweb\ConfigCampos.dfm"
"cRec.cFiltro.UniContainerPanel1";"Recebe fórmula";"en-US";"";"Caption";"C:\Projetos\Atlasweb\ConfigCampos.dfm"
"cImp.cFiltro.UniContainerPanel1";"Imposto";"en-US";"";"Caption";"C:\Projetos\Atlasweb\ConfigCampos.dfm"
"cPer.cFiltro.UniContainerPanel1";"Percentual";"en-US";"";"Caption";"C:\Projetos\Atlasweb\ConfigCampos.dfm"
"cDes.UniContainerPanel1";"Filtrar Descrição";"en-US";"";"FieldLabel";"C:\Projetos\Atlasweb\ConfigCampos.dfm"
"TabSheet1.Pasta.fConfigSis";"Sistema";"en-US";"";"Caption";"C:\Projetos\Atlasweb\ConfigSis.dfm"
"pFicha1.UniScrollBox1.TabSheet1.Pasta.fConfigSis";"DADOS GERAIS";"en-US";"";"Title";"C:\Projetos\Atlasweb\ConfigSis.dfm"
"GroupBox9.pFicha1.UniScrollBox1.TabSheet1.Pasta.fConfigSis";"Backup";"en-US";"";"Caption";"C:\Projetos\Atlasweb\ConfigSis.dfm"
"cBackup_Automatico.GroupBox9.pFicha1.UniScrollBox1.TabSheet1.Pasta.fConfigSis";"Backup automático.";"en-US";"";"Caption";"C:\Projetos\Atlasweb\ConfigSis.dfm"
"cBackup_Hora.GroupBox9.pFicha1.UniScrollBox1.TabSheet1.Pasta.fConfigSis";"Hora do Backup";"en-US";"";"FieldLabel";"C:\Projetos\Atlasweb\ConfigSis.dfm"
"GroupBox3.pFicha1.UniScrollBox1.TabSheet1.Pasta.fConfigSis";"Rede / Internet";"en-US";"";"Caption";"C:\Projetos\Atlasweb\ConfigSis.dfm"
"cSite.GroupBox3.pFicha1.UniScrollBox1.TabSheet1.Pasta.fConfigSis";"Site";"en-US";"";"FieldLabel";"C:\Projetos\Atlasweb\ConfigSis.dfm"
"cEmail_Suporte.GroupBox3.pFicha1.UniScrollBox1.TabSheet1.Pasta.fConfigSis";"E-mail do Suporte";"en-US";"";"FieldLabel";"C:\Projetos\Atlasweb\ConfigSis.dfm"
"cIP_Suporte.GroupBox3.pFicha1.UniScrollBox1.TabSheet1.Pasta.fConfigSis";"IP do Suporte";"en-US";"";"FieldLabel";"C:\Projetos\Atlasweb\ConfigSis.dfm"
"cServidor_Proxy.GroupBox3.pFicha1.UniScrollBox1.TabSheet1.Pasta.fConfigSis";"Endereço do servidor Proxy";"en-US";"";"FieldLabel";"C:\Projetos\Atlasweb\ConfigSis.dfm"
"cUsuario_Proxy.GroupBox3.pFicha1.UniScrollBox1.TabSheet1.Pasta.fConfigSis";"Usuário Proxy";"en-US";"";"FieldLabel";"C:\Projetos\Atlasweb\ConfigSis.dfm"
"cSenha_FTP.GroupBox3.pFicha1.UniScrollBox1.TabSheet1.Pasta.fConfigSis";"Senha";"en-US";"";"FieldLabel";"C:\Projetos\Atlasweb\ConfigSis.dfm"
"cUsuario_FTP.GroupBox3.pFicha1.UniScrollBox1.TabSheet1.Pasta.fConfigSis";"Usuário FTP";"en-US";"";"FieldLabel";"C:\Projetos\Atlasweb\ConfigSis.dfm"
"cSenha_Proxy.GroupBox3.pFicha1.UniScrollBox1.TabSheet1.Pasta.fConfigSis";"Senha";"en-US";"";"FieldLabel";"C:\Projetos\Atlasweb\ConfigSis.dfm"
"cPassive_FTP.GroupBox3.pFicha1.UniScrollBox1.TabSheet1.Pasta.fConfigSis";"FTP Passive mode";"en-US";"";"Caption";"C:\Projetos\Atlasweb\ConfigSis.dfm"
"bDLL.pFicha1.UniScrollBox1.TabSheet1.Pasta.fConfigSis";"Versão DLL";"en-US";"";"Caption";"C:\Projetos\Atlasweb\ConfigSis.dfm"
"TabSheet4.Pasta.fConfigSis";"Impressão";"en-US";"";"Caption";"C:\Projetos\Atlasweb\ConfigSis.dfm"
"UniPanel2.UniScrollBox2.TabSheet4.Pasta.fConfigSis";"DADOS GERAIS";"en-US";"";"Title";"C:\Projetos\Atlasweb\ConfigSis.dfm"
"cExtenso_Maiusculo.UniPanel2.UniScrollBox2.TabSheet4.Pasta.fConfigSis";"Impressão de valores por extenso em maíusculo.";"en-US";"";"Caption";"C:\Projetos\Atlasweb\ConfigSis.dfm"
"cAbrir_PDFDANFE.UniPanel2.UniScrollBox2.TabSheet4.Pasta.fConfigSis";"Abrir PDF do DANFE após envio de NF-e para SEFAZ.";"en-US";"";"Caption";"C:\Projetos\Atlasweb\ConfigSis.dfm"
"GroupBox35.UniPanel2.UniScrollBox2.TabSheet4.Pasta.fConfigSis";"NF-e";"en-US";"";"Caption";"C:\Projetos\Atlasweb\ConfigSis.dfm"
"cSeparar_NFE.GroupBox35.UniPanel2.UniScrollBox2.TabSheet4.Pasta.fConfigSis";"Pastas separadas (Entrada/Saída)";"en-US";"";"Caption";"C:\Projetos\Atlasweb\ConfigSis.dfm"
"cSeparar_NFEMes.GroupBox35.UniPanel2.UniScrollBox2.TabSheet4.Pasta.fConfigSis";"Pastas separadas (Mês)";"en-US";"";"Caption";"C:\Projetos\Atlasweb\ConfigSis.dfm"
"GroupBox36.UniPanel2.UniScrollBox2.TabSheet4.Pasta.fConfigSis";"Boletos";"en-US";"";"Caption";"C:\Projetos\Atlasweb\ConfigSis.dfm"
"cSeparar_BoletoBanco.GroupBox36.UniPanel2.UniScrollBox2.TabSheet4.Pasta.fConfigSis";"Pastas separadas (Bancos)";"en-US";"";"Caption";"C:\Projetos\Atlasweb\ConfigSis.dfm"
"cSeparar_BoletoData.GroupBox36.UniPanel2.UniScrollBox2.TabSheet4.Pasta.fConfigSis";"Pastas separadas (Data)";"en-US";"";"Caption";"C:\Projetos\Atlasweb\ConfigSis.dfm"
"cNFE_DANFE_CodigoProduto.UniPanel2.UniScrollBox2.TabSheet4.Pasta.fConfigSis";"Código da Mercadoria na Impressão do DANFE";"en-US";"";"Caption";"C:\Projetos\Atlasweb\ConfigSis.dfm"
"TabSheet11.Pasta.fConfigSis";"Faturamento";"en-US";"";"Caption";"C:\Projetos\Atlasweb\ConfigSis.dfm"
"UniPanel3.UniScrollBox3.TabSheet11.Pasta.fConfigSis";"DADOS GERAIS";"en-US";"";"Title";"C:\Projetos\Atlasweb\ConfigSis.dfm"
"GroupBox2.UniPanel3.UniScrollBox3.TabSheet11.Pasta.fConfigSis";"Rateios";"en-US";"";"Caption";"C:\Projetos\Atlasweb\ConfigSis.dfm"
"cRateio_Frete.GroupBox2.UniPanel3.UniScrollBox3.TabSheet11.Pasta.fConfigSis";"Frete";"en-US";"";"Caption";"C:\Projetos\Atlasweb\ConfigSis.dfm"
"cRateio_Seguro.GroupBox2.UniPanel3.UniScrollBox3.TabSheet11.Pasta.fConfigSis";"Seguro";"en-US";"";"Caption";"C:\Projetos\Atlasweb\ConfigSis.dfm"
"cRateio_Despesas.GroupBox2.UniPanel3.UniScrollBox3.TabSheet11.Pasta.fConfigSis";"Despesas";"en-US";"";"Caption";"C:\Projetos\Atlasweb\ConfigSis.dfm"
"cRateio_COFINS.GroupBox2.UniPanel3.UniScrollBox3.TabSheet11.Pasta.fConfigSis";"COFINS";"en-US";"";"Caption";"C:\Projetos\Atlasweb\ConfigSis.dfm"
"cRateio_PIS.GroupBox2.UniPanel3.UniScrollBox3.TabSheet11.Pasta.fConfigSis";"PIS";"en-US";"";"Caption";"C:\Projetos\Atlasweb\ConfigSis.dfm"
"cRateio_Valoracao.GroupBox2.UniPanel3.UniScrollBox3.TabSheet11.Pasta.fConfigSis";"Acréscimo";"en-US";"";"Caption";"C:\Projetos\Atlasweb\ConfigSis.dfm"
"cRateio_DespesasValor.GroupBox2.UniPanel3.UniScrollBox3.TabSheet11.Pasta.fConfigSis";"Ratear Despesas";"en-US";"";"Caption";"C:\Projetos\Atlasweb\ConfigSis.dfm"
"cValor_Despesas.UniPanel3.UniScrollBox3.TabSheet11.Pasta.fConfigSis";"Valor das Despesas de Custo do processo";"en-US";"";"Caption";"C:\Projetos\Atlasweb\ConfigSis.dfm"
"cEmail_NFE.UniPanel3.UniScrollBox3.TabSheet11.Pasta.fConfigSis";"Enviar todas as Notas/C.Correção/Cancelamentos para o E-mail";"en-US";"";"FieldLabel";"C:\Projetos\Atlasweb\ConfigSis.dfm"
"GroupBox27.UniPanel3.UniScrollBox3.TabSheet11.Pasta.fConfigSis";"Diversos";"en-US";"";"Caption";"C:\Projetos\Atlasweb\ConfigSis.dfm"
"cBotao_Duplicata.GroupBox27.UniPanel3.UniScrollBox3.TabSheet11.Pasta.fConfigSis";"Desabilitar botão "Gerar Duplicatas" das telas de Pedido.";"en-US";"";"Caption";"C:\Projetos\Atlasweb\ConfigSis.dfm"
"cCalculo_Reverso.GroupBox27.UniPanel3.UniScrollBox3.TabSheet11.Pasta.fConfigSis";"Habilitar cálculo reverso nos pedidos.";"en-US";"";"Caption";"C:\Projetos\Atlasweb\ConfigSis.dfm"
"cFaturamento_BloquearAtraso.GroupBox27.UniPanel3.UniScrollBox3.TabSheet11.Pasta.fConfigSis";"Bloquear pedidos para clientes com pagamentos em atraso.";"en-US";"";"Caption";"C:\Projetos\Atlasweb\ConfigSis.dfm"
"GroupBox30.UniPanel3.UniScrollBox3.TabSheet11.Pasta.fConfigSis";"Estoque Minímo";"en-US";"";"Caption";"C:\Projetos\Atlasweb\ConfigSis.dfm"
"cEstoque_MinimoPerc.GroupBox30.UniPanel3.UniScrollBox3.TabSheet11.Pasta.fConfigSis";"Percentual";"en-US";"";"FieldLabel";"C:\Projetos\Atlasweb\ConfigSis.dfm"
"bMinimo.GroupBox30.UniPanel3.UniScrollBox3.TabSheet11.Pasta.fConfigSis";"Reprocessar Estoque Minímo de todos os produtos";"en-US";"";"Caption";"C:\Projetos\Atlasweb\ConfigSis.dfm"
"TabSheet12.Pasta.fConfigSis";"Fiscais";"en-US";"";"Caption";"C:\Projetos\Atlasweb\ConfigSis.dfm"
"UniPanel5.UniScrollBox5.TabSheet12.Pasta.fConfigSis";"DADOS GERAIS";"en-US";"";"Title";"C:\Projetos\Atlasweb\ConfigSis.dfm"
"GroupBox10.UniPanel5.UniScrollBox5.TabSheet12.Pasta.fConfigSis";"Vencimentos dos  Impostos (Dia)";"en-US";"";"Caption";"C:\Projetos\Atlasweb\ConfigSis.dfm"
"cVencimento_ICMSFUNDAP.GroupBox10.UniPanel5.UniScrollBox5.TabSheet12.Pasta.fConfigSis";"ICMS FUNDAP";"en-US";"";"FieldLabel";"C:\Projetos\Atlasweb\ConfigSis.dfm"
"cVencimento_ICMSINVEST.GroupBox10.UniPanel5.UniScrollBox5.TabSheet12.Pasta.fConfigSis";"ICMS INVEST";"en-US";"";"FieldLabel";"C:\Projetos\Atlasweb\ConfigSis.dfm"
"cVencimento_ICMSComercio.GroupBox10.UniPanel5.UniScrollBox5.TabSheet12.Pasta.fConfigSis";"ICMS Comércio";"en-US";"";"FieldLabel";"C:\Projetos\Atlasweb\ConfigSis.dfm"
"cVencimento_PIS.GroupBox10.UniPanel5.UniScrollBox5.TabSheet12.Pasta.fConfigSis";"PIS";"en-US";"";"FieldLabel";"C:\Projetos\Atlasweb\ConfigSis.dfm"
"cVencimento_COFINS.GroupBox10.UniPanel5.UniScrollBox5.TabSheet12.Pasta.fConfigSis";"COFINS";"en-US";"";"FieldLabel";"C:\Projetos\Atlasweb\ConfigSis.dfm"
"cVencimento_IPI.GroupBox10.UniPanel5.UniScrollBox5.TabSheet12.Pasta.fConfigSis";"IPI";"en-US";"";"FieldLabel";"C:\Projetos\Atlasweb\ConfigSis.dfm"
"cVencimento_IRPJ.GroupBox10.UniPanel5.UniScrollBox5.TabSheet12.Pasta.fConfigSis";"IRPJ";"en-US";"";"FieldLabel";"C:\Projetos\Atlasweb\ConfigSis.dfm"
"cVencimento_CSLL.GroupBox10.UniPanel5.UniScrollBox5.TabSheet12.Pasta.fConfigSis";"CSLL";"en-US";"";"FieldLabel";"C:\Projetos\Atlasweb\ConfigSis.dfm"
"cClassICMS.GroupBox10.UniPanel5.UniScrollBox5.TabSheet12.Pasta.fConfigSis";"Orgão";"en-US";"";"FieldLabel";"C:\Projetos\Atlasweb\ConfigSis.dfm"
"RxDBLookupCombo3.GroupBox10.UniPanel5.UniScrollBox5.TabSheet12.Pasta.fConfigSis";"Tipo DOC";"en-US";"";"FieldLabel";"C:\Projetos\Atlasweb\ConfigSis.dfm"
"RxDBLookupCombo4.GroupBox10.UniPanel5.UniScrollBox5.TabSheet12.Pasta.fConfigSis";"Orgão";"en-US";"";"FieldLabel";"C:\Projetos\Atlasweb\ConfigSis.dfm"
"RxDBLookupCombo5.GroupBox10.UniPanel5.UniScrollBox5.TabSheet12.Pasta.fConfigSis";"Tipo DOC";"en-US";"";"FieldLabel";"C:\Projetos\Atlasweb\ConfigSis.dfm"
"RxDBLookupCombo6.GroupBox10.UniPanel5.UniScrollBox5.TabSheet12.Pasta.fConfigSis";"Orgão";"en-US";"";"FieldLabel";"C:\Projetos\Atlasweb\ConfigSis.dfm"
"RxDBLookupCombo7.GroupBox10.UniPanel5.UniScrollBox5.TabSheet12.Pasta.fConfigSis";"Tipo DOC";"en-US";"";"FieldLabel";"C:\Projetos\Atlasweb\ConfigSis.dfm"
"RxDBLookupCombo8.GroupBox10.UniPanel5.UniScrollBox5.TabSheet12.Pasta.fConfigSis";"Orgão";"en-US";"";"FieldLabel";"C:\Projetos\Atlasweb\ConfigSis.dfm"
"RxDBLookupCombo9.GroupBox10.UniPanel5.UniScrollBox5.TabSheet12.Pasta.fConfigSis";"Tipo DOC";"en-US";"";"FieldLabel";"C:\Projetos\Atlasweb\ConfigSis.dfm"
"RxDBLookupCombo10.GroupBox10.UniPanel5.UniScrollBox5.TabSheet12.Pasta.fConfigSis";"Orgão";"en-US";"";"FieldLabel";"C:\Projetos\Atlasweb\ConfigSis.dfm"
"RxDBLookupCombo11.GroupBox10.UniPanel5.UniScrollBox5.TabSheet12.Pasta.fConfigSis";"Tipo DOC";"en-US";"";"FieldLabel";"C:\Projetos\Atlasweb\ConfigSis.dfm"
"RxDBLookupCombo12.GroupBox10.UniPanel5.UniScrollBox5.TabSheet12.Pasta.fConfigSis";"Orgão";"en-US";"";"FieldLabel";"C:\Projetos\Atlasweb\ConfigSis.dfm"
"RxDBLookupCombo13.GroupBox10.UniPanel5.UniScrollBox5.TabSheet12.Pasta.fConfigSis";"Tipo DOC";"en-US";"";"FieldLabel";"C:\Projetos\Atlasweb\ConfigSis.dfm"
"GroupBox29.UniPanel5.UniScrollBox5.TabSheet12.Pasta.fConfigSis";"CIAP";"en-US";"";"Caption";"C:\Projetos\Atlasweb\ConfigSis.dfm"
"cValor_CIAP.GroupBox29.UniPanel5.UniScrollBox5.TabSheet12.Pasta.fConfigSis";"Valor Mínimo para imobilizado (CIAP)";"en-US";"";"FieldLabel";"C:\Projetos\Atlasweb\ConfigSis.dfm"
"cParcelas_CIAP.GroupBox29.UniPanel5.UniScrollBox5.TabSheet12.Pasta.fConfigSis";"Parcelas (Meses)";"en-US";"";"FieldLabel";"C:\Projetos\Atlasweb\ConfigSis.dfm"
"GroupBox33.UniPanel5.UniScrollBox5.TabSheet12.Pasta.fConfigSis";"Diferencial de Alíquota ICMS (DIFAL)";"en-US";"";"Caption";"C:\Projetos\Atlasweb\ConfigSis.dfm"
"cDIFAL_ICMSPart.GroupBox33.UniPanel5.UniScrollBox5.TabSheet12.Pasta.fConfigSis";"Percentual participação ano Corrente (Estado Destino)";"en-US";"";"FieldLabel";"C:\Projetos\Atlasweb\ConfigSis.dfm"
"GroupBox7.UniPanel5.UniScrollBox5.TabSheet12.Pasta.fConfigSis";"Conhecimento de Transporte (CTR)";"en-US";"";"Caption";"C:\Projetos\Atlasweb\ConfigSis.dfm"
"cPIS_CTR.GroupBox7.UniPanel5.UniScrollBox5.TabSheet12.Pasta.fConfigSis";"PIS";"en-US";"";"FieldLabel";"C:\Projetos\Atlasweb\ConfigSis.dfm"
"cCOFINS_CTR.GroupBox7.UniPanel5.UniScrollBox5.TabSheet12.Pasta.fConfigSis";"COFINS";"en-US";"";"FieldLabel";"C:\Projetos\Atlasweb\ConfigSis.dfm"
"clRamo_CTR.GroupBox7.UniPanel5.UniScrollBox5.TabSheet12.Pasta.fConfigSis";"Ramo de Atividade";"en-US";"";"FieldLabel";"C:\Projetos\Atlasweb\ConfigSis.dfm"
"cItem_CTR.GroupBox7.UniPanel5.UniScrollBox5.TabSheet12.Pasta.fConfigSis";"Código Produto";"en-US";"";"FieldLabel";"C:\Projetos\Atlasweb\ConfigSis.dfm"
"UniGroupBox1.UniPanel5.UniScrollBox5.TabSheet12.Pasta.fConfigSis";"SPED (Fiscal/PISCOFINS)";"en-US";"";"Caption";"C:\Projetos\Atlasweb\ConfigSis.dfm"
"GroupBox11.UniGroupBox1.UniPanel5.UniScrollBox5.TabSheet12.Pasta.fConfigSis";"Inventario (SPED FISCAL)";"en-US";"";"Caption";"C:\Projetos\Atlasweb\ConfigSis.dfm"
"cSPED_MesInventario.GroupBox11.UniGroupBox1.UniPanel5.UniScrollBox5.TabSheet12.Pasta.fConfigSis";"Ramo de Atividade";"en-US";"";"FieldLabel";"C:\Projetos\Atlasweb\ConfigSis.dfm"
"cConta_Inventario.GroupBox11.UniGroupBox1.UniPanel5.UniScrollBox5.TabSheet12.Pasta.fConfigSis";"Conta";"en-US";"";"FieldLabel";"C:\Projetos\Atlasweb\ConfigSis.dfm"
"GroupBox18.UniGroupBox1.UniPanel5.UniScrollBox5.TabSheet12.Pasta.fConfigSis";"Contas Contábeis para o PIS (SPED PIS/COFINS)";"en-US";"";"Caption";"C:\Projetos\Atlasweb\ConfigSis.dfm"
"cPIS_ContaCodigo.GroupBox18.UniGroupBox1.UniPanel5.UniScrollBox5.TabSheet12.Pasta.fConfigSis";"Conta";"en-US";"";"FieldLabel";"C:\Projetos\Atlasweb\ConfigSis.dfm"
"cCOFINS_ContaCodigo.GroupBox18.UniGroupBox1.UniPanel5.UniScrollBox5.TabSheet12.Pasta.fConfigSis";"Conta";"en-US";"";"FieldLabel";"C:\Projetos\Atlasweb\ConfigSis.dfm"
"TabSheet7.Pasta.fConfigSis";"Contábeis";"en-US";"";"Caption";"C:\Projetos\Atlasweb\ConfigSis.dfm"
"UniPanel4.UniScrollBox6.TabSheet7.Pasta.fConfigSis";"DADOS GERAIS";"en-US";"";"Title";"C:\Projetos\Atlasweb\ConfigSis.dfm"
"GroupBox15.UniPanel4.UniScrollBox6.TabSheet7.Pasta.fConfigSis";"Criação de Contas automático no Plano de Contas";"en-US";"";"Caption";"C:\Projetos\Atlasweb\ConfigSis.dfm"
"clContab_GrupoBanco.GroupBox15.UniPanel4.UniScrollBox6.TabSheet7.Pasta.fConfigSis";"Grupo de Bancos para criação de Contas automático";"en-US";"";"FieldLabel";"C:\Projetos\Atlasweb\ConfigSis.dfm"
"cParametrizacao_Contabil.UniPanel4.UniScrollBox6.TabSheet7.Pasta.fConfigSis";"Obrigar parametrização contabíl nos cadastros";"en-US";"";"Caption";"C:\Projetos\Atlasweb\ConfigSis.dfm"
"GroupBox34.UniPanel4.UniScrollBox6.TabSheet7.Pasta.fConfigSis";"Lançamentos de Encerramento";"en-US";"";"Caption";"C:\Projetos\Atlasweb\ConfigSis.dfm"
"clContab_HistoricoEncPrejuizo.GroupBox34.UniPanel4.UniScrollBox6.TabSheet7.Pasta.fConfigSis";"Histórico (Prejuízo Acumulado)";"en-US";"";"FieldLabel";"C:\Projetos\Atlasweb\ConfigSis.dfm"
"clContab_ContaEncLucro.GroupBox34.UniPanel4.UniScrollBox6.TabSheet7.Pasta.fConfigSis";"Conta (Lucro Acumulado)";"en-US";"";"FieldLabel";"C:\Projetos\Atlasweb\ConfigSis.dfm"
"clContab_ContaEncPrejuizo.GroupBox34.UniPanel4.UniScrollBox6.TabSheet7.Pasta.fConfigSis";"Conta (Prejuízo Acumulado)";"en-US";"";"FieldLabel";"C:\Projetos\Atlasweb\ConfigSis.dfm"
"clContab_ContaResultado.GroupBox34.UniPanel4.UniScrollBox6.TabSheet7.Pasta.fConfigSis";"Conta (Resultado)";"en-US";"";"FieldLabel";"C:\Projetos\Atlasweb\ConfigSis.dfm"
"clContab_HistoricoResultado.GroupBox34.UniPanel4.UniScrollBox6.TabSheet7.Pasta.fConfigSis";"Histórico (Resultado)";"en-US";"";"FieldLabel";"C:\Projetos\Atlasweb\ConfigSis.dfm"
"clContab_HistoricoEncLucro.GroupBox34.UniPanel4.UniScrollBox6.TabSheet7.Pasta.fConfigSis";"Histórico (Lucro Acumulado)";"en-US";"";"FieldLabel";"C:\Projetos\Atlasweb\ConfigSis.dfm"
"cContab_Numeracao.UniPanel4.UniScrollBox6.TabSheet7.Pasta.fConfigSis";"Numeração sequêncial das contas do Plano de Contas";"en-US";"";"Caption";"C:\Projetos\Atlasweb\ConfigSis.dfm"
"UniDBRadioGroup1.UniPanel4.UniScrollBox6.TabSheet7.Pasta.fConfigSis";"Método de Parâmetrização Contabil";"en-US";"";"Caption";"C:\Projetos\Atlasweb\ConfigSis.dfm"
"TabSheet13.Pasta.fConfigSis";"Financeiros";"en-US";"";"Caption";"C:\Projetos\Atlasweb\ConfigSis.dfm"
"TabSheet6.PageControl2.UniScrollBox8.TabSheet13.Pasta.fConfigSis";"Lançamentos";"en-US";"";"Caption";"C:\Projetos\Atlasweb\ConfigSis.dfm"
"UniPanel6.TabSheet6.PageControl2.UniScrollBox8.TabSheet13.Pasta.fConfigSis";"DADOS GERAIS";"en-US";"";"Title";"C:\Projetos\Atlasweb\ConfigSis.dfm"
"clClassificacao_DescontosRC.GroupBox12.UniPanel6.TabSheet6.PageControl2.UniScrollBox8.TabSheet13.Pasta.fConfigSis";"Descontos Recebidos";"en-US";"";"FieldLabel";"C:\Projetos\Atlasweb\ConfigSis.dfm"
"clClassificacao_DescontosPG.GroupBox12.UniPanel6.TabSheet6.PageControl2.UniScrollBox8.TabSheet13.Pasta.fConfigSis";"Descontos Concedidos";"en-US";"";"FieldLabel";"C:\Projetos\Atlasweb\ConfigSis.dfm"
"clClassificacao_MultaRC.GroupBox12.UniPanel6.TabSheet6.PageControl2.UniScrollBox8.TabSheet13.Pasta.fConfigSis";"Multas Recebidas";"en-US";"";"FieldLabel";"C:\Projetos\Atlasweb\ConfigSis.dfm"
"clClassificacao_JurosPG.GroupBox12.UniPanel6.TabSheet6.PageControl2.UniScrollBox8.TabSheet13.Pasta.fConfigSis";"Juros Pagos";"en-US";"";"FieldLabel";"C:\Projetos\Atlasweb\ConfigSis.dfm"
"clClassificacao_JurosRC.GroupBox12.UniPanel6.TabSheet6.PageControl2.UniScrollBox8.TabSheet13.Pasta.fConfigSis";"Juros Recebidos";"en-US";"";"FieldLabel";"C:\Projetos\Atlasweb\ConfigSis.dfm"
"clClassificacao_MultaPG.GroupBox12.UniPanel6.TabSheet6.PageControl2.UniScrollBox8.TabSheet13.Pasta.fConfigSis";"Multas Pagas";"en-US";"";"FieldLabel";"C:\Projetos\Atlasweb\ConfigSis.dfm"
"GroupBox13.UniPanel6.TabSheet6.PageControl2.UniScrollBox8.TabSheet13.Pasta.fConfigSis";"Classificações Financeiras de Recebimento para Transferências";"en-US";"";"Caption";"C:\Projetos\Atlasweb\ConfigSis.dfm"
"clClassificacao_TransfBanco.GroupBox13.UniPanel6.TabSheet6.PageControl2.UniScrollBox8.TabSheet13.Pasta.fConfigSis";"Transferência Bancária";"en-US";"";"FieldLabel";"C:\Projetos\Atlasweb\ConfigSis.dfm"
"clClassificacao_TransfProcesso.GroupBox13.UniPanel6.TabSheet6.PageControl2.UniScrollBox8.TabSheet13.Pasta.fConfigSis";"Transferência Processo";"en-US";"";"FieldLabel";"C:\Projetos\Atlasweb\ConfigSis.dfm"
"GroupBox14.UniPanel6.TabSheet6.PageControl2.UniScrollBox8.TabSheet13.Pasta.fConfigSis";"Classificações Financeiras para Fechamento de Câmbio";"en-US";"";"Caption";"C:\Projetos\Atlasweb\ConfigSis.dfm"
"clClassificacao_CambioVarAtiva.GroupBox14.UniPanel6.TabSheet6.PageControl2.UniScrollBox8.TabSheet13.Pasta.fConfigSis";"Variação (Ativa)";"en-US";"";"FieldLabel";"C:\Projetos\Atlasweb\ConfigSis.dfm"
"clDocumento_Cambio.GroupBox14.UniPanel6.TabSheet6.PageControl2.UniScrollBox8.TabSheet13.Pasta.fConfigSis";"Documento";"en-US";"";"FieldLabel";"C:\Projetos\Atlasweb\ConfigSis.dfm"
"clClassificacao_CambioVarPassiva.GroupBox14.UniPanel6.TabSheet6.PageControl2.UniScrollBox8.TabSheet13.Pasta.fConfigSis";"Variação (Passiva)";"en-US";"";"FieldLabel";"C:\Projetos\Atlasweb\ConfigSis.dfm"
"GroupBox16.UniPanel6.TabSheet6.PageControl2.UniScrollBox8.TabSheet13.Pasta.fConfigSis";"Classificação Financeira para o Lançamento do Contrato de Câmbio";"en-US";"";"Caption";"C:\Projetos\Atlasweb\ConfigSis.dfm"
"clContratoCambio_Classificacao.GroupBox16.UniPanel6.TabSheet6.PageControl2.UniScrollBox8.TabSheet13.Pasta.fConfigSis";"Lançamento Financeiro";"en-US";"";"FieldLabel";"C:\Projetos\Atlasweb\ConfigSis.dfm"
"clContratoCambio_Documento.GroupBox16.UniPanel6.TabSheet6.PageControl2.UniScrollBox8.TabSheet13.Pasta.fConfigSis";"Documento";"en-US";"";"FieldLabel";"C:\Projetos\Atlasweb\ConfigSis.dfm"
"TabSheet5.PageControl2.UniScrollBox8.TabSheet13.Pasta.fConfigSis";"Duplicatas";"en-US";"";"Caption";"C:\Projetos\Atlasweb\ConfigSis.dfm"
"UniPanel7.TabSheet5.PageControl2.UniScrollBox8.TabSheet13.Pasta.fConfigSis";"DADOS GERAIS";"en-US";"";"Title";"C:\Projetos\Atlasweb\ConfigSis.dfm"
"GroupBox4.UniPanel7.TabSheet5.PageControl2.UniScrollBox8.TabSheet13.Pasta.fConfigSis";"Geração das Duplicatas dos Impostos";"en-US";"";"Caption";"C:\Projetos\Atlasweb\ConfigSis.dfm"
"cDuplicata01_Dias.GroupBox4.UniPanel7.TabSheet5.PageControl2.UniScrollBox8.TabSheet13.Pasta.fConfigSis";"Vencto.(Dias)";"en-US";"";"FieldLabel";"C:\Projetos\Atlasweb\ConfigSis.dfm"
"cDuplicata02_Dias.GroupBox4.UniPanel7.TabSheet5.PageControl2.UniScrollBox8.TabSheet13.Pasta.fConfigSis";"Vencto.(Dias)";"en-US";"";"FieldLabel";"C:\Projetos\Atlasweb\ConfigSis.dfm"
"cDuplicata03_Dias.GroupBox4.UniPanel7.TabSheet5.PageControl2.UniScrollBox8.TabSheet13.Pasta.fConfigSis";"Vencto.(Dias)";"en-US";"";"FieldLabel";"C:\Projetos\Atlasweb\ConfigSis.dfm"
"cDuplicata04_Dias.GroupBox4.UniPanel7.TabSheet5.PageControl2.UniScrollBox8.TabSheet13.Pasta.fConfigSis";"Vencto.(Dias)";"en-US";"";"FieldLabel";"C:\Projetos\Atlasweb\ConfigSis.dfm"
"cDuplicata05_Dias.GroupBox4.UniPanel7.TabSheet5.PageControl2.UniScrollBox8.TabSheet13.Pasta.fConfigSis";"Vencto.(Dias)";"en-US";"";"FieldLabel";"C:\Projetos\Atlasweb\ConfigSis.dfm"
"cDuplicata06_Dias.GroupBox4.UniPanel7.TabSheet5.PageControl2.UniScrollBox8.TabSheet13.Pasta.fConfigSis";"Vencto.(Dias)";"en-US";"";"FieldLabel";"C:\Projetos\Atlasweb\ConfigSis.dfm"
"cDuplicata07_Dias.GroupBox4.UniPanel7.TabSheet5.PageControl2.UniScrollBox8.TabSheet13.Pasta.fConfigSis";"Vencto.(Dias)";"en-US";"";"FieldLabel";"C:\Projetos\Atlasweb\ConfigSis.dfm"
"cDuplicata08_Dias.GroupBox4.UniPanel7.TabSheet5.PageControl2.UniScrollBox8.TabSheet13.Pasta.fConfigSis";"Vencto.(Dias)";"en-US";"";"FieldLabel";"C:\Projetos\Atlasweb\ConfigSis.dfm"
"cDuplicata01_Sub.GroupBox4.UniPanel7.TabSheet5.PageControl2.UniScrollBox8.TabSheet13.Pasta.fConfigSis";"Mês Subsequente";"en-US";"";"Caption";"C:\Projetos\Atlasweb\ConfigSis.dfm"
"cDuplicata02_Sub.GroupBox4.UniPanel7.TabSheet5.PageControl2.UniScrollBox8.TabSheet13.Pasta.fConfigSis";"Mês Subsequente";"en-US";"";"Caption";"C:\Projetos\Atlasweb\ConfigSis.dfm"
"cDuplicata03_Sub.GroupBox4.UniPanel7.TabSheet5.PageControl2.UniScrollBox8.TabSheet13.Pasta.fConfigSis";"Mês Subsequente";"en-US";"";"Caption";"C:\Projetos\Atlasweb\ConfigSis.dfm"
"cDuplicata04_Sub.GroupBox4.UniPanel7.TabSheet5.PageControl2.UniScrollBox8.TabSheet13.Pasta.fConfigSis";"Mês Subsequente";"en-US";"";"Caption";"C:\Projetos\Atlasweb\ConfigSis.dfm"
"cDuplicata05_Sub.GroupBox4.UniPanel7.TabSheet5.PageControl2.UniScrollBox8.TabSheet13.Pasta.fConfigSis";"Mês Subsequente";"en-US";"";"Caption";"C:\Projetos\Atlasweb\ConfigSis.dfm"
"cDuplicata06_Sub.GroupBox4.UniPanel7.TabSheet5.PageControl2.UniScrollBox8.TabSheet13.Pasta.fConfigSis";"Mês Subsequente";"en-US";"";"Caption";"C:\Projetos\Atlasweb\ConfigSis.dfm"
"cDuplicata07_Sub.GroupBox4.UniPanel7.TabSheet5.PageControl2.UniScrollBox8.TabSheet13.Pasta.fConfigSis";"Mês Subsequente";"en-US";"";"Caption";"C:\Projetos\Atlasweb\ConfigSis.dfm"
"cDuplicata08_Sub.GroupBox4.UniPanel7.TabSheet5.PageControl2.UniScrollBox8.TabSheet13.Pasta.fConfigSis";"Mês Subsequente";"en-US";"";"Caption";"C:\Projetos\Atlasweb\ConfigSis.dfm"
"clDuplicata01.GroupBox4.UniPanel7.TabSheet5.PageControl2.UniScrollBox8.TabSheet13.Pasta.fConfigSis";"Duplicata 1";"en-US";"";"FieldLabel";"C:\Projetos\Atlasweb\ConfigSis.dfm"
"clDuplicata02.GroupBox4.UniPanel7.TabSheet5.PageControl2.UniScrollBox8.TabSheet13.Pasta.fConfigSis";"Duplicata 2";"en-US";"";"FieldLabel";"C:\Projetos\Atlasweb\ConfigSis.dfm"
"clDuplicata03.GroupBox4.UniPanel7.TabSheet5.PageControl2.UniScrollBox8.TabSheet13.Pasta.fConfigSis";"Duplicata 3";"en-US";"";"FieldLabel";"C:\Projetos\Atlasweb\ConfigSis.dfm"
"clDuplicata06.GroupBox4.UniPanel7.TabSheet5.PageControl2.UniScrollBox8.TabSheet13.Pasta.fConfigSis";"Duplicata 6";"en-US";"";"FieldLabel";"C:\Projetos\Atlasweb\ConfigSis.dfm"
"clDuplicata05.GroupBox4.UniPanel7.TabSheet5.PageControl2.UniScrollBox8.TabSheet13.Pasta.fConfigSis";"Duplicata 5";"en-US";"";"FieldLabel";"C:\Projetos\Atlasweb\ConfigSis.dfm"
"clDuplicata04.GroupBox4.UniPanel7.TabSheet5.PageControl2.UniScrollBox8.TabSheet13.Pasta.fConfigSis";"Duplicata 4";"en-US";"";"FieldLabel";"C:\Projetos\Atlasweb\ConfigSis.dfm"
"clDuplicata08.GroupBox4.UniPanel7.TabSheet5.PageControl2.UniScrollBox8.TabSheet13.Pasta.fConfigSis";"Duplicata 8";"en-US";"";"FieldLabel";"C:\Projetos\Atlasweb\ConfigSis.dfm"
"clDuplicata07.GroupBox4.UniPanel7.TabSheet5.PageControl2.UniScrollBox8.TabSheet13.Pasta.fConfigSis";"Duplicata 7";"en-US";"";"FieldLabel";"C:\Projetos\Atlasweb\ConfigSis.dfm"
"cGerar_DuplImpostos.GroupBox4.UniPanel7.TabSheet5.PageControl2.UniScrollBox8.TabSheet13.Pasta.fConfigSis";"Gerar as duplicatas dos impostos na emissão da nota fiscal.";"en-US";"";"Caption";"C:\Projetos\Atlasweb\ConfigSis.dfm"
"clDuplicata01_Class.GroupBox4.UniPanel7.TabSheet5.PageControl2.UniScrollBox8.TabSheet13.Pasta.fConfigSis";"Classificação";"en-US";"";"FieldLabel";"C:\Projetos\Atlasweb\ConfigSis.dfm"
"clDuplicata02_Class.GroupBox4.UniPanel7.TabSheet5.PageControl2.UniScrollBox8.TabSheet13.Pasta.fConfigSis";"Classificação";"en-US";"";"FieldLabel";"C:\Projetos\Atlasweb\ConfigSis.dfm"
"clDuplicata03_Class.GroupBox4.UniPanel7.TabSheet5.PageControl2.UniScrollBox8.TabSheet13.Pasta.fConfigSis";"Classificação";"en-US";"";"FieldLabel";"C:\Projetos\Atlasweb\ConfigSis.dfm"
"clDuplicata06_Class.GroupBox4.UniPanel7.TabSheet5.PageControl2.UniScrollBox8.TabSheet13.Pasta.fConfigSis";"Classificação";"en-US";"";"FieldLabel";"C:\Projetos\Atlasweb\ConfigSis.dfm"
"clDuplicata05_Class.GroupBox4.UniPanel7.TabSheet5.PageControl2.UniScrollBox8.TabSheet13.Pasta.fConfigSis";"Classificação";"en-US";"";"FieldLabel";"C:\Projetos\Atlasweb\ConfigSis.dfm"
"clDuplicata04_Class.GroupBox4.UniPanel7.TabSheet5.PageControl2.UniScrollBox8.TabSheet13.Pasta.fConfigSis";"Classificação";"en-US";"";"FieldLabel";"C:\Projetos\Atlasweb\ConfigSis.dfm"
"clDuplicata08_Class.GroupBox4.UniPanel7.TabSheet5.PageControl2.UniScrollBox8.TabSheet13.Pasta.fConfigSis";"Classificação";"en-US";"";"FieldLabel";"C:\Projetos\Atlasweb\ConfigSis.dfm"
"clDuplicata07_Class.GroupBox4.UniPanel7.TabSheet5.PageControl2.UniScrollBox8.TabSheet13.Pasta.fConfigSis";"Classificação";"en-US";"";"FieldLabel";"C:\Projetos\Atlasweb\ConfigSis.dfm"
"cDia_Util.UniPanel7.TabSheet5.PageControl2.UniScrollBox8.TabSheet13.Pasta.fConfigSis";"Vencimentos em final de semana?";"en-US";"";"Caption";"C:\Projetos\Atlasweb\ConfigSis.dfm"
"cDiferenca_Duplicata.UniPanel7.TabSheet5.PageControl2.UniScrollBox8.TabSheet13.Pasta.fConfigSis";"Diferença de arredondamento";"en-US";"";"Caption";"C:\Projetos\Atlasweb\ConfigSis.dfm"
"cSequencial_Duplicata.UniPanel7.TabSheet5.PageControl2.UniScrollBox8.TabSheet13.Pasta.fConfigSis";"Numero da Duplicata";"en-US";"";"Caption";"C:\Projetos\Atlasweb\ConfigSis.dfm"
"TabSheet9.PageControl2.UniScrollBox8.TabSheet13.Pasta.fConfigSis";"Diversos";"en-US";"";"Caption";"C:\Projetos\Atlasweb\ConfigSis.dfm"
"UniPanel8.TabSheet9.PageControl2.UniScrollBox8.TabSheet13.Pasta.fConfigSis";"DADOS GERAIS";"en-US";"";"Title";"C:\Projetos\Atlasweb\ConfigSis.dfm"
"cCalculo_Comissao.UniPanel8.TabSheet9.PageControl2.UniScrollBox8.TabSheet13.Pasta.fConfigSis";"Calcular comissão de representantes";"en-US";"";"Caption";"C:\Projetos\Atlasweb\ConfigSis.dfm"
"cHora_Solicitacao.UniPanel8.TabSheet9.PageControl2.UniScrollBox8.TabSheet13.Pasta.fConfigSis";"Hora limite para solicitação de numerários";"en-US";"";"FieldLabel";"C:\Projetos\Atlasweb\ConfigSis.dfm"
"GroupBox20.UniPanel8.TabSheet9.PageControl2.UniScrollBox8.TabSheet13.Pasta.fConfigSis";"Lançamento Financeiro (Pagamento Comissões a Representantes)";"en-US";"";"Caption";"C:\Projetos\Atlasweb\ConfigSis.dfm"
"clTipo_DocumentoPagamento.GroupBox20.UniPanel8.TabSheet9.PageControl2.UniScrollBox8.TabSheet13.Pasta.fConfigSis";"Tipo de Documento";"en-US";"";"FieldLabel";"C:\Projetos\Atlasweb\ConfigSis.dfm"
"clCentro_CustoPagamento.GroupBox20.UniPanel8.TabSheet9.PageControl2.UniScrollBox8.TabSheet13.Pasta.fConfigSis";"Centro de Custo";"en-US";"";"FieldLabel";"C:\Projetos\Atlasweb\ConfigSis.dfm"
"clClassificacao_Pagamento.GroupBox20.UniPanel8.TabSheet9.PageControl2.UniScrollBox8.TabSheet13.Pasta.fConfigSis";"Classificação Financeira";"en-US";"";"FieldLabel";"C:\Projetos\Atlasweb\ConfigSis.dfm"
"GroupBox25.UniPanel8.TabSheet9.PageControl2.UniScrollBox8.TabSheet13.Pasta.fConfigSis";"Informações default para empréstimos bancários (Capital de Giro)";"en-US";"";"Caption";"C:\Projetos\Atlasweb\ConfigSis.dfm"
"clEmprestimoBancario_CentroCusto.GroupBox25.UniPanel8.TabSheet9.PageControl2.UniScrollBox8.TabSheet13.Pasta.fConfigSis";"Centro de Custo";"en-US";"";"FieldLabel";"C:\Projetos\Atlasweb\ConfigSis.dfm"
"clEmprestimoBancario_ClassificacaoR.GroupBox25.UniPanel8.TabSheet9.PageControl2.UniScrollBox8.TabSheet13.Pasta.fConfigSis";"Classificação Financeira (Recebimento)";"en-US";"";"FieldLabel";"C:\Projetos\Atlasweb\ConfigSis.dfm"
"clEmprestimoBancario_TipoDocumento.GroupBox25.UniPanel8.TabSheet9.PageControl2.UniScrollBox8.TabSheet13.Pasta.fConfigSis";"Tipo de Documento";"en-US";"";"FieldLabel";"C:\Projetos\Atlasweb\ConfigSis.dfm"
"clEmprestimoBancario_ClassificacaoP.GroupBox25.UniPanel8.TabSheet9.PageControl2.UniScrollBox8.TabSheet13.Pasta.fConfigSis";"Classificação Financeira (Pagamento)";"en-US";"";"FieldLabel";"C:\Projetos\Atlasweb\ConfigSis.dfm"
"cEmprestimoBancario_FormaRecebimento.GroupBox25.UniPanel8.TabSheet9.PageControl2.UniScrollBox8.TabSheet13.Pasta.fConfigSis";"Forma de Recebimento";"en-US";"";"FieldLabel";"C:\Projetos\Atlasweb\ConfigSis.dfm"
"clTipo_DocumentoPagamentoTelevendas.GroupBox31.UniPanel8.TabSheet9.PageControl2.UniScrollBox8.TabSheet13.Pasta.fConfigSis";"Tipo de Documento";"en-US";"";"FieldLabel";"C:\Projetos\Atlasweb\ConfigSis.dfm"
"clCentro_CustoPagamentoTelevendas.GroupBox31.UniPanel8.TabSheet9.PageControl2.UniScrollBox8.TabSheet13.Pasta.fConfigSis";"Centro de Custo";"en-US";"";"FieldLabel";"C:\Projetos\Atlasweb\ConfigSis.dfm"
"clClassificacao_PagamentoTelevendas.GroupBox31.UniPanel8.TabSheet9.PageControl2.UniScrollBox8.TabSheet13.Pasta.fConfigSis";"Classificação Financeira";"en-US";"";"FieldLabel";"C:\Projetos\Atlasweb\ConfigSis.dfm"
"GroupBox32.UniPanel8.TabSheet9.PageControl2.UniScrollBox8.TabSheet13.Pasta.fConfigSis";"Lançamento Financeiro (Pagamento Comissões - Outras)";"en-US";"";"Caption";"C:\Projetos\Atlasweb\ConfigSis.dfm"
"clTipo_DocumentoPagamentoOutros.GroupBox32.UniPanel8.TabSheet9.PageControl2.UniScrollBox8.TabSheet13.Pasta.fConfigSis";"Tipo de Documento";"en-US";"";"FieldLabel";"C:\Projetos\Atlasweb\ConfigSis.dfm"
"clCentro_CustoPagamentoOutros.GroupBox32.UniPanel8.TabSheet9.PageControl2.UniScrollBox8.TabSheet13.Pasta.fConfigSis";"Centro de Custo";"en-US";"";"FieldLabel";"C:\Projetos\Atlasweb\ConfigSis.dfm"
"clClassificacao_PagamentoOutros.GroupBox32.UniPanel8.TabSheet9.PageControl2.UniScrollBox8.TabSheet13.Pasta.fConfigSis";"Classificação Financeira";"en-US";"";"FieldLabel";"C:\Projetos\Atlasweb\ConfigSis.dfm"
"TabSheet15.PageControl2.UniScrollBox8.TabSheet13.Pasta.fConfigSis";"Boleto Bancário";"en-US";"";"Caption";"C:\Projetos\Atlasweb\ConfigSis.dfm"
"UniPanel9.TabSheet15.PageControl2.UniScrollBox8.TabSheet13.Pasta.fConfigSis";"DADOS GERAIS";"en-US";"";"Title";"C:\Projetos\Atlasweb\ConfigSis.dfm"
"cBoleto_Contato.UniPanel9.TabSheet15.PageControl2.UniScrollBox8.TabSheet13.Pasta.fConfigSis";"Imprimir dados de contato no boleto.";"en-US";"";"Caption";"C:\Projetos\Atlasweb\ConfigSis.dfm"
"cBoleto_EspecieDOC.UniPanel9.TabSheet15.PageControl2.UniScrollBox8.TabSheet13.Pasta.fConfigSis";"Espécie Documento";"en-US";"";"FieldLabel";"C:\Projetos\Atlasweb\ConfigSis.dfm"
"cBoleto_InstrucaoCod.UniPanel9.TabSheet15.PageControl2.UniScrollBox8.TabSheet13.Pasta.fConfigSis";"Instruções 1 (Código/Descrição)";"en-US";"";"FieldLabel";"C:\Projetos\Atlasweb\ConfigSis.dfm"
"cBoleto_InstrucaoCod2.UniPanel9.TabSheet15.PageControl2.UniScrollBox8.TabSheet13.Pasta.fConfigSis";"Instruções 2 (Código)";"en-US";"";"FieldLabel";"C:\Projetos\Atlasweb\ConfigSis.dfm"
"cBoleto_Instrucoes.UniPanel9.TabSheet15.PageControl2.UniScrollBox8.TabSheet13.Pasta.fConfigSis";"Instruções 1 (Código/Descrição)";"en-US";"";"FieldLabel";"C:\Projetos\Atlasweb\ConfigSis.dfm"
"cBoleto_LocalPagamento.UniPanel9.TabSheet15.PageControl2.UniScrollBox8.TabSheet13.Pasta.fConfigSis";"Local de Pagamento";"en-US";"";"FieldLabel";"C:\Projetos\Atlasweb\ConfigSis.dfm"
"cBoleto_PercentualJuros.UniPanel9.TabSheet15.PageControl2.UniScrollBox8.TabSheet13.Pasta.fConfigSis";"Percentual de Juros por dia de atraso";"en-US";"";"FieldLabel";"C:\Projetos\Atlasweb\ConfigSis.dfm"
"cBoleto_PercentualMulta.UniPanel9.TabSheet15.PageControl2.UniScrollBox8.TabSheet13.Pasta.fConfigSis";"Percentual de multa após o vencimento";"en-US";"";"FieldLabel";"C:\Projetos\Atlasweb\ConfigSis.dfm"
"cBoleto_ProtestoDias.UniPanel9.TabSheet15.PageControl2.UniScrollBox8.TabSheet13.Pasta.fConfigSis";"Protestar após quantos dias";"en-US";"";"FieldLabel";"C:\Projetos\Atlasweb\ConfigSis.dfm"
"TabSheet3.Pasta.fConfigSis";"Processos";"en-US";"";"Caption";"C:\Projetos\Atlasweb\ConfigSis.dfm"
"TabSheet19.PageControl3.UniScrollBox7.TabSheet3.Pasta.fConfigSis";"Diversos";"en-US";"";"Caption";"C:\Projetos\Atlasweb\ConfigSis.dfm"
"UniPanel11.TabSheet19.PageControl3.UniScrollBox7.TabSheet3.Pasta.fConfigSis";"DADOS GERAIS";"en-US";"";"Title";"C:\Projetos\Atlasweb\ConfigSis.dfm"
"cProcesso_Numero.UniPanel11.TabSheet19.PageControl3.UniScrollBox7.TabSheet3.Pasta.fConfigSis";"Geração do Número do Processo/PO Automático";"en-US";"";"Caption";"C:\Projetos\Atlasweb\ConfigSis.dfm"
"cBloquear_ProcessoFechado.UniPanel11.TabSheet19.PageControl3.UniScrollBox7.TabSheet3.Pasta.fConfigSis";"Bloquear a movimentação financeira para processos fechados.";"en-US";"";"Caption";"C:\Projetos\Atlasweb\ConfigSis.dfm"
"cProcesso_ObrigarFatura.UniPanel11.TabSheet19.PageControl3.UniScrollBox7.TabSheet3.Pasta.fConfigSis";"Obrigar campos da fatura no cadastro do processo.";"en-US";"";"Caption";"C:\Projetos\Atlasweb\ConfigSis.dfm"
"cValor_DI.UniPanel11.TabSheet19.PageControl3.UniScrollBox7.TabSheet3.Pasta.fConfigSis";"Valor da DI";"en-US";"";"FieldLabel";"C:\Projetos\Atlasweb\ConfigSis.dfm"
"TabSheet17.PageControl3.UniScrollBox7.TabSheet3.Pasta.fConfigSis";"Importação de DI";"en-US";"";"Caption";"C:\Projetos\Atlasweb\ConfigSis.dfm"
"UniPanel12.TabSheet17.PageControl3.UniScrollBox7.TabSheet3.Pasta.fConfigSis";"DADOS GERAIS";"en-US";"";"Title";"C:\Projetos\Atlasweb\ConfigSis.dfm"
"clMoeda_Importacao.UniPanel12.TabSheet17.PageControl3.UniScrollBox7.TabSheet3.Pasta.fConfigSis";"Moeda padrão p/conversão p/DI's com mais de uma moeda";"en-US";"";"FieldLabel";"C:\Projetos\Atlasweb\ConfigSis.dfm"
"clRamo_Atividade.UniPanel12.TabSheet17.PageControl3.UniScrollBox7.TabSheet3.Pasta.fConfigSis";"Ramo de atividade padrão para fornecedores do exterior";"en-US";"";"FieldLabel";"C:\Projetos\Atlasweb\ConfigSis.dfm"
"cAdicao_PesoLiquido.UniPanel12.TabSheet17.PageControl3.UniScrollBox7.TabSheet3.Pasta.fConfigSis";"Peso Unitário Produto";"en-US";"";"Caption";"C:\Projetos\Atlasweb\ConfigSis.dfm"
"cSISCOMEX_MascaraReferencia.UniPanel12.TabSheet17.PageControl3.UniScrollBox7.TabSheet3.Pasta.fConfigSis";"Máscara p/importação cód.referência na descrição do prod.";"en-US";"";"FieldLabel";"C:\Projetos\Atlasweb\ConfigSis.dfm"
"cProcesso_ImportarFechado.UniPanel12.TabSheet17.PageControl3.UniScrollBox7.TabSheet3.Pasta.fConfigSis";"Importar processos com notas fiscais já emitidas.";"en-US";"";"Caption";"C:\Projetos\Atlasweb\ConfigSis.dfm"
"cAFRMM_Calcular.UniPanel12.TabSheet17.PageControl3.UniScrollBox7.TabSheet3.Pasta.fConfigSis";"Calcular valor de AFRMM e gerar lançamento no financeiro.";"en-US";"";"Caption";"C:\Projetos\Atlasweb\ConfigSis.dfm"
"cAFRMM_Tarifa.UniPanel12.TabSheet17.PageControl3.UniScrollBox7.TabSheet3.Pasta.fConfigSis";"Tarifa";"en-US";"";"FieldLabel";"C:\Projetos\Atlasweb\ConfigSis.dfm"
"cAFRMM_Taxa.UniPanel12.TabSheet17.PageControl3.UniScrollBox7.TabSheet3.Pasta.fConfigSis";"Taxa Utilização Mercante";"en-US";"";"FieldLabel";"C:\Projetos\Atlasweb\ConfigSis.dfm"
"cAFRMM_Percentual.UniPanel12.TabSheet17.PageControl3.UniScrollBox7.TabSheet3.Pasta.fConfigSis";"Percentual p/Cálculo";"en-US";"";"FieldLabel";"C:\Projetos\Atlasweb\ConfigSis.dfm"
"cSISCOMEX_MascaraPosicao.UniPanel12.TabSheet17.PageControl3.UniScrollBox7.TabSheet3.Pasta.fConfigSis";"Posição do código de referência na descrição";"en-US";"";"Caption";"C:\Projetos\Atlasweb\ConfigSis.dfm"
"cSISCOMEX_MascaraPO.UniPanel12.TabSheet17.PageControl3.UniScrollBox7.TabSheet3.Pasta.fConfigSis";"Máscara p/importação do nº do PO na descrição do prod.";"en-US";"";"FieldLabel";"C:\Projetos\Atlasweb\ConfigSis.dfm"
"cSISCOMEX_MascaraITEM.UniPanel12.TabSheet17.PageControl3.UniScrollBox7.TabSheet3.Pasta.fConfigSis";"Máscara p/importação do nº do ITEM na descrição do prod.";"en-US";"";"FieldLabel";"C:\Projetos\Atlasweb\ConfigSis.dfm"
"TabSheet18.PageControl3.UniScrollBox7.TabSheet3.Pasta.fConfigSis";"Fechamento de Processos";"en-US";"";"Caption";"C:\Projetos\Atlasweb\ConfigSis.dfm"
"UniPanel13.TabSheet18.PageControl3.UniScrollBox7.TabSheet3.Pasta.fConfigSis";"DADOS GERAIS";"en-US";"";"Title";"C:\Projetos\Atlasweb\ConfigSis.dfm"
"clProcesso_FechamentoCSLL.UniPanel13.TabSheet18.PageControl3.UniScrollBox7.TabSheet3.Pasta.fConfigSis";"CSLL";"en-US";"";"FieldLabel";"C:\Projetos\Atlasweb\ConfigSis.dfm"
"clProcesso_FechamentoIRPJ.UniPanel13.TabSheet18.PageControl3.UniScrollBox7.TabSheet3.Pasta.fConfigSis";"IRPJ";"en-US";"";"FieldLabel";"C:\Projetos\Atlasweb\ConfigSis.dfm"
"cProcesso_FechamentoICMSPagar.UniPanel13.TabSheet18.PageControl3.UniScrollBox7.TabSheet3.Pasta.fConfigSis";"Percentual ICMS (Pagar)";"en-US";"";"FieldLabel";"C:\Projetos\Atlasweb\ConfigSis.dfm"
"cProcesso_FechamentoFDE.UniPanel13.TabSheet18.PageControl3.UniScrollBox7.TabSheet3.Pasta.fConfigSis";"Percentual FDE";"en-US";"";"FieldLabel";"C:\Projetos\Atlasweb\ConfigSis.dfm"
"cProcesso_FechamentoAssAduaneira.UniPanel13.TabSheet18.PageControl3.UniScrollBox7.TabSheet3.Pasta.fConfigSis";"Assessoria Aduaneira";"en-US";"";"FieldLabel";"C:\Projetos\Atlasweb\ConfigSis.dfm"
"clProcesso_FechamentoClassPgtoCliente.UniPanel13.TabSheet18.PageControl3.UniScrollBox7.TabSheet3.Pasta.fConfigSis";"Classificação Pgto. Cliente";"en-US";"";"FieldLabel";"C:\Projetos\Atlasweb\ConfigSis.dfm"
"clProcesso_FechamentoClassCorrecao.UniPanel13.TabSheet18.PageControl3.UniScrollBox7.TabSheet3.Pasta.fConfigSis";"Classificação Corr.Financ.";"en-US";"";"FieldLabel";"C:\Projetos\Atlasweb\ConfigSis.dfm"
"cProcesso_FechamentoCorrecao.UniPanel13.TabSheet18.PageControl3.UniScrollBox7.TabSheet3.Pasta.fConfigSis";"Percentual Correção Dia";"en-US";"";"FieldLabel";"C:\Projetos\Atlasweb\ConfigSis.dfm"
"cProcesso_FechamentoObservacao.UniPanel13.TabSheet18.PageControl3.UniScrollBox7.TabSheet3.Pasta.fConfigSis";"Observação das Despesas";"en-US";"";"Caption";"C:\Projetos\Atlasweb\ConfigSis.dfm"
"cProcesso_FechamentoObsTexto.UniPanel13.TabSheet18.PageControl3.UniScrollBox7.TabSheet3.Pasta.fConfigSis";"Observação para o Fechamento";"en-US";"";"FieldLabel";"C:\Projetos\Atlasweb\ConfigSis.dfm"
"clProcesso_FechamentoDRE.UniPanel13.TabSheet18.PageControl3.UniScrollBox7.TabSheet3.Pasta.fConfigSis";"Código da DRE";"en-US";"";"FieldLabel";"C:\Projetos\Atlasweb\ConfigSis.dfm"
"TabSheet8.Pasta.fConfigSis";"Checagens";"en-US";"";"Caption";"C:\Projetos\Atlasweb\ConfigSis.dfm"
"UniPanel14.UniScrollBox9.TabSheet8.Pasta.fConfigSis";"DADOS GERAIS";"en-US";"";"Title";"C:\Projetos\Atlasweb\ConfigSis.dfm"
"GroupBox22.UniPanel14.UniScrollBox9.TabSheet8.Pasta.fConfigSis";"Entrega de Arquivos Fiscais";"en-US";"";"Caption";"C:\Projetos\Atlasweb\ConfigSis.dfm"
"cVencimento_FISCALDias.GroupBox22.UniPanel14.UniScrollBox9.TabSheet8.Pasta.fConfigSis";"Avisar quantos dias antes?";"en-US";"";"FieldLabel";"C:\Projetos\Atlasweb\ConfigSis.dfm"
"cVencimento_PISCOFINSDias.GroupBox22.UniPanel14.UniScrollBox9.TabSheet8.Pasta.fConfigSis";"Avisar quantos dias antes?";"en-US";"";"FieldLabel";"C:\Projetos\Atlasweb\ConfigSis.dfm"
"cVencimento_CONTABILDias.GroupBox22.UniPanel14.UniScrollBox9.TabSheet8.Pasta.fConfigSis";"Avisar quantos dias antes?";"en-US";"";"FieldLabel";"C:\Projetos\Atlasweb\ConfigSis.dfm"
"cVencimento_SINTEGRADias.GroupBox22.UniPanel14.UniScrollBox9.TabSheet8.Pasta.fConfigSis";"Avisar quantos dias antes?";"en-US";"";"FieldLabel";"C:\Projetos\Atlasweb\ConfigSis.dfm"
"cVencimento_FISCAL.GroupBox22.UniPanel14.UniScrollBox9.TabSheet8.Pasta.fConfigSis";"Dia Vencimento SPED FISCAL";"en-US";"";"FieldLabel";"C:\Projetos\Atlasweb\ConfigSis.dfm"
"cVencimento_PISCOFINS.GroupBox22.UniPanel14.UniScrollBox9.TabSheet8.Pasta.fConfigSis";"Dia Vencimento SPED PIS/COFINS";"en-US";"";"FieldLabel";"C:\Projetos\Atlasweb\ConfigSis.dfm"
"cVencimento_CONTABIL.GroupBox22.UniPanel14.UniScrollBox9.TabSheet8.Pasta.fConfigSis";"Dia Vencimento SPED CONTABIL";"en-US";"";"FieldLabel";"C:\Projetos\Atlasweb\ConfigSis.dfm"
"cVencimento_SINTEGRA.GroupBox22.UniPanel14.UniScrollBox9.TabSheet8.Pasta.fConfigSis";"Dia Vencimento SINTEGRA";"en-US";"";"FieldLabel";"C:\Projetos\Atlasweb\ConfigSis.dfm"
"cVencimento_CONTABILMes.GroupBox22.UniPanel14.UniScrollBox9.TabSheet8.Pasta.fConfigSis";"Mês Específico";"en-US";"";"FieldLabel";"C:\Projetos\Atlasweb\ConfigSis.dfm"
"UniGroupBox2.UniPanel14.UniScrollBox9.TabSheet8.Pasta.fConfigSis";"Avisos de Vencimentos";"en-US";"";"Caption";"C:\Projetos\Atlasweb\ConfigSis.dfm"
"cAviso_VencimentoContrato.UniGroupBox2.UniPanel14.UniScrollBox9.TabSheet8.Pasta.fConfigSis";"Contrato do cliente quantos dias antes?";"en-US";"";"FieldLabel";"C:\Projetos\Atlasweb\ConfigSis.dfm"
"cAviso_VencimentoRetorno.UniGroupBox2.UniPanel14.UniScrollBox9.TabSheet8.Pasta.fConfigSis";"Retorno de Notas Fiscals Quantos dias Antes?";"en-US";"";"FieldLabel";"C:\Projetos\Atlasweb\ConfigSis.dfm"
"cAviso_VencimentoRadar.UniGroupBox2.UniPanel14.UniScrollBox9.TabSheet8.Pasta.fConfigSis";"Radar do cliente quantos dias antes?";"en-US";"";"FieldLabel";"C:\Projetos\Atlasweb\ConfigSis.dfm"
"cAviso_VencimentoVinculacao.UniGroupBox2.UniPanel14.UniScrollBox9.TabSheet8.Pasta.fConfigSis";"Vinculação do cliente quantos dias antes?";"en-US";"";"FieldLabel";"C:\Projetos\Atlasweb\ConfigSis.dfm"
"cAviso_MovimentoMinimo.UniGroupBox2.UniPanel14.UniScrollBox9.TabSheet8.Pasta.fConfigSis";"Clientes sem movimentação  quantos dias?";"en-US";"";"FieldLabel";"C:\Projetos\Atlasweb\ConfigSis.dfm"
"cAviso_MovimentoMaximo.UniGroupBox2.UniPanel14.UniScrollBox9.TabSheet8.Pasta.fConfigSis";"Maxímo";"en-US";"";"FieldLabel";"C:\Projetos\Atlasweb\ConfigSis.dfm"
"TabSheet14.Pasta.fConfigSis";"Televendas";"en-US";"";"Caption";"C:\Projetos\Atlasweb\ConfigSis.dfm"
"UniPanel10.UniScrollBox4.TabSheet14.Pasta.fConfigSis";"DADOS GERAIS";"en-US";"";"Title";"C:\Projetos\Atlasweb\ConfigSis.dfm"
"GroupBox28.UniPanel10.UniScrollBox4.TabSheet14.Pasta.fConfigSis";"Dados de Faturamento para pedidos de Televendas";"en-US";"";"Caption";"C:\Projetos\Atlasweb\ConfigSis.dfm"
"clTelevendas_Transportador.GroupBox28.UniPanel10.UniScrollBox4.TabSheet14.Pasta.fConfigSis";"Transportador";"en-US";"";"FieldLabel";"C:\Projetos\Atlasweb\ConfigSis.dfm"
"cTipoNota.GroupBox28.UniPanel10.UniScrollBox4.TabSheet14.Pasta.fConfigSis";"Tipo Nota";"en-US";"";"FieldLabel";"C:\Projetos\Atlasweb\ConfigSis.dfm"
"cModalidadeFrete.GroupBox28.UniPanel10.UniScrollBox4.TabSheet14.Pasta.fConfigSis";"Modalidade de Frete";"en-US";"";"FieldLabel";"C:\Projetos\Atlasweb\ConfigSis.dfm"
"cTelevendas_NaturezaFora.GroupBox28.UniPanel10.UniScrollBox4.TabSheet14.Pasta.fConfigSis";"Natureza Operação (Fora do Estado)";"en-US";"";"FieldLabel";"C:\Projetos\Atlasweb\ConfigSis.dfm"
"cModalidade.GroupBox28.UniPanel10.UniScrollBox4.TabSheet14.Pasta.fConfigSis";"Modalidade Pgto";"en-US";"";"FieldLabel";"C:\Projetos\Atlasweb\ConfigSis.dfm"
"cTelevendas_NaturezaDentro.GroupBox28.UniPanel10.UniScrollBox4.TabSheet14.Pasta.fConfigSis";"Natureza Operação (Dentro do Estado)";"en-US";"";"FieldLabel";"C:\Projetos\Atlasweb\ConfigSis.dfm"
"Alerta.fConfigSis";"Title";"en-US";"";"Title";"C:\Projetos\Atlasweb\ConfigSis.dfm"
"bBloquearMes.pBarraNav.fContab_BloquearPeriodo";"Desbloquear Mês";"en-US";"";"Caption";"C:\Projetos\Atlasweb\Contab_BloquearPeriodo.dfm"
"bBloqTudo.pBarraNav.fContab_BloquearPeriodo";"Bloquear Tudo";"en-US";"";"Caption";"C:\Projetos\Atlasweb\Contab_BloquearPeriodo.dfm"
"bDesTudo.pBarraNav.fContab_BloquearPeriodo";"Desbloquear Tudo";"en-US";"";"Caption";"C:\Projetos\Atlasweb\Contab_BloquearPeriodo.dfm"
"aLista.Pasta.fContab_BloquearPeriodo";"Meses Movimentados";"en-US";"";"Caption";"C:\Projetos\Atlasweb\Contab_BloquearPeriodo.dfm"
"cAno.UniPanel2.aLista.Pasta.fContab_BloquearPeriodo";"Ano";"en-US";"";"FieldLabel";"C:\Projetos\Atlasweb\Contab_BloquearPeriodo.dfm"
"cTodos.UniPanel2.aLista.Pasta.fContab_BloquearPeriodo";"Todos os Anos";"en-US";"";"Caption";"C:\Projetos\Atlasweb\Contab_BloquearPeriodo.dfm"
"Alerta";"Data inválida!";"en-US";"";"Title";"C:\Projetos\Atlasweb\Contab_BloquearPeriodo.dfm"
"pLista.Pasta.fCtbLancamentos";"Lista";"en-US";"";"Caption";"C:\Projetos\Atlasweb\CtbLancamentos.dfm"
"cAno.UniPanel3.UniPanel1.pLista.Pasta.fCtbLancamentos";"Ano";"en-US";"";"FieldLabel";"C:\Projetos\Atlasweb\CtbLancamentos.dfm"
"cMes.UniPanel3.UniPanel1.pLista.Pasta.fCtbLancamentos";"Mês";"en-US";"";"FieldLabel";"C:\Projetos\Atlasweb\CtbLancamentos.dfm"
"cDia.UniPanel3.UniPanel1.pLista.Pasta.fCtbLancamentos";"Dia";"en-US";"";"FieldLabel";"C:\Projetos\Atlasweb\CtbLancamentos.dfm"
"cTodos.UniPanel3.UniPanel1.pLista.Pasta.fCtbLancamentos";"Todos os Dias";"en-US";"";"Caption";"C:\Projetos\Atlasweb\CtbLancamentos.dfm"
"GroupBox1.Panel8.pLista.Pasta.fCtbLancamentos";"Total do Lote";"en-US";"";"Caption";"C:\Projetos\Atlasweb\CtbLancamentos.dfm"
"cDebLote.GroupBox1.Panel8.pLista.Pasta.fCtbLancamentos";"Débitos";"en-US";"";"FieldLabel";"C:\Projetos\Atlasweb\CtbLancamentos.dfm"
"cDifLote.GroupBox1.Panel8.pLista.Pasta.fCtbLancamentos";"Diferença";"en-US";"";"FieldLabel";"C:\Projetos\Atlasweb\CtbLancamentos.dfm"
"cCredLote.GroupBox1.Panel8.pLista.Pasta.fCtbLancamentos";"Créditos";"en-US";"";"FieldLabel";"C:\Projetos\Atlasweb\CtbLancamentos.dfm"
"cLanLote.GroupBox1.Panel8.pLista.Pasta.fCtbLancamentos";"Lançamentos";"en-US";"";"FieldLabel";"C:\Projetos\Atlasweb\CtbLancamentos.dfm"
"cLote.GroupBox1.Panel8.pLista.Pasta.fCtbLancamentos";"Lote";"en-US";"";"FieldLabel";"C:\Projetos\Atlasweb\CtbLancamentos.dfm"
"UniGroupBox3.Panel8.pLista.Pasta.fCtbLancamentos";"Total do Dia";"en-US";"";"Caption";"C:\Projetos\Atlasweb\CtbLancamentos.dfm"
"UniDBEdit3.UniGroupBox3.Panel8.pLista.Pasta.fCtbLancamentos";"Débitos";"en-US";"";"FieldLabel";"C:\Projetos\Atlasweb\CtbLancamentos.dfm"
"UniDBEdit4.UniGroupBox3.Panel8.pLista.Pasta.fCtbLancamentos";"Diferença";"en-US";"";"FieldLabel";"C:\Projetos\Atlasweb\CtbLancamentos.dfm"
"UniDBEdit5.UniGroupBox3.Panel8.pLista.Pasta.fCtbLancamentos";"Créditos";"en-US";"";"FieldLabel";"C:\Projetos\Atlasweb\CtbLancamentos.dfm"
"UniDBEdit6.UniGroupBox3.Panel8.pLista.Pasta.fCtbLancamentos";"Lançamentos";"en-US";"";"FieldLabel";"C:\Projetos\Atlasweb\CtbLancamentos.dfm"
"UniDBEdit7.UniGroupBox3.Panel8.pLista.Pasta.fCtbLancamentos";"Lote";"en-US";"";"FieldLabel";"C:\Projetos\Atlasweb\CtbLancamentos.dfm"
"UniGroupBox4.Panel8.pLista.Pasta.fCtbLancamentos";"Total do Mês";"en-US";"";"Caption";"C:\Projetos\Atlasweb\CtbLancamentos.dfm"
"UniDBEdit8.UniGroupBox4.Panel8.pLista.Pasta.fCtbLancamentos";"Débitos";"en-US";"";"FieldLabel";"C:\Projetos\Atlasweb\CtbLancamentos.dfm"
"UniDBEdit9.UniGroupBox4.Panel8.pLista.Pasta.fCtbLancamentos";"Diferença";"en-US";"";"FieldLabel";"C:\Projetos\Atlasweb\CtbLancamentos.dfm"
"UniDBEdit10.UniGroupBox4.Panel8.pLista.Pasta.fCtbLancamentos";"Créditos";"en-US";"";"FieldLabel";"C:\Projetos\Atlasweb\CtbLancamentos.dfm"
"UniDBEdit11.UniGroupBox4.Panel8.pLista.Pasta.fCtbLancamentos";"Lançamentos";"en-US";"";"FieldLabel";"C:\Projetos\Atlasweb\CtbLancamentos.dfm"
"UniDBEdit12.UniGroupBox4.Panel8.pLista.Pasta.fCtbLancamentos";"Lote";"en-US";"";"FieldLabel";"C:\Projetos\Atlasweb\CtbLancamentos.dfm"
"UniGroupBox5.Panel8.pLista.Pasta.fCtbLancamentos";"Total do Ano";"en-US";"";"Caption";"C:\Projetos\Atlasweb\CtbLancamentos.dfm"
"UniDBEdit13.UniGroupBox5.Panel8.pLista.Pasta.fCtbLancamentos";"Débitos";"en-US";"";"FieldLabel";"C:\Projetos\Atlasweb\CtbLancamentos.dfm"
"UniDBEdit14.UniGroupBox5.Panel8.pLista.Pasta.fCtbLancamentos";"Diferença";"en-US";"";"FieldLabel";"C:\Projetos\Atlasweb\CtbLancamentos.dfm"
"UniDBEdit15.UniGroupBox5.Panel8.pLista.Pasta.fCtbLancamentos";"Créditos";"en-US";"";"FieldLabel";"C:\Projetos\Atlasweb\CtbLancamentos.dfm"
"UniDBEdit16.UniGroupBox5.Panel8.pLista.Pasta.fCtbLancamentos";"Lançamentos";"en-US";"";"FieldLabel";"C:\Projetos\Atlasweb\CtbLancamentos.dfm"
"UniDBEdit17.UniGroupBox5.Panel8.pLista.Pasta.fCtbLancamentos";"Lote";"en-US";"";"FieldLabel";"C:\Projetos\Atlasweb\CtbLancamentos.dfm"
"UniPanel2.pLista.Pasta.fCtbLancamentos";"UniPanel2";"en-US";"";"Caption";"C:\Projetos\Atlasweb\CtbLancamentos.dfm"
"UniTabSheet1";"Lote/Lançamento";"en-US";"";"Caption";"C:\Projetos\Atlasweb\CtbLancamentos.dfm"
"UniPanel5.UniScrollBox3.UniTabSheet1";"DADOS DO LOTE";"en-US";"";"Title";"C:\Projetos\Atlasweb\CtbLancamentos.dfm"
"cDescricao.pFichaLote.UniPanel5.UniScrollBox3.UniTabSheet1";"Descrição";"en-US";"";"FieldLabel";"C:\Projetos\Atlasweb\CtbLancamentos.dfm"
"UniDBDateTimePicker3.pFichaLote.UniPanel5.UniScrollBox3.UniTabSheet1";"Data";"en-US";"";"FieldLabel";"C:\Projetos\Atlasweb\CtbLancamentos.dfm"
"UniDBEdit26.pFichaLote.UniPanel5.UniScrollBox3.UniTabSheet1";"Lote nº";"en-US";"";"FieldLabel";"C:\Projetos\Atlasweb\CtbLancamentos.dfm"
"UniDBEdit27.pFichaLote.UniPanel5.UniScrollBox3.UniTabSheet1";"Código";"en-US";"";"FieldLabel";"C:\Projetos\Atlasweb\CtbLancamentos.dfm"
"UniDBCheckBox3.pFichaLote.UniPanel5.UniScrollBox3.UniTabSheet1";"Aberto";"en-US";"";"Caption";"C:\Projetos\Atlasweb\CtbLancamentos.dfm"
"UniDBCheckBox4.pFichaLote.UniPanel5.UniScrollBox3.UniTabSheet1";"Contabilizar";"en-US";"";"Caption";"C:\Projetos\Atlasweb\CtbLancamentos.dfm"
"cEmpresa.pFichaLote.UniPanel5.UniScrollBox3.UniTabSheet1";"Empresa";"en-US";"";"FieldLabel";"C:\Projetos\Atlasweb\CtbLancamentos.dfm"
"UniPanel7.UniScrollBox3.UniTabSheet1";"DADOS DO LANÇAMENTO";"en-US";"";"Title";"C:\Projetos\Atlasweb\CtbLancamentos.dfm"
"cConta_Credito.pFichaLan.UniPanel7.UniScrollBox3.UniTabSheet1";"Conta Crédito";"en-US";"";"FieldLabel";"C:\Projetos\Atlasweb\CtbLancamentos.dfm"
"cConta_Debito.pFichaLan.UniPanel7.UniScrollBox3.UniTabSheet1";"Conta Débito";"en-US";"";"FieldLabel";"C:\Projetos\Atlasweb\CtbLancamentos.dfm"
"UniDBLookupComboBox4.pFichaLan.UniPanel7.UniScrollBox3.UniTabSheet1";"Processo Débito";"en-US";"";"FieldLabel";"C:\Projetos\Atlasweb\CtbLancamentos.dfm"
"UniDBEdit21.pFichaLan.UniPanel7.UniScrollBox3.UniTabSheet1";"Número";"en-US";"";"FieldLabel";"C:\Projetos\Atlasweb\CtbLancamentos.dfm"
"UniDBDateTimePicker2.pFichaLan.UniPanel7.UniScrollBox3.UniTabSheet1";"Data Doc";"en-US";"";"FieldLabel";"C:\Projetos\Atlasweb\CtbLancamentos.dfm"
"UniDBLookupComboBox5.pFichaLan.UniPanel7.UniScrollBox3.UniTabSheet1";"Tipo Documento";"en-US";"";"FieldLabel";"C:\Projetos\Atlasweb\CtbLancamentos.dfm"
"UniDBLookupComboBox6.pFichaLan.UniPanel7.UniScrollBox3.UniTabSheet1";"Processo Crédito";"en-US";"";"FieldLabel";"C:\Projetos\Atlasweb\CtbLancamentos.dfm"
"cEmpresaLan.pFichaLan.UniPanel7.UniScrollBox3.UniTabSheet1";"Descrição";"en-US";"";"FieldLabel";"C:\Projetos\Atlasweb\CtbLancamentos.dfm"
"cHistorico_Codigo.pFichaLan.UniPanel7.UniScrollBox3.UniTabSheet1";"Histórico (Código)";"en-US";"";"FieldLabel";"C:\Projetos\Atlasweb\CtbLancamentos.dfm"
"cHistorico_Complemento.pFichaLan.UniPanel7.UniScrollBox3.UniTabSheet1";"Histórico Complemento";"en-US";"";"FieldLabel";"C:\Projetos\Atlasweb\CtbLancamentos.dfm"
"UniDBLookupComboBox7.pFichaLan.UniPanel7.UniScrollBox3.UniTabSheet1";"Beneficiário";"en-US";"";"FieldLabel";"C:\Projetos\Atlasweb\CtbLancamentos.dfm"
"cHistorico.pFichaLan.UniPanel7.UniScrollBox3.UniTabSheet1";"Histórico (Descrição)";"en-US";"";"FieldLabel";"C:\Projetos\Atlasweb\CtbLancamentos.dfm"
"UniDBEdit18.pFichaLan.UniPanel7.UniScrollBox3.UniTabSheet1";"Origem";"en-US";"";"FieldLabel";"C:\Projetos\Atlasweb\CtbLancamentos.dfm"
"cValor.pFichaLan.UniPanel7.UniScrollBox3.UniTabSheet1";"Valor";"en-US";"";"FieldLabel";"C:\Projetos\Atlasweb\CtbLancamentos.dfm"
"aLista.Pasta.fDespRegistroDI";"Lista";"en-US";"";"Caption";"C:\Projetos\Atlasweb\DespRegistroDI.dfm"
"tDadosDI";"Dados da DI";"en-US";"";"Caption";"C:\Projetos\Atlasweb\DespRegistroDI.dfm"
"UniPanel1.UniScrollBox1.tDadosDI";"DADOS GERAIS";"en-US";"";"Title";"C:\Projetos\Atlasweb\DespRegistroDI.dfm"
"cDI.UniPanel1.UniScrollBox1.tDadosDI";"DI";"en-US";"";"FieldLabel";"C:\Projetos\Atlasweb\DespRegistroDI.dfm"
"cFUNDAP.UniPanel1.UniScrollBox1.tDadosDI";"FUNDAP";"en-US";"";"Caption";"C:\Projetos\Atlasweb\DespRegistroDI.dfm"
"cMultimodal.UniPanel1.UniScrollBox1.tDadosDI";"Multimodal";"en-US";"";"Caption";"C:\Projetos\Atlasweb\DespRegistroDI.dfm"
"cData.UniPanel1.UniScrollBox1.tDadosDI";"Data";"en-US";"";"FieldLabel";"C:\Projetos\Atlasweb\DespRegistroDI.dfm"
"cURF_Entrega.UniPanel1.UniScrollBox1.tDadosDI";"URF de Entrega";"en-US";"";"FieldLabel";"C:\Projetos\Atlasweb\DespRegistroDI.dfm"
"cURF_Despacho.UniPanel1.UniScrollBox1.tDadosDI";"URF de Despacho";"en-US";"";"FieldLabel";"C:\Projetos\Atlasweb\DespRegistroDI.dfm"
"clModalidade_Importacao.UniPanel1.UniScrollBox1.tDadosDI";"Modalidade de Importação";"en-US";"";"FieldLabel";"C:\Projetos\Atlasweb\DespRegistroDI.dfm"
"cConsignatario.UniPanel1.UniScrollBox1.tDadosDI";"Consignatário";"en-US";"";"FieldLabel";"C:\Projetos\Atlasweb\DespRegistroDI.dfm"
"cPais_Procedencia.UniPanel1.UniScrollBox1.tDadosDI";"País Procedência Carga";"en-US";"";"FieldLabel";"C:\Projetos\Atlasweb\DespRegistroDI.dfm"
"cProcesso.UniPanel1.UniScrollBox1.tDadosDI";"Processo";"en-US";"";"FieldLabel";"C:\Projetos\Atlasweb\DespRegistroDI.dfm"
"cMotivo_AdmissaoTemp.UniPanel1.UniScrollBox1.tDadosDI";"Motivo Adm.Temporaria";"en-US";"";"FieldLabel";"C:\Projetos\Atlasweb\DespRegistroDI.dfm"
"cTipo_Pagamento.UniPanel1.UniScrollBox1.tDadosDI";"Pgto Tributos";"en-US";"";"Caption";"C:\Projetos\Atlasweb\DespRegistroDI.dfm"
"cTipo_Declaracao.UniPanel1.UniScrollBox1.tDadosDI";"Tipo de Declaração";"en-US";"";"FieldLabel";"C:\Projetos\Atlasweb\DespRegistroDI.dfm"
"cTipo_Importador.UniPanel1.UniScrollBox1.tDadosDI";"Tipo de Importador";"en-US";"";"FieldLabel";"C:\Projetos\Atlasweb\DespRegistroDI.dfm"
"cModalidade_Despacho.UniPanel1.UniScrollBox1.tDadosDI";"Modalidade de Despacho";"en-US";"";"FieldLabel";"C:\Projetos\Atlasweb\DespRegistroDI.dfm"
"cBanco.UniPanel1.UniScrollBox1.tDadosDI";"Banco";"en-US";"";"FieldLabel";"C:\Projetos\Atlasweb\DespRegistroDI.dfm"
"UniDBEdit1.UniPanel1.UniScrollBox1.tDadosDI";"Registro";"en-US";"";"FieldLabel";"C:\Projetos\Atlasweb\DespRegistroDI.dfm"
"UniTabSheet2";"Carga";"en-US";"";"Caption";"C:\Projetos\Atlasweb\DespRegistroDI.dfm"
"UniPanel2.uniScrollBox3.UniTabSheet2";"DADOS GERAIS";"en-US";"";"Title";"C:\Projetos\Atlasweb\DespRegistroDI.dfm"
"cNumero_Veiculo.UniPanel2.uniScrollBox3.UniTabSheet2";"Número Veículo";"en-US";"";"FieldLabel";"C:\Projetos\Atlasweb\DespRegistroDI.dfm"
"cNomeVei.UniPanel2.uniScrollBox3.UniTabSheet2";"Nome Veículo";"en-US";"";"FieldLabel";"C:\Projetos\Atlasweb\DespRegistroDI.dfm"
"cNomeAgente.UniPanel2.uniScrollBox3.UniTabSheet2";"Agente Transportador";"en-US";"";"FieldLabel";"C:\Projetos\Atlasweb\DespRegistroDI.dfm"
"cData_Embarque.UniPanel2.uniScrollBox3.UniTabSheet2";"Data de Embarque";"en-US";"";"FieldLabel";"C:\Projetos\Atlasweb\DespRegistroDI.dfm"
"cAgente_Numero.UniPanel2.uniScrollBox3.UniTabSheet2";"Agente Numero";"en-US";"";"FieldLabel";"C:\Projetos\Atlasweb\DespRegistroDI.dfm"
"cDocumento_Chegada.UniPanel2.uniScrollBox3.UniTabSheet2";"Doc.Chegada Nº";"en-US";"";"FieldLabel";"C:\Projetos\Atlasweb\DespRegistroDI.dfm"
"cTipoConhecimento.UniPanel2.uniScrollBox3.UniTabSheet2";"Tipo de Conhecimento de Carga";"en-US";"";"FieldLabel";"C:\Projetos\Atlasweb\DespRegistroDI.dfm"
"cNumero_Manifesto.UniPanel2.uniScrollBox3.UniTabSheet2";"Nº do Manifesto";"en-US";"";"FieldLabel";"C:\Projetos\Atlasweb\DespRegistroDI.dfm"
"cData_Chegada.UniPanel2.uniScrollBox3.UniTabSheet2";"Data de Chegada";"en-US";"";"FieldLabel";"C:\Projetos\Atlasweb\DespRegistroDI.dfm"
"cLocalEmb.UniPanel2.uniScrollBox3.UniTabSheet2";"Local de Embarque";"en-US";"";"FieldLabel";"C:\Projetos\Atlasweb\DespRegistroDI.dfm"
"cNumero_DocCargaMaster.UniPanel2.uniScrollBox3.UniTabSheet2";"Nº Doc.de Carga (Master)";"en-US";"";"FieldLabel";"C:\Projetos\Atlasweb\DespRegistroDI.dfm"
"cNumero_DocCarga.UniPanel2.uniScrollBox3.UniTabSheet2";"Nº Doc.de Carga";"en-US";"";"FieldLabel";"C:\Projetos\Atlasweb\DespRegistroDI.dfm"
"cVia_Transporte.UniPanel2.uniScrollBox3.UniTabSheet2";"Via de Transporte";"en-US";"";"FieldLabel";"C:\Projetos\Atlasweb\DespRegistroDI.dfm"
"cTipo_DocCarga.UniPanel2.uniScrollBox3.UniTabSheet2";"Documento Carga";"en-US";"";"FieldLabel";"C:\Projetos\Atlasweb\DespRegistroDI.dfm"
"cFrete_PrePaid.UniPanel2.uniScrollBox3.UniTabSheet2";"Valor do Frete Prepaid";"en-US";"";"FieldLabel";"C:\Projetos\Atlasweb\DespRegistroDI.dfm"
"cFrete_Collect.UniPanel2.uniScrollBox3.UniTabSheet2";"Valor do Frete Collect";"en-US";"";"FieldLabel";"C:\Projetos\Atlasweb\DespRegistroDI.dfm"
"cSeguro_Real.UniPanel2.uniScrollBox3.UniTabSheet2";"Segure em Real";"en-US";"";"FieldLabel";"C:\Projetos\Atlasweb\DespRegistroDI.dfm"
"cRecinto_Aduaneiro.UniPanel2.uniScrollBox3.UniTabSheet2";"Recinto Aduaneiro";"en-US";"";"FieldLabel";"C:\Projetos\Atlasweb\DespRegistroDI.dfm"
"cMoedaFrete.UniPanel2.uniScrollBox3.UniTabSheet2";"Moeda do Frete";"en-US";"";"FieldLabel";"C:\Projetos\Atlasweb\DespRegistroDI.dfm"
"cMoedaSeguro.UniPanel2.uniScrollBox3.UniTabSheet2";"Moeda do Seguro";"en-US";"";"FieldLabel";"C:\Projetos\Atlasweb\DespRegistroDI.dfm"
"cFrete_Real.UniPanel2.uniScrollBox3.UniTabSheet2";"Frete em Real";"en-US";"";"FieldLabel";"C:\Projetos\Atlasweb\DespRegistroDI.dfm"
"cRecinto_AduaneiroSetor.UniPanel2.uniScrollBox3.UniTabSheet2";"Recinto Aduaneiro (Setor)";"en-US";"";"FieldLabel";"C:\Projetos\Atlasweb\DespRegistroDI.dfm"
"cVolumes_Embalagem.UniPanel2.uniScrollBox3.UniTabSheet2";"Qtde Volumes";"en-US";"";"FieldLabel";"C:\Projetos\Atlasweb\DespRegistroDI.dfm"
"cFrete_TerritorioNac.UniPanel2.uniScrollBox3.UniTabSheet2";"Frete Território Nacional";"en-US";"";"FieldLabel";"C:\Projetos\Atlasweb\DespRegistroDI.dfm"
"cSeguro_ME.UniPanel2.uniScrollBox3.UniTabSheet2";"Valor do Seguro";"en-US";"";"FieldLabel";"C:\Projetos\Atlasweb\DespRegistroDI.dfm"
"cLocal_Embarque.UniPanel2.uniScrollBox3.UniTabSheet2";"Local de Embarque";"en-US";"";"FieldLabel";"C:\Projetos\Atlasweb\DespRegistroDI.dfm"
"cEmbalagem.UniPanel2.uniScrollBox3.UniTabSheet2";"Tipo de Embalagem";"en-US";"";"FieldLabel";"C:\Projetos\Atlasweb\DespRegistroDI.dfm"
"cPeso_Liquido.UniPanel2.uniScrollBox3.UniTabSheet2";"Peso Líquido";"en-US";"";"FieldLabel";"C:\Projetos\Atlasweb\DespRegistroDI.dfm"
"cPeso_Bruto.UniPanel2.uniScrollBox3.UniTabSheet2";"Peso Bruto";"en-US";"";"FieldLabel";"C:\Projetos\Atlasweb\DespRegistroDI.dfm"
"UniDBLookupComboBox3.UniPanel2.uniScrollBox3.UniTabSheet2";"Tipo de Manifesto";"en-US";"";"FieldLabel";"C:\Projetos\Atlasweb\DespRegistroDI.dfm"
"UniTabSheet4";"Acréscimos";"en-US";"";"Caption";"C:\Projetos\Atlasweb\DespRegistroDI.dfm"
"UniPanel8.UniScrollBox5.UniTabSheet4";"DADOS GERAIS";"en-US";"";"Title";"C:\Projetos\Atlasweb\DespRegistroDI.dfm"
"cAcrescimo.pTributo.UniTabSheet4";"Acréscimo";"en-US";"";"FieldLabel";"C:\Projetos\Atlasweb\DespRegistroDI.dfm"
"cMoedaAcrescimo.pTributo.UniTabSheet4";"Moeda Negociada";"en-US";"";"FieldLabel";"C:\Projetos\Atlasweb\DespRegistroDI.dfm"
"cValorAcrescimoME.pTributo.UniTabSheet4";"Valor na Moeda Negociada";"en-US";"";"FieldLabel";"C:\Projetos\Atlasweb\DespRegistroDI.dfm"
"cValorAcrescimoReal.pTributo.UniTabSheet4";"Valor em Real";"en-US";"";"FieldLabel";"C:\Projetos\Atlasweb\DespRegistroDI.dfm"
"UniTabSheet3";"Adições";"en-US";"";"Caption";"C:\Projetos\Atlasweb\DespRegistroDI.dfm"
"UniPanel3.UniScrollBox4.UniTabSheet3";"DADOS GERAIS";"en-US";"";"Title";"C:\Projetos\Atlasweb\DespRegistroDI.dfm"
"UniDBFormattedNumberEdit1.UniPanel3.UniScrollBox4.UniTabSheet3";"Valor Total (VMLE)";"en-US";"";"FieldLabel";"C:\Projetos\Atlasweb\DespRegistroDI.dfm"
"TabSheet1";"XML da DI";"en-US";"";"Caption";"C:\Projetos\Atlasweb\DespRegistroDI.dfm"
"UniTabSheet1";"UniTabSheet1";"en-US";"";"Caption";"C:\Projetos\Atlasweb\DespRegistroDI.dfm"
"pFicha.UniScrollBox2.UniTabSheet1";"DADOS GERAIS";"en-US";"";"Title";"C:\Projetos\Atlasweb\DespRegistroDI.dfm"
"UniButton1.pBarraNav.fDespRegistroDUIMP";"Buscar CE";"en-US";"";"Caption";"C:\Projetos\Atlasweb\DespRegistroDUIMP.dfm"
"aLista.Pasta.fDespRegistroDUIMP";"Lista";"en-US";"";"Caption";"C:\Projetos\Atlasweb\DespRegistroDUIMP.dfm"
"tDadosDI";"Dados da DUIMP";"en-US";"";"Caption";"C:\Projetos\Atlasweb\DespRegistroDUIMP.dfm"
"cDUIMP.UniPanel1.UniScrollBox1.tDadosDI";"DUIMP Nº";"en-US";"";"FieldLabel";"C:\Projetos\Atlasweb\DespRegistroDUIMP.dfm"
"cTipo_Pagamento.UniPanel1.UniScrollBox1.tDadosDI";"Pagamento dos Tributos";"en-US";"";"Caption";"C:\Projetos\Atlasweb\DespRegistroDUIMP.dfm"
"UniDBLookupComboBox1.UniPanel1.UniScrollBox1.tDadosDI";"Adquirente";"en-US";"";"FieldLabel";"C:\Projetos\Atlasweb\DespRegistroDUIMP.dfm"
"UniDBLookupComboBox2.UniPanel1.UniScrollBox1.tDadosDI";"MotivoSituação Especial";"en-US";"";"FieldLabel";"C:\Projetos\Atlasweb\DespRegistroDUIMP.dfm"
"cTipoConhecimento.UniPanel2.uniScrollBox3.UniTabSheet2";"Tipo Conhecimento Carga";"en-US";"";"FieldLabel";"C:\Projetos\Atlasweb\DespRegistroDUIMP.dfm"
"TabSheet1";"XML da DUIMP";"en-US";"";"Caption";"C:\Projetos\Atlasweb\DespRegistroDUIMP.dfm"
"UniTabSheet1";"Retorno CE";"en-US";"";"Caption";"C:\Projetos\Atlasweb\DespRegistroDUIMP.dfm"
"fDialogo";"fDialogo";"en-US";"";"Caption";"C:\Projetos\Atlasweb\Dialogo.dfm"
"lTipo.fDialogo";"Campo Obrigatório!";"en-US";"";"Caption";"C:\Projetos\Atlasweb\Dialogo.dfm"
"bOK.fDialogo";"OK";"en-US";"";"Caption";"C:\Projetos\Atlasweb\Dialogo.dfm"
"fDUIMP";"fDUIMP";"en-US";"";"Caption";"C:\Projetos\Atlasweb\DUIMP.dfm"
"UniPanel1.fDUIMP";"UniPanel1";"en-US";"";"Caption";"C:\Projetos\Atlasweb\DUIMP.dfm"
"cToken.UniPanel1.fDUIMP";"TOKEN";"en-US";"";"FieldLabel";"C:\Projetos\Atlasweb\DUIMP.dfm"
"bBuscar.UniPanel1.fDUIMP";"Buscar";"en-US";"";"Caption";"C:\Projetos\Atlasweb\DUIMP.dfm"
"UniButton1.UniPanel1.fDUIMP";"Sair";"en-US";"";"Caption";"C:\Projetos\Atlasweb\DUIMP.dfm"
"UniLabel1.UniPanel1.fDUIMP";"TESTE DE ACESSO AO SERVIÇO DA DUIMP";"en-US";"";"Caption";"C:\Projetos\Atlasweb\DUIMP.dfm"
"aLista.Pasta.fEmbarques";"Lista";"en-US";"";"Caption";"C:\Projetos\Atlasweb\Embarques.dfm"
"cFiltroStatus.Panel11";"Status";"en-US";"";"Caption";"C:\Projetos\Atlasweb\Embarques.dfm"
"cFiltroBL.Panel11";"BL";"en-US";"";"Caption";"C:\Projetos\Atlasweb\Embarques.dfm"
"cFiltroLaudo.Panel11";"Laudo";"en-US";"";"Caption";"C:\Projetos\Atlasweb\Embarques.dfm"
"TabSheet1";"Embarques";"en-US";"";"Caption";"C:\Projetos\Atlasweb\Embarques.dfm"
"cStatus.Panel2.UniScrollBox1.TabSheet1";"Status";"en-US";"";"FieldLabel";"C:\Projetos\Atlasweb\Embarques.dfm"
"cReferencia.Panel2.UniScrollBox1.TabSheet1";"Referência";"en-US";"";"FieldLabel";"C:\Projetos\Atlasweb\Embarques.dfm"
"cFilial.Panel2.UniScrollBox1.TabSheet1";"Filial de Destino";"en-US";"";"FieldLabel";"C:\Projetos\Atlasweb\Embarques.dfm"
"cNavio.Panel2.UniScrollBox1.TabSheet1";"Navio";"en-US";"";"FieldLabel";"C:\Projetos\Atlasweb\Embarques.dfm"
"cData_Estimada.Panel2.UniScrollBox1.TabSheet1";"Previsão  Chegada (ETA)";"en-US";"";"FieldLabel";"C:\Projetos\Atlasweb\Embarques.dfm"
"cData_Chegada.Panel2.UniScrollBox1.TabSheet1";"Chegada";"en-US";"";"FieldLabel";"C:\Projetos\Atlasweb\Embarques.dfm"
"cData_Atracacao.Panel2.UniScrollBox1.TabSheet1";"Atracação (ETB)";"en-US";"";"FieldLabel";"C:\Projetos\Atlasweb\Embarques.dfm"
"cData_Descarga.Panel2.UniScrollBox1.TabSheet1";"Descarga";"en-US";"";"FieldLabel";"C:\Projetos\Atlasweb\Embarques.dfm"
"cTipo_Descarga.Panel2.UniScrollBox1.TabSheet1";"Tipo de Descarga";"en-US";"";"FieldLabel";"C:\Projetos\Atlasweb\Embarques.dfm"
"cPremium.Panel2.UniScrollBox1.TabSheet1";"Desconto (Premium CPG)";"en-US";"";"FieldLabel";"C:\Projetos\Atlasweb\Embarques.dfm"
"cTranshipment.Panel2.UniScrollBox1.TabSheet1";"Custo Transporte (Transhipment)";"en-US";"";"FieldLabel";"C:\Projetos\Atlasweb\Embarques.dfm"
"cFator_Conversao.Panel2.UniScrollBox1.TabSheet1";"Fator Conversão";"en-US";"";"FieldLabel";"C:\Projetos\Atlasweb\Embarques.dfm"
"cValor_Demurrage.Panel2.UniScrollBox1.TabSheet1";"Valor Demurrage (ME)";"en-US";"";"FieldLabel";"C:\Projetos\Atlasweb\Embarques.dfm"
"cTempo_Demurrage.Panel2.UniScrollBox1.TabSheet1";"Tempo Demurrage";"en-US";"";"FieldLabel";"C:\Projetos\Atlasweb\Embarques.dfm"
"cObservacao.Panel2.UniScrollBox1.TabSheet1";"Observação";"en-US";"";"FieldLabel";"C:\Projetos\Atlasweb\Embarques.dfm"
"cData_Partida.Panel2.UniScrollBox1.TabSheet1";"Partida";"en-US";"";"FieldLabel";"C:\Projetos\Atlasweb\Embarques.dfm"
"cQuantidade_Carga.Panel2.UniScrollBox1.TabSheet1";"Carga Total";"en-US";"";"FieldLabel";"C:\Projetos\Atlasweb\Embarques.dfm"
"cDifer.Panel2.UniScrollBox1.TabSheet1";"(Carga Total - Total BL)";"en-US";"";"FieldLabel";"C:\Projetos\Atlasweb\Embarques.dfm"
"cProcesso.Panel2.UniScrollBox1.TabSheet1";"Processo";"en-US";"";"FieldLabel";"C:\Projetos\Atlasweb\Embarques.dfm"
"cVariacao_Termica.Panel2.UniScrollBox1.TabSheet1";"Variação Térmica";"en-US";"";"FieldLabel";"C:\Projetos\Atlasweb\Embarques.dfm"
"UniDBEdit1.Panel2.UniScrollBox1.TabSheet1";"Total ME";"en-US";"";"FieldLabel";"C:\Projetos\Atlasweb\Embarques.dfm"
"cTotal_ME.Panel2.UniScrollBox1.TabSheet1";"Custo Navio";"en-US";"";"FieldLabel";"C:\Projetos\Atlasweb\Embarques.dfm"
"cDescargaLT.Panel2.UniScrollBox1.TabSheet1";"Descarga em LT";"en-US";"";"FieldLabel";"C:\Projetos\Atlasweb\Embarques.dfm"
"TabSheet4";"BL's";"en-US";"";"Caption";"C:\Projetos\Atlasweb\Embarques.dfm"
"cBL.PanelBL.Panel7";"Nº do BL";"en-US";"";"FieldLabel";"C:\Projetos\Atlasweb\Embarques.dfm"
"cData_Emissao.PanelBL.Panel7";"Data do BL";"en-US";"";"FieldLabel";"C:\Projetos\Atlasweb\Embarques.dfm"
"cTon_Vac.PanelBL.Panel7";"Ton Vac";"en-US";"";"FieldLabel";"C:\Projetos\Atlasweb\Embarques.dfm"
"cTon_Air.PanelBL.Panel7";"Ton Air";"en-US";"";"FieldLabel";"C:\Projetos\Atlasweb\Embarques.dfm"
"cQuantidade_M315.PanelBL.Panel7";"Quantidade BL M³ (15°)";"en-US";"";"FieldLabel";"C:\Projetos\Atlasweb\Embarques.dfm"
"cQuantidade_LT20.PanelBL.Panel7";"Quantidade BL LT (20º)";"en-US";"";"FieldLabel";"C:\Projetos\Atlasweb\Embarques.dfm"
"cQuantidade_M320.PanelBL.Panel7";"Quantidade BL M³ (20°)";"en-US";"";"FieldLabel";"C:\Projetos\Atlasweb\Embarques.dfm"
"cQuantidade_LT15.PanelBL.Panel7";"Quantidade BL LT (15º)";"en-US";"";"FieldLabel";"C:\Projetos\Atlasweb\Embarques.dfm"
"cPorto.PanelBL.Panel7";"Porto";"en-US";"";"FieldLabel";"C:\Projetos\Atlasweb\Embarques.dfm"
"cArmazem.PanelBL.Panel7";"Armazém";"en-US";"";"FieldLabel";"C:\Projetos\Atlasweb\Embarques.dfm"
"cQuantidade_EmbM315.PanelBL.Panel7";"Quantidade Emb M³ (15°)";"en-US";"";"FieldLabel";"C:\Projetos\Atlasweb\Embarques.dfm"
"cQuantidade_EmbLT20.PanelBL.Panel7";"Quantidade Emb LT (20º)";"en-US";"";"FieldLabel";"C:\Projetos\Atlasweb\Embarques.dfm"
"cQuantidade_EmbM320.PanelBL.Panel7";"Quantidade Emb M³ (20°)";"en-US";"";"FieldLabel";"C:\Projetos\Atlasweb\Embarques.dfm"
"cQuantidade_EmbLT15.PanelBL.Panel7";"Quantidade Emb LT (15º)";"en-US";"";"FieldLabel";"C:\Projetos\Atlasweb\Embarques.dfm"
"cProduto.PanelBL.Panel7";"Produto";"en-US";"";"FieldLabel";"C:\Projetos\Atlasweb\Embarques.dfm"
"cDI.PanelBL.Panel7";"Nº do DUIMP";"en-US";"";"FieldLabel";"C:\Projetos\Atlasweb\Embarques.dfm"
"UniDBCheckBox1.PanelBL.Panel7";"Endossado";"en-US";"";"Caption";"C:\Projetos\Atlasweb\Embarques.dfm"
"UniDBCheckBox2.PanelBL.Panel7";"Bloqueado";"en-US";"";"Caption";"C:\Projetos\Atlasweb\Embarques.dfm"
"UniDBCheckBox3.PanelBL.Panel7";"Entreposto";"en-US";"";"Caption";"C:\Projetos\Atlasweb\Embarques.dfm"
"TabSheet5";"Laudos";"en-US";"";"Caption";"C:\Projetos\Atlasweb\Embarques.dfm"
"cVariacao_EmbLT.PanelLaudo.Panel4.TabSheet5";"Variação Embarque (LT)";"en-US";"";"FieldLabel";"C:\Projetos\Atlasweb\Embarques.dfm"
"cDataOper.PanelLaudo.Panel4.TabSheet5";"Data da Operação";"en-US";"";"FieldLabel";"C:\Projetos\Atlasweb\Embarques.dfm"
"cVariacao_EmbPerc.PanelLaudo.Panel4.TabSheet5";"Variação Embarque (%)";"en-US";"";"FieldLabel";"C:\Projetos\Atlasweb\Embarques.dfm"
"cLaudo.PanelLaudo.Panel4.TabSheet5";"Nº Laudo";"en-US";"";"FieldLabel";"C:\Projetos\Atlasweb\Embarques.dfm"
"cVariacao_DesLT.PanelLaudo.Panel4.TabSheet5";"Variação Desembarque (LT)";"en-US";"";"FieldLabel";"C:\Projetos\Atlasweb\Embarques.dfm"
"cVariacao_DesPerc.PanelLaudo.Panel4.TabSheet5";"Variação Desembarque (%)";"en-US";"";"FieldLabel";"C:\Projetos\Atlasweb\Embarques.dfm"
"cDataAtr.PanelLaudo.Panel4.TabSheet5";"Data da Atracação";"en-US";"";"FieldLabel";"C:\Projetos\Atlasweb\Embarques.dfm"
"cQtdeRecM320.PanelLaudo.Panel4.TabSheet5";"Quantidade Recebida (M³)";"en-US";"";"FieldLabel";"C:\Projetos\Atlasweb\Embarques.dfm"
"cQtdeRecLT20.PanelLaudo.Panel4.TabSheet5";"Quantidade Recebida (LT)";"en-US";"";"FieldLabel";"C:\Projetos\Atlasweb\Embarques.dfm"
"bAddLaudoBL.Panel10";"Adicionar BL";"en-US";"";"Caption";"C:\Projetos\Atlasweb\Embarques.dfm"
"bRemLaudoBL.Panel10";"Remover BL";"en-US";"";"Caption";"C:\Projetos\Atlasweb\Embarques.dfm"
"TabSheet2";"Notas Fiscais";"en-US";"";"Caption";"C:\Projetos\Atlasweb\Embarques.dfm"
"ATIVO1.PopupMenu1";"ATIVO";"en-US";"";"Caption";"C:\Projetos\Atlasweb\Embarques.dfm"
"EMANDAMENTO1.PopupMenu1";"EM ANDAMENTO";"en-US";"";"Caption";"C:\Projetos\Atlasweb\Embarques.dfm"
"ENCERRADO1.PopupMenu1";"ENCERRADO";"en-US";"";"Caption";"C:\Projetos\Atlasweb\Embarques.dfm"
"LaudosBL";"Selecione os BL's para o Laudo";"en-US";"";"Caption";"C:\Projetos\Atlasweb\EmbarquesLaudosBL.dfm"
"bAdicionar.Panel10";"Adicionar";"en-US";"";"Caption";"C:\Projetos\Atlasweb\EmbarquesLaudosBL.dfm"
"bSair.Panel10";"Sair";"en-US";"";"Caption";"C:\Projetos\Atlasweb\EmbarquesLaudosBL.dfm"
"UniTabSheet1.Pasta.fEstoque_Imobilizado";"Lista";"en-US";"";"Caption";"C:\Projetos\Atlasweb\Estoque_Imobilizado.dfm"
"TabSheet1";"Item";"en-US";"";"Caption";"C:\Projetos\Atlasweb\Estoque_Imobilizado.dfm"
"Ficha.TabSheet1";"Ficha";"en-US";"";"Caption";"C:\Projetos\Atlasweb\Estoque_Imobilizado.dfm"
"DBEdit2.Ficha.TabSheet1";"Série";"en-US";"";"FieldLabel";"C:\Projetos\Atlasweb\Estoque_Imobilizado.dfm"
"cICMSProprio.Ficha.TabSheet1";"ICMS Próprio";"en-US";"";"FieldLabel";"C:\Projetos\Atlasweb\Estoque_Imobilizado.dfm"
"cModelo.Ficha.TabSheet1";"Modelo";"en-US";"";"FieldLabel";"C:\Projetos\Atlasweb\Estoque_Imobilizado.dfm"
"cFornecedor.Ficha.TabSheet1";"Fornecedor";"en-US";"";"FieldLabel";"C:\Projetos\Atlasweb\Estoque_Imobilizado.dfm"
"cNotaEntrada.Ficha.TabSheet1";"Nota de Entrada";"en-US";"";"FieldLabel";"C:\Projetos\Atlasweb\Estoque_Imobilizado.dfm"
"cDataEntrada.Ficha.TabSheet1";"Data Entrada";"en-US";"";"FieldLabel";"C:\Projetos\Atlasweb\Estoque_Imobilizado.dfm"
"cICMS_ST.Ficha.TabSheet1";"ICMS ST";"en-US";"";"FieldLabel";"C:\Projetos\Atlasweb\Estoque_Imobilizado.dfm"
"cICMS_Frete.Ficha.TabSheet1";"ICMS Frete";"en-US";"";"FieldLabel";"C:\Projetos\Atlasweb\Estoque_Imobilizado.dfm"
"cICMS_Dif_Aliquota.Ficha.TabSheet1";"ICMS Dif.Alíquota";"en-US";"";"FieldLabel";"C:\Projetos\Atlasweb\Estoque_Imobilizado.dfm"
"cValor_Credito.Ficha.TabSheet1";"Crédito";"en-US";"";"FieldLabel";"C:\Projetos\Atlasweb\Estoque_Imobilizado.dfm"
"cDescricaoBem.Ficha.TabSheet1";"Descrição do Bem";"en-US";"";"FieldLabel";"C:\Projetos\Atlasweb\Estoque_Imobilizado.dfm"
"cCodigo_Imobilizado.Ficha.TabSheet1";"Código Patrimônio";"en-US";"";"FieldLabel";"C:\Projetos\Atlasweb\Estoque_Imobilizado.dfm"
"cFuncao.Ficha.TabSheet1";"Função do Bem";"en-US";"";"FieldLabel";"C:\Projetos\Atlasweb\Estoque_Imobilizado.dfm"
"cProduto.Ficha.TabSheet1";"Produto";"en-US";"";"FieldLabel";"C:\Projetos\Atlasweb\Estoque_Imobilizado.dfm"
"cParcelas.Ficha.TabSheet1";"Parcelas";"en-US";"";"FieldLabel";"C:\Projetos\Atlasweb\Estoque_Imobilizado.dfm"
"cApropriadas.Ficha.TabSheet1";"Apropriadas";"en-US";"";"FieldLabel";"C:\Projetos\Atlasweb\Estoque_Imobilizado.dfm"
"cMes_FimApropriacao.Ficha.TabSheet1";"Fim Apropriação (Mês)";"en-US";"";"FieldLabel";"C:\Projetos\Atlasweb\Estoque_Imobilizado.dfm"
"cVida_Util.Ficha.TabSheet1";"Vida Util (Meses)";"en-US";"";"FieldLabel";"C:\Projetos\Atlasweb\Estoque_Imobilizado.dfm"
"cOrdem.Ficha.TabSheet1";"Nº Ordem na NF";"en-US";"";"FieldLabel";"C:\Projetos\Atlasweb\Estoque_Imobilizado.dfm"
"GroupBox2.Ficha.TabSheet1";"Crédito a ser apropriado";"en-US";"";"Caption";"C:\Projetos\Atlasweb\Estoque_Imobilizado.dfm"
"DBEdit16.GroupBox2.Ficha.TabSheet1";"Vlr.Aquisição";"en-US";"";"FieldLabel";"C:\Projetos\Atlasweb\Estoque_Imobilizado.dfm"
"DBEdit15.GroupBox2.Ficha.TabSheet1";"Vlr a ser Deprec.";"en-US";"";"FieldLabel";"C:\Projetos\Atlasweb\Estoque_Imobilizado.dfm"
"cApropriacao_Inicial.GroupBox2.Ficha.TabSheet1";"Período Inicial Apropr.";"en-US";"";"FieldLabel";"C:\Projetos\Atlasweb\Estoque_Imobilizado.dfm"
"cApropriacao_Meses.GroupBox2.Ficha.TabSheet1";"Nº de Meses Apropr.";"en-US";"";"FieldLabel";"C:\Projetos\Atlasweb\Estoque_Imobilizado.dfm"
"UniDBLookupComboBox1.GroupBox2.Ficha.TabSheet1";"Tipo de Cálculo";"en-US";"";"FieldLabel";"C:\Projetos\Atlasweb\Estoque_Imobilizado.dfm"
"cQuantidade.Ficha.TabSheet1";"Quantidade";"en-US";"";"FieldLabel";"C:\Projetos\Atlasweb\Estoque_Imobilizado.dfm"
"cAno_FimApropriacao.Ficha.TabSheet1";"Fim Apropriação (Ano)";"en-US";"";"FieldLabel";"C:\Projetos\Atlasweb\Estoque_Imobilizado.dfm"
"cTipo_Movimentacao.Ficha.TabSheet1";"Tipo de Movimentação";"en-US";"";"FieldLabel";"C:\Projetos\Atlasweb\Estoque_Imobilizado.dfm"
"cUso.Ficha.TabSheet1";"Uso";"en-US";"";"FieldLabel";"C:\Projetos\Atlasweb\Estoque_Imobilizado.dfm"
"TabSheet2";"Saída";"en-US";"";"Caption";"C:\Projetos\Atlasweb\Estoque_Imobilizado.dfm"
"UniPanel1.TabSheet2";"Ficha";"en-US";"";"Caption";"C:\Projetos\Atlasweb\Estoque_Imobilizado.dfm"
"TabSheet3";"Contabeis";"en-US";"";"Caption";"C:\Projetos\Atlasweb\Estoque_Imobilizado.dfm"
"UniPanel2.TabSheet3";"Ficha";"en-US";"";"Caption";"C:\Projetos\Atlasweb\Estoque_Imobilizado.dfm"
"UniTabSheet1.Pasta.fEstoque_Industrializacao";"Lista";"en-US";"";"Caption";"C:\Projetos\Atlasweb\Estoque_Industrializacao.dfm"
"TabDados";"Ficha";"en-US";"";"Caption";"C:\Projetos\Atlasweb\Estoque_Industrializacao.dfm"
"Ficha";"Ficha";"en-US";"";"Caption";"C:\Projetos\Atlasweb\Estoque_Industrializacao.dfm"
"cProduto.Ficha";"Produto";"en-US";"";"FieldLabel";"C:\Projetos\Atlasweb\Estoque_Industrializacao.dfm"
"cQtde.Ficha";"Quantidade";"en-US";"";"FieldLabel";"C:\Projetos\Atlasweb\Estoque_Industrializacao.dfm"
"cData.Ficha";"Data Entrada";"en-US";"";"FieldLabel";"C:\Projetos\Atlasweb\Estoque_Industrializacao.dfm"
"cValor_Unitario.Ficha";"Valor Unitário";"en-US";"";"FieldLabel";"C:\Projetos\Atlasweb\Estoque_Industrializacao.dfm"
"cProcesso.Ficha";"Processo";"en-US";"";"FieldLabel";"C:\Projetos\Atlasweb\Estoque_Industrializacao.dfm"
"cEstoque.Ficha";"Estoque";"en-US";"";"FieldLabel";"C:\Projetos\Atlasweb\Estoque_Industrializacao.dfm"
"cDestinatario.Ficha";"Fornecedor";"en-US";"";"FieldLabel";"C:\Projetos\Atlasweb\Estoque_Industrializacao.dfm"
"cCFOP.Ficha";"CFOP";"en-US";"";"FieldLabel";"C:\Projetos\Atlasweb\Estoque_Industrializacao.dfm"
"bCancelar.pnlProcessando.fEstoque_ProcessarEstoque";"Cancelar";"en-US";"";"Caption";"C:\Projetos\Atlasweb\Estoque_ProcessarEstoque.dfm"
"lMsg.pnlProcessando.fEstoque_ProcessarEstoque";"...";"en-US";"";"Caption";"C:\Projetos\Atlasweb\Estoque_ProcessarEstoque.dfm"
"bProcessar.pnlProcessando.fEstoque_ProcessarEstoque";"Processar";"en-US";"";"Caption";"C:\Projetos\Atlasweb\Estoque_ProcessarEstoque.dfm"
"cDescricao.pnlProcessando.fEstoque_ProcessarEstoque";"Descrição da Mercadoria";"en-US";"";"Caption";"C:\Projetos\Atlasweb\Estoque_ProcessarEstoque.dfm"
"cEmpresa.pnlProcessando.fEstoque_ProcessarEstoque";"Empresa";"en-US";"";"FieldLabel";"C:\Projetos\Atlasweb\Estoque_ProcessarEstoque.dfm"
"aLista.Pasta.fEstoque_SaldoAbertura";"Lista";"en-US";"";"Caption";"C:\Projetos\Atlasweb\Estoque_SaldoAbertura.dfm"
"cObs.pFicha.UniScrollBox1.UniTabSheet1";"Observação";"en-US";"";"FieldLabel";"C:\Projetos\Atlasweb\Estoque_SaldoAbertura.dfm"
"cSaldo.pFicha.UniScrollBox1.UniTabSheet1";"Saldo do Estoque";"en-US";"";"FieldLabel";"C:\Projetos\Atlasweb\Estoque_SaldoAbertura.dfm"
"cData.pFicha.UniScrollBox1.UniTabSheet1";"Data Entrada";"en-US";"";"FieldLabel";"C:\Projetos\Atlasweb\Estoque_SaldoAbertura.dfm"
"cInventario.pFicha.UniScrollBox1.UniTabSheet1";"Movimenta inventario";"en-US";"";"Caption";"C:\Projetos\Atlasweb\Estoque_SaldoAbertura.dfm"
"cEstoque.pFicha.UniScrollBox1.UniTabSheet1";"Movimenta Estoque";"en-US";"";"Caption";"C:\Projetos\Atlasweb\Estoque_SaldoAbertura.dfm"
"cQtde.pFicha.UniScrollBox1.UniTabSheet1";"Quantidade";"en-US";"";"FieldLabel";"C:\Projetos\Atlasweb\Estoque_SaldoAbertura.dfm"
"cValor.pFicha.UniScrollBox1.UniTabSheet1";"Valor Unitário";"en-US";"";"FieldLabel";"C:\Projetos\Atlasweb\Estoque_SaldoAbertura.dfm"
"fFatPedidoItensDUIMP";"ITENS DA DUIMP";"en-US";"";"Caption";"C:\Projetos\Atlasweb\FatPedidoItensDUIMP.dfm"
"bAddItem.UniPanel3.fFatPedidoItensDUIMP";"Adicionar Item";"en-US";"";"Caption";"C:\Projetos\Atlasweb\FatPedidoItensDUIMP.dfm"
"bAddTudo.UniPanel3.fFatPedidoItensDUIMP";"Adicionar Tudo";"en-US";"";"Caption";"C:\Projetos\Atlasweb\FatPedidoItensDUIMP.dfm"
"bRemItem.UniPanel3.fFatPedidoItensDUIMP";"Remover Item";"en-US";"";"Caption";"C:\Projetos\Atlasweb\FatPedidoItensDUIMP.dfm"
"bRemTudo.UniPanel3.fFatPedidoItensDUIMP";"Remover Tudo";"en-US";"";"Caption";"C:\Projetos\Atlasweb\FatPedidoItensDUIMP.dfm"
"UniPanel2.UniContainerPanel4.fFatPedidoItensDUIMP";"UniPanel2";"en-US";"";"Caption";"C:\Projetos\Atlasweb\FatPedidoItensDUIMP.dfm"
"UniTabSheet1.Pasta.UniPanel2.UniContainerPanel4.fFatPedidoItensDUIMP";"Itens do Pedido";"en-US";"";"Caption";"C:\Projetos\Atlasweb\FatPedidoItensDUIMP.dfm"
"cQtdePerc.UniPanel4";"Quantidade %";"en-US";"";"FieldLabel";"C:\Projetos\Atlasweb\FatPedidoItensDUIMP.dfm"
"cValorUnitario.UniPanel4";"Valor Unitário";"en-US";"";"FieldLabel";"C:\Projetos\Atlasweb\FatPedidoItensDUIMP.dfm"
"cFracionar.UniPanel4";"Fracionar quantidades";"en-US";"";"Caption";"C:\Projetos\Atlasweb\FatPedidoItensDUIMP.dfm"
"cLucroPerc.UniPanel4";"Margem Lucro (%)";"en-US";"";"FieldLabel";"C:\Projetos\Atlasweb\FatPedidoItensDUIMP.dfm"
"cLucroValor.UniPanel4";"Margem Lucro (Valor)";"en-US";"";"FieldLabel";"C:\Projetos\Atlasweb\FatPedidoItensDUIMP.dfm"
"cDescPerc.UniPanel4";"Desconto (%)";"en-US";"";"FieldLabel";"C:\Projetos\Atlasweb\FatPedidoItensDUIMP.dfm"
"cDescValor.UniPanel4";"Desconto (Valor)";"en-US";"";"FieldLabel";"C:\Projetos\Atlasweb\FatPedidoItensDUIMP.dfm"
"cCalcVol.UniPanel4";"Calcular quantidade total de volumes";"en-US";"";"Caption";"C:\Projetos\Atlasweb\FatPedidoItensDUIMP.dfm"
"cICMSAnt.UniPanel4";"ICMS cobrado anteriormente por ST";"en-US";"";"Caption";"C:\Projetos\Atlasweb\FatPedidoItensDUIMP.dfm"
"UniCheckBox1.UniPanel4";"Utilizar quantidade total p/quebra por percentual";"en-US";"";"Caption";"C:\Projetos\Atlasweb\FatPedidoItensDUIMP.dfm"
"UniTabSheet2";"Análise";"en-US";"";"Caption";"C:\Projetos\Atlasweb\FatPedidoItensDUIMP.dfm"
"cLog.UniTabSheet2";"FÓRMULAS DOS CALCULOS DO PEDIDO";"en-US";"";"FieldLabel";"C:\Projetos\Atlasweb\FatPedidoItensDUIMP.dfm"
"cDUIMP.UniPanel1";"DUIMP";"en-US";"";"FieldLabel";"C:\Projetos\Atlasweb\FatPedidoItensDUIMP.dfm"
"cCFOP.UniPanel1";"CFOP";"en-US";"";"FieldLabel";"C:\Projetos\Atlasweb\FatPedidoItensDUIMP.dfm"
"cEmbarque.UniPanel1";"Embarque";"en-US";"";"FieldLabel";"C:\Projetos\Atlasweb\FatPedidoItensDUIMP.dfm"
"UniSpeedButton1.UniPanel1";"Adicionar Item";"en-US";"";"Caption";"C:\Projetos\Atlasweb\FatPedidoItensDUIMP.dfm"
"fFatPedidoItensDUIMPItem";"fFatPedidoItensDUIMPItem";"en-US";"";"Caption";"C:\Projetos\Atlasweb\FatPedidoItensDUIMPItem.dfm"
"bSalvar.UniPanel3.fFatPedidoItensDUIMPItem";"Salvar";"en-US";"";"Caption";"C:\Projetos\Atlasweb\FatPedidoItensDUIMPItem.dfm"
"bCancelar.UniPanel3.fFatPedidoItensDUIMPItem";"Cancelar";"en-US";"";"Caption";"C:\Projetos\Atlasweb\FatPedidoItensDUIMPItem.dfm"
"uniPanel1.fFatPedidoItensDUIMPItem";"ADICIONANDO ITEM (CHASSI/SERIAL)";"en-US";"";"Title";"C:\Projetos\Atlasweb\FatPedidoItensDUIMPItem.dfm"
"uniPanel1.fFatPedidoItensDUIMPItem";"uniPanel1";"en-US";"";"Caption";"C:\Projetos\Atlasweb\FatPedidoItensDUIMPItem.dfm"
"UniPanel2";"UniPanel2";"en-US";"";"Caption";"C:\Projetos\Atlasweb\FatPedidoItensDUIMPItem.dfm"
"cQtdePerc.UniPanel2";"Quantidade (%)";"en-US";"";"FieldLabel";"C:\Projetos\Atlasweb\FatPedidoItensDUIMPItem.dfm"
"cQtde.UniPanel2";"Quantidade";"en-US";"";"FieldLabel";"C:\Projetos\Atlasweb\FatPedidoItensDUIMPItem.dfm"
"cValor.UniPanel2";"Valor";"en-US";"";"FieldLabel";"C:\Projetos\Atlasweb\FatPedidoItensDUIMPItem.dfm"
"UniPanel4";"UniPanel2";"en-US";"";"Caption";"C:\Projetos\Atlasweb\FatPedidoItensDUIMPItem.dfm"
"cPesquisa.UniPanel4";"Pesquisar";"en-US";"";"FieldLabel";"C:\Projetos\Atlasweb\FatPedidoItensDUIMPItem.dfm"
"aLista.Pasta.fFatPedidoNF";"Lista";"en-US";"";"Caption";"C:\Projetos\Atlasweb\FatPedidoNF.dfm"
"TabSheet1";"Capa do Pedido";"en-US";"";"Caption";"C:\Projetos\Atlasweb\FatPedidoNF.dfm"
"UniPanel1.UniScrollBox1.TabSheet1";"CAPA DO PEDIDO";"en-US";"";"Title";"C:\Projetos\Atlasweb\FatPedidoNF.dfm"
"cPedido.UniPanel1.UniScrollBox1.TabSheet1";"Nº DO PEDIDO";"en-US";"";"FieldLabel";"C:\Projetos\Atlasweb\FatPedidoNF.dfm"
"cOperacao.UniPanel1.UniScrollBox1.TabSheet1";"Operação Fiscal";"en-US";"";"FieldLabel";"C:\Projetos\Atlasweb\FatPedidoNF.dfm"
"cDestinatario.PanelDados1.UniPanel1.UniScrollBox1.TabSheet1";"Destinatário";"en-US";"";"FieldLabel";"C:\Projetos\Atlasweb\FatPedidoNF.dfm"
"cTransportador.PanelDados1.UniPanel1.UniScrollBox1.TabSheet1";"Transportador";"en-US";"";"FieldLabel";"C:\Projetos\Atlasweb\FatPedidoNF.dfm"
"cNFRef.PanelDados1.UniPanel1.UniScrollBox1.TabSheet1";"Nota Referência";"en-US";"";"FieldLabel";"C:\Projetos\Atlasweb\FatPedidoNF.dfm"
"cVolume_Especie.PanelDados1.UniPanel1.UniScrollBox1.TabSheet1";"Espécie";"en-US";"";"FieldLabel";"C:\Projetos\Atlasweb\FatPedidoNF.dfm"
"cVolume_Quantidade.PanelDados1.UniPanel1.UniScrollBox1.TabSheet1";"Volumes";"en-US";"";"FieldLabel";"C:\Projetos\Atlasweb\FatPedidoNF.dfm"
"cVolume_Marca.PanelDados1.UniPanel1.UniScrollBox1.TabSheet1";"Marca";"en-US";"";"FieldLabel";"C:\Projetos\Atlasweb\FatPedidoNF.dfm"
"cVolume_Numero.PanelDados1.UniPanel1.UniScrollBox1.TabSheet1";"Nº";"en-US";"";"FieldLabel";"C:\Projetos\Atlasweb\FatPedidoNF.dfm"
"cForma_Pagamento.PanelDados1.UniPanel1.UniScrollBox1.TabSheet1";"Forma Pgto.";"en-US";"";"FieldLabel";"C:\Projetos\Atlasweb\FatPedidoNF.dfm"
"cDescricao_Forma.PanelDados1.UniPanel1.UniScrollBox1.TabSheet1";"Descrição (Forma)";"en-US";"";"FieldLabel";"C:\Projetos\Atlasweb\FatPedidoNF.dfm"
"cIntermediador.PanelDados1.UniPanel1.UniScrollBox1.TabSheet1";"Intermediador";"en-US";"";"FieldLabel";"C:\Projetos\Atlasweb\FatPedidoNF.dfm"
"cBeneficio_Fiscal.PanelDados1.UniPanel1.UniScrollBox1.TabSheet1";"Benefício Fiscal";"en-US";"";"FieldLabel";"C:\Projetos\Atlasweb\FatPedidoNF.dfm"
"cModalidade_Frete.PanelDados1.UniPanel1.UniScrollBox1.TabSheet1";"Modalidade de Frete";"en-US";"";"FieldLabel";"C:\Projetos\Atlasweb\FatPedidoNF.dfm"
"cIndicador_Intermediario.PanelDados1.UniPanel1.UniScrollBox1.TabSheet1";"Indicador de Intermediario";"en-US";"";"FieldLabel";"C:\Projetos\Atlasweb\FatPedidoNF.dfm"
"cIndicador_Presenca.PanelDados1.UniPanel1.UniScrollBox1.TabSheet1";"Indicador Pres.Comprador";"en-US";"";"FieldLabel";"C:\Projetos\Atlasweb\FatPedidoNF.dfm"
"cTipoDesc.PanelDados1.UniPanel1.UniScrollBox1.TabSheet1";"Tipo de Desconto";"en-US";"";"FieldLabel";"C:\Projetos\Atlasweb\FatPedidoNF.dfm"
"cDesconto_Percentual.PanelDados1.UniPanel1.UniScrollBox1.TabSheet1";"% Desconto";"en-US";"";"FieldLabel";"C:\Projetos\Atlasweb\FatPedidoNF.dfm"
"cAliquota_IRPJ.PanelDados1.UniPanel1.UniScrollBox1.TabSheet1";"% IRPJ";"en-US";"";"FieldLabel";"C:\Projetos\Atlasweb\FatPedidoNF.dfm"
"cAliquota_CSLL.PanelDados1.UniPanel1.UniScrollBox1.TabSheet1";"% CSLL";"en-US";"";"FieldLabel";"C:\Projetos\Atlasweb\FatPedidoNF.dfm"
"cTipo_Pagamento.PanelDados1.UniPanel1.UniScrollBox1.TabSheet1";"Tipo de Pagamento";"en-US";"";"FieldLabel";"C:\Projetos\Atlasweb\FatPedidoNF.dfm"
"cOperacao_Veiculo.PanelDados1.UniPanel1.UniScrollBox1.TabSheet1";"Opearação com veículo";"en-US";"";"FieldLabel";"C:\Projetos\Atlasweb\FatPedidoNF.dfm"
"cVeiculo_Restricao.PanelDados1.UniPanel1.UniScrollBox1.TabSheet1";"Restrição Veículo";"en-US";"";"FieldLabel";"C:\Projetos\Atlasweb\FatPedidoNF.dfm"
"cTaxa_Cambio.PanelDados1.UniPanel1.UniScrollBox1.TabSheet1";"Taxa Fech.Câmbio";"en-US";"";"FieldLabel";"C:\Projetos\Atlasweb\FatPedidoNF.dfm"
"UniDBFormattedNumberEdit3.PanelDados1.UniPanel1.UniScrollBox1.TabSheet1";"Peso Líquido";"en-US";"";"FieldLabel";"C:\Projetos\Atlasweb\FatPedidoNF.dfm"
"UniDBFormattedNumberEdit4.PanelDados1.UniPanel1.UniScrollBox1.TabSheet1";"Peso Bruto";"en-US";"";"FieldLabel";"C:\Projetos\Atlasweb\FatPedidoNF.dfm"
"cLotes.PanelDados1.UniPanel1.UniScrollBox1.TabSheet1";"Lote de Notas";"en-US";"";"FieldLabel";"C:\Projetos\Atlasweb\FatPedidoNF.dfm"
"UniDBLookupComboBox3.PanelDados1.UniPanel1.UniScrollBox1.TabSheet1";"Armazém";"en-US";"";"FieldLabel";"C:\Projetos\Atlasweb\FatPedidoNF.dfm"
"UniDBComboBox1.PanelDados1.UniPanel1.UniScrollBox1.TabSheet1";"Tipo de Desconto";"en-US";"";"FieldLabel";"C:\Projetos\Atlasweb\FatPedidoNF.dfm"
"cValor_Desconto.PanelDados1.UniPanel1.UniScrollBox1.TabSheet1";"Valor Desconto";"en-US";"";"FieldLabel";"C:\Projetos\Atlasweb\FatPedidoNF.dfm"
"UniDBFormattedNumberEdit2.PanelDados1.UniPanel1.UniScrollBox1.TabSheet1";"% Margem Lucro";"en-US";"";"FieldLabel";"C:\Projetos\Atlasweb\FatPedidoNF.dfm"
"UniDBFormattedNumberEdit14.PanelDados1.UniPanel1.UniScrollBox1.TabSheet1";"Valor Lucro";"en-US";"";"FieldLabel";"C:\Projetos\Atlasweb\FatPedidoNF.dfm"
"UniDBLookupComboBox4.PanelDados1.UniPanel1.UniScrollBox1.TabSheet1";"Representante";"en-US";"";"FieldLabel";"C:\Projetos\Atlasweb\FatPedidoNF.dfm"
"UniDBFormattedNumberEdit15.PanelDados1.UniPanel1.UniScrollBox1.TabSheet1";"Comissão";"en-US";"";"FieldLabel";"C:\Projetos\Atlasweb\FatPedidoNF.dfm"
"UniDBFormattedNumberEdit16.PanelDados1.UniPanel1.UniScrollBox1.TabSheet1";"Comissão (Gerente)";"en-US";"";"FieldLabel";"C:\Projetos\Atlasweb\FatPedidoNF.dfm"
"UniDBLookupComboBox5.PanelDados1.UniPanel1.UniScrollBox1.TabSheet1";"Representante";"en-US";"";"FieldLabel";"C:\Projetos\Atlasweb\FatPedidoNF.dfm"
"UniDBFormattedNumberEdit17.PanelDados1.UniPanel1.UniScrollBox1.TabSheet1";"Comissão";"en-US";"";"FieldLabel";"C:\Projetos\Atlasweb\FatPedidoNF.dfm"
"bVeiculo.PanelDados1.UniPanel1.UniScrollBox1.TabSheet1";"Veículo";"en-US";"";"Caption";"C:\Projetos\Atlasweb\FatPedidoNF.dfm"
"cEmpresa.PanelDados1.UniPanel1.UniScrollBox1.TabSheet1";"Empresa";"en-US";"";"FieldLabel";"C:\Projetos\Atlasweb\FatPedidoNF.dfm"
"UniDBEdit2.UniPanel1.UniScrollBox1.TabSheet1";"Pedido Representante";"en-US";"";"FieldLabel";"C:\Projetos\Atlasweb\FatPedidoNF.dfm"
"UniTabSheet1";"Itens do Pedido";"en-US";"";"Caption";"C:\Projetos\Atlasweb\FatPedidoNF.dfm"
"bNFRef.BarraItens";"NF Ref";"en-US";"";"Caption";"C:\Projetos\Atlasweb\FatPedidoNF.dfm"
"bDUE.BarraItens";"DUE";"en-US";"";"Caption";"C:\Projetos\Atlasweb\FatPedidoNF.dfm"
"bDUIMP.BarraItens";"DUIMP";"en-US";"";"Caption";"C:\Projetos\Atlasweb\FatPedidoNF.dfm"
"TabSheet2";"Informaçãoes Complementares";"en-US";"";"Caption";"C:\Projetos\Atlasweb\FatPedidoNF.dfm"
"TabSheet3";"Movimentação Financeira";"en-US";"";"Caption";"C:\Projetos\Atlasweb\FatPedidoNF.dfm"
"UniPanel3";"TOTAIS DO PEDIDO";"en-US";"";"Title";"C:\Projetos\Atlasweb\FatPedidoNF.dfm"
"cValorProdutos.UniPanel3";"Produtos";"en-US";"";"FieldLabel";"C:\Projetos\Atlasweb\FatPedidoNF.dfm"
"cValorDespesas.UniPanel3";"Despesas";"en-US";"";"FieldLabel";"C:\Projetos\Atlasweb\FatPedidoNF.dfm"
"cValorFrete.UniPanel3";"Frete";"en-US";"";"FieldLabel";"C:\Projetos\Atlasweb\FatPedidoNF.dfm"
"cValorSeguro.UniPanel3";"Seguro";"en-US";"";"FieldLabel";"C:\Projetos\Atlasweb\FatPedidoNF.dfm"
"cValorII.UniPanel3";"II";"en-US";"";"FieldLabel";"C:\Projetos\Atlasweb\FatPedidoNF.dfm"
"cValorIPI.UniPanel3";"IPI";"en-US";"";"FieldLabel";"C:\Projetos\Atlasweb\FatPedidoNF.dfm"
"cValorPIS.UniPanel3";"PIS";"en-US";"";"FieldLabel";"C:\Projetos\Atlasweb\FatPedidoNF.dfm"
"cValorCOFINS.UniPanel3";"COFINS";"en-US";"";"FieldLabel";"C:\Projetos\Atlasweb\FatPedidoNF.dfm"
"cValorICMS.UniPanel3";"ICMS Oper";"en-US";"";"FieldLabel";"C:\Projetos\Atlasweb\FatPedidoNF.dfm"
"cValorICMSST.UniPanel3";"ICMS ST";"en-US";"";"FieldLabel";"C:\Projetos\Atlasweb\FatPedidoNF.dfm"
"cTotalDesconto.UniPanel3";"Descontos";"en-US";"";"FieldLabel";"C:\Projetos\Atlasweb\FatPedidoNF.dfm"
"cValorPedido.UniPanel3";"Total do Pedido";"en-US";"";"FieldLabel";"C:\Projetos\Atlasweb\FatPedidoNF.dfm"
"cValorBCII.UniPanel3";"B.C.II";"en-US";"";"FieldLabel";"C:\Projetos\Atlasweb\FatPedidoNF.dfm"
"cValorBCIPI.UniPanel3";"BC IPI";"en-US";"";"FieldLabel";"C:\Projetos\Atlasweb\FatPedidoNF.dfm"
"cValorBCPIS.UniPanel3";"BC.PIS";"en-US";"";"FieldLabel";"C:\Projetos\Atlasweb\FatPedidoNF.dfm"
"cValorBCCOFINS.UniPanel3";"BC COFINS";"en-US";"";"FieldLabel";"C:\Projetos\Atlasweb\FatPedidoNF.dfm"
"cValorBCICMS.UniPanel3";"BC ICMS Oper";"en-US";"";"FieldLabel";"C:\Projetos\Atlasweb\FatPedidoNF.dfm"
"cValorBCICMSST.UniPanel3";"BC ICMS ST";"en-US";"";"FieldLabel";"C:\Projetos\Atlasweb\FatPedidoNF.dfm"
"cValorAFRMM.UniPanel3";"AFRMM";"en-US";"";"FieldLabel";"C:\Projetos\Atlasweb\FatPedidoNF.dfm"
"cValorDIFALDest.UniPanel3";"DIFAL Destino";"en-US";"";"FieldLabel";"C:\Projetos\Atlasweb\FatPedidoNF.dfm"
"cValorDIFALOrig.UniPanel3";"DIFAL Origem";"en-US";"";"FieldLabel";"C:\Projetos\Atlasweb\FatPedidoNF.dfm"
"cValorBCIS.UniPanel3";"BC IS";"en-US";"";"FieldLabel";"C:\Projetos\Atlasweb\FatPedidoNF.dfm"
"cValorIS.UniPanel3";"IS";"en-US";"";"FieldLabel";"C:\Projetos\Atlasweb\FatPedidoNF.dfm"
"cValorBCIBS.UniPanel3";"BC IBS";"en-US";"";"FieldLabel";"C:\Projetos\Atlasweb\FatPedidoNF.dfm"
"cValorIBS.UniPanel3";"IBS";"en-US";"";"FieldLabel";"C:\Projetos\Atlasweb\FatPedidoNF.dfm"
"ValorBCCBS.UniPanel3";"BC CBS";"en-US";"";"FieldLabel";"C:\Projetos\Atlasweb\FatPedidoNF.dfm"
"cValorCBS.UniPanel3";"CBS";"en-US";"";"FieldLabel";"C:\Projetos\Atlasweb\FatPedidoNF.dfm"
"fFatPedidoNFDetalhe";"fFatPedidoNFDetalhe";"en-US";"";"Caption";"C:\Projetos\Atlasweb\FatPedidoNFDetalhe.dfm"
"PanelDados.fFatPedidoNFDetalhe";"Detalhameto do Produto";"en-US";"";"Title";"C:\Projetos\Atlasweb\FatPedidoNFDetalhe.dfm"
"cQtde.PanelDados.fFatPedidoNFDetalhe";"Quantidade";"en-US";"";"FieldLabel";"C:\Projetos\Atlasweb\FatPedidoNFDetalhe.dfm"
"cDetalhe.PanelDados.fFatPedidoNFDetalhe";"Detalhe";"en-US";"";"FieldLabel";"C:\Projetos\Atlasweb\FatPedidoNFDetalhe.dfm"
"cLote.PanelDados.fFatPedidoNFDetalhe";"Lote";"en-US";"";"FieldLabel";"C:\Projetos\Atlasweb\FatPedidoNFDetalhe.dfm"
"cEstoqueMinimo.UniPanel2.PanelDados.fFatPedidoNFDetalhe";"Estoque Minímo";"en-US";"";"FieldLabel";"C:\Projetos\Atlasweb\FatPedidoNFDetalhe.dfm"
"cDisponivel.UniPanel2.PanelDados.fFatPedidoNFDetalhe";"Estoque Atual";"en-US";"";"FieldLabel";"C:\Projetos\Atlasweb\FatPedidoNFDetalhe.dfm"
"cInventario.UniPanel2.PanelDados.fFatPedidoNFDetalhe";"Inventário Atual";"en-US";"";"FieldLabel";"C:\Projetos\Atlasweb\FatPedidoNFDetalhe.dfm"
"cEstoqueLote.UniPanel2.PanelDados.fFatPedidoNFDetalhe";"Detalhe/Lote";"en-US";"";"FieldLabel";"C:\Projetos\Atlasweb\FatPedidoNFDetalhe.dfm"
"cEstoqueNavio.UniPanel2.PanelDados.fFatPedidoNFDetalhe";"Estoque Navio";"en-US";"";"FieldLabel";"C:\Projetos\Atlasweb\FatPedidoNFDetalhe.dfm"
"UniTabSheet3.UniPageControl1.fFatPedidoNFItem";"Itens do Pedido";"en-US";"";"Caption";"C:\Projetos\Atlasweb\FatPedidoNFItem.dfm"
"UniPanel3.UniContainerPanel1.UniTabSheet3.UniPageControl1.fFatPedidoNFItem";"UniPanel3";"en-US";"";"Caption";"C:\Projetos\Atlasweb\FatPedidoNFItem.dfm"
"UniPanel11.UniPanel3.UniContainerPanel1.UniTabSheet3.UniPageControl1.fFatPedidoNFItem";"Outros Valores / Rateios";"en-US";"";"Title";"C:\Projetos\Atlasweb\FatPedidoNFItem.dfm"
"UniDBFormattedNumberEdit40.UniPanel11.UniPanel3.UniContainerPanel1.UniTabSheet3.UniPageControl1.fFatPedidoNFItem";"Seguro";"en-US";"";"FieldLabel";"C:\Projetos\Atlasweb\FatPedidoNFItem.dfm"
"UniDBFormattedNumberEdit38.UniPanel11.UniPanel3.UniContainerPanel1.UniTabSheet3.UniPageControl1.fFatPedidoNFItem";"Frete";"en-US";"";"FieldLabel";"C:\Projetos\Atlasweb\FatPedidoNFItem.dfm"
"UniDBFormattedNumberEdit39.UniPanel11.UniPanel3.UniContainerPanel1.UniTabSheet3.UniPageControl1.fFatPedidoNFItem";"Despesas";"en-US";"";"FieldLabel";"C:\Projetos\Atlasweb\FatPedidoNFItem.dfm"
"cTotalFrete.UniPanel11.UniPanel3.UniContainerPanel1.UniTabSheet3.UniPageControl1.fFatPedidoNFItem";"Total";"en-US";"";"FieldLabel";"C:\Projetos\Atlasweb\FatPedidoNFItem.dfm"
"cTotalSeguro.UniPanel11.UniPanel3.UniContainerPanel1.UniTabSheet3.UniPageControl1.fFatPedidoNFItem";"Total";"en-US";"";"FieldLabel";"C:\Projetos\Atlasweb\FatPedidoNFItem.dfm"
"cTotalDespesa.UniPanel11.UniPanel3.UniContainerPanel1.UniTabSheet3.UniPageControl1.fFatPedidoNFItem";"Total";"en-US";"";"FieldLabel";"C:\Projetos\Atlasweb\FatPedidoNFItem.dfm"
"UniPanel12.UniPanel3.UniContainerPanel1.UniTabSheet3.UniPageControl1.fFatPedidoNFItem";"Reforma Tributária - IS / CBS / IBS";"en-US";"";"Title";"C:\Projetos\Atlasweb\FatPedidoNFItem.dfm"
"UniDBLookupComboBox1.UniPanel12.UniPanel3.UniContainerPanel1.UniTabSheet3.UniPageControl1.fFatPedidoNFItem";"CST CBS";"en-US";"";"FieldLabel";"C:\Projetos\Atlasweb\FatPedidoNFItem.dfm"
"cTotalCBS.UniPanel12.UniPanel3.UniContainerPanel1.UniTabSheet3.UniPageControl1.fFatPedidoNFItem";"Total";"en-US";"";"FieldLabel";"C:\Projetos\Atlasweb\FatPedidoNFItem.dfm"
"UniDBFormattedNumberEdit41.UniPanel12.UniPanel3.UniContainerPanel1.UniTabSheet3.UniPageControl1.fFatPedidoNFItem";"Valor";"en-US";"";"FieldLabel";"C:\Projetos\Atlasweb\FatPedidoNFItem.dfm"
"UniDBFormattedNumberEdit42.UniPanel12.UniPanel3.UniContainerPanel1.UniTabSheet3.UniPageControl1.fFatPedidoNFItem";"BC CBS";"en-US";"";"FieldLabel";"C:\Projetos\Atlasweb\FatPedidoNFItem.dfm"
"UniDBFormattedNumberEdit43.UniPanel12.UniPanel3.UniContainerPanel1.UniTabSheet3.UniPageControl1.fFatPedidoNFItem";"Alíquota";"en-US";"";"FieldLabel";"C:\Projetos\Atlasweb\FatPedidoNFItem.dfm"
"UniDBLookupComboBox9.UniPanel12.UniPanel3.UniContainerPanel1.UniTabSheet3.UniPageControl1.fFatPedidoNFItem";"CST IBS";"en-US";"";"FieldLabel";"C:\Projetos\Atlasweb\FatPedidoNFItem.dfm"
"cTotalIBS.UniPanel12.UniPanel3.UniContainerPanel1.UniTabSheet3.UniPageControl1.fFatPedidoNFItem";"Total";"en-US";"";"FieldLabel";"C:\Projetos\Atlasweb\FatPedidoNFItem.dfm"
"UniDBFormattedNumberEdit44.UniPanel12.UniPanel3.UniContainerPanel1.UniTabSheet3.UniPageControl1.fFatPedidoNFItem";"Valor";"en-US";"";"FieldLabel";"C:\Projetos\Atlasweb\FatPedidoNFItem.dfm"
"UniDBFormattedNumberEdit45.UniPanel12.UniPanel3.UniContainerPanel1.UniTabSheet3.UniPageControl1.fFatPedidoNFItem";"BC IBS";"en-US";"";"FieldLabel";"C:\Projetos\Atlasweb\FatPedidoNFItem.dfm"
"UniDBFormattedNumberEdit46.UniPanel12.UniPanel3.UniContainerPanel1.UniTabSheet3.UniPageControl1.fFatPedidoNFItem";"Alíquota";"en-US";"";"FieldLabel";"C:\Projetos\Atlasweb\FatPedidoNFItem.dfm"
"UniDBFormattedNumberEdit47.UniPanel12.UniPanel3.UniContainerPanel1.UniTabSheet3.UniPageControl1.fFatPedidoNFItem";"Alíquota";"en-US";"";"FieldLabel";"C:\Projetos\Atlasweb\FatPedidoNFItem.dfm"
"UniDBFormattedNumberEdit48.UniPanel12.UniPanel3.UniContainerPanel1.UniTabSheet3.UniPageControl1.fFatPedidoNFItem";"BC IS";"en-US";"";"FieldLabel";"C:\Projetos\Atlasweb\FatPedidoNFItem.dfm"
"UniDBFormattedNumberEdit49.UniPanel12.UniPanel3.UniContainerPanel1.UniTabSheet3.UniPageControl1.fFatPedidoNFItem";"Valor";"en-US";"";"FieldLabel";"C:\Projetos\Atlasweb\FatPedidoNFItem.dfm"
"cTotalIS.UniPanel12.UniPanel3.UniContainerPanel1.UniTabSheet3.UniPageControl1.fFatPedidoNFItem";"Total";"en-US";"";"FieldLabel";"C:\Projetos\Atlasweb\FatPedidoNFItem.dfm"
"UniPanel13.UniPanel3.UniContainerPanel1.UniTabSheet3.UniPageControl1.fFatPedidoNFItem";"Produto";"en-US";"";"Title";"C:\Projetos\Atlasweb\FatPedidoNFItem.dfm"
"cQtde.UniPanel13.UniPanel3.UniContainerPanel1.UniTabSheet3.UniPageControl1.fFatPedidoNFItem";"Quantidade";"en-US";"";"FieldLabel";"C:\Projetos\Atlasweb\FatPedidoNFItem.dfm"
"UniDBFormattedNumberEdit17.UniPanel13.UniPanel3.UniContainerPanel1.UniTabSheet3.UniPageControl1.fFatPedidoNFItem";"% Desconto";"en-US";"";"FieldLabel";"C:\Projetos\Atlasweb\FatPedidoNFItem.dfm"
"UniDBFormattedNumberEdit18.UniPanel13.UniPanel3.UniContainerPanel1.UniTabSheet3.UniPageControl1.fFatPedidoNFItem";"Valor Desconto";"en-US";"";"FieldLabel";"C:\Projetos\Atlasweb\FatPedidoNFItem.dfm"
"cProduto.UniPanel13.UniPanel3.UniContainerPanel1.UniTabSheet3.UniPageControl1.fFatPedidoNFItem";"Produto";"en-US";"";"FieldLabel";"C:\Projetos\Atlasweb\FatPedidoNFItem.dfm"
"cCFOP.UniPanel13.UniPanel3.UniContainerPanel1.UniTabSheet3.UniPageControl1.fFatPedidoNFItem";"CFOP";"en-US";"";"FieldLabel";"C:\Projetos\Atlasweb\FatPedidoNFItem.dfm"
"cProcesso.UniPanel13.UniPanel3.UniContainerPanel1.UniTabSheet3.UniPageControl1.fFatPedidoNFItem";"Processo";"en-US";"";"FieldLabel";"C:\Projetos\Atlasweb\FatPedidoNFItem.dfm"
"UniDBEdit1.UniPanel13.UniPanel3.UniContainerPanel1.UniTabSheet3.UniPageControl1.fFatPedidoNFItem";"Pedido Compra";"en-US";"";"FieldLabel";"C:\Projetos\Atlasweb\FatPedidoNFItem.dfm"
"UniDBEdit2.UniPanel13.UniPanel3.UniContainerPanel1.UniTabSheet3.UniPageControl1.fFatPedidoNFItem";"Ordem";"en-US";"";"FieldLabel";"C:\Projetos\Atlasweb\FatPedidoNFItem.dfm"
"cValor_Produtos.UniPanel13.UniPanel3.UniContainerPanel1.UniTabSheet3.UniPageControl1.fFatPedidoNFItem";"Total Líquido";"en-US";"";"FieldLabel";"C:\Projetos\Atlasweb\FatPedidoNFItem.dfm"
"cValor_Unitario.UniPanel13.UniPanel3.UniContainerPanel1.UniTabSheet3.UniPageControl1.fFatPedidoNFItem";"Valor Unitário";"en-US";"";"FieldLabel";"C:\Projetos\Atlasweb\FatPedidoNFItem.dfm"
"UniDBEdit4.UniPanel13.UniPanel3.UniContainerPanel1.UniTabSheet3.UniPageControl1.fFatPedidoNFItem";"NCM";"en-US";"";"FieldLabel";"C:\Projetos\Atlasweb\FatPedidoNFItem.dfm"
"UniDBEdit5.UniPanel13.UniPanel3.UniContainerPanel1.UniTabSheet3.UniPageControl1.fFatPedidoNFItem";"Unidade Medida";"en-US";"";"FieldLabel";"C:\Projetos\Atlasweb\FatPedidoNFItem.dfm"
"UniDBFormattedNumberEdit20.UniPanel13.UniPanel3.UniContainerPanel1.UniTabSheet3.UniPageControl1.fFatPedidoNFItem";"% Desconto";"en-US";"";"FieldLabel";"C:\Projetos\Atlasweb\FatPedidoNFItem.dfm"
"UniDBFormattedNumberEdit21.UniPanel13.UniPanel3.UniContainerPanel1.UniTabSheet3.UniPageControl1.fFatPedidoNFItem";"Valor Desconto";"en-US";"";"FieldLabel";"C:\Projetos\Atlasweb\FatPedidoNFItem.dfm"
"UniDBEdit6.UniPanel13.UniPanel3.UniContainerPanel1.UniTabSheet3.UniPageControl1.fFatPedidoNFItem";"Nota Referência";"en-US";"";"FieldLabel";"C:\Projetos\Atlasweb\FatPedidoNFItem.dfm"
"UniDBDateTimePicker1.UniPanel13.UniPanel3.UniContainerPanel1.UniTabSheet3.UniPageControl1.fFatPedidoNFItem";"Data";"en-US";"";"FieldLabel";"C:\Projetos\Atlasweb\FatPedidoNFItem.dfm"
"UniDBFormattedNumberEdit5.UniPanel13.UniPanel3.UniContainerPanel1.UniTabSheet3.UniPageControl1.fFatPedidoNFItem";"Peso Líquido";"en-US";"";"FieldLabel";"C:\Projetos\Atlasweb\FatPedidoNFItem.dfm"
"UniDBFormattedNumberEdit6.UniPanel13.UniPanel3.UniContainerPanel1.UniTabSheet3.UniPageControl1.fFatPedidoNFItem";"Peso Bruto";"en-US";"";"FieldLabel";"C:\Projetos\Atlasweb\FatPedidoNFItem.dfm"
"cEstoqueMinimo.UniPanel2.UniPanel13.UniPanel3.UniContainerPanel1.UniTabSheet3.UniPageControl1.fFatPedidoNFItem";"Estoque Minímo";"en-US";"";"FieldLabel";"C:\Projetos\Atlasweb\FatPedidoNFItem.dfm"
"cDisponivel.UniPanel2.UniPanel13.UniPanel3.UniContainerPanel1.UniTabSheet3.UniPageControl1.fFatPedidoNFItem";"Estoque Atual";"en-US";"";"FieldLabel";"C:\Projetos\Atlasweb\FatPedidoNFItem.dfm"
"cInventario.UniPanel2.UniPanel13.UniPanel3.UniContainerPanel1.UniTabSheet3.UniPageControl1.fFatPedidoNFItem";"Inventário Atual";"en-US";"";"FieldLabel";"C:\Projetos\Atlasweb\FatPedidoNFItem.dfm"
"cEstoqueLote.UniPanel2.UniPanel13.UniPanel3.UniContainerPanel1.UniTabSheet3.UniPageControl1.fFatPedidoNFItem";"Detalhe/Lote";"en-US";"";"FieldLabel";"C:\Projetos\Atlasweb\FatPedidoNFItem.dfm"
"cEstoqueNavio.UniPanel2.UniPanel13.UniPanel3.UniContainerPanel1.UniTabSheet3.UniPageControl1.fFatPedidoNFItem";"Estoque Navio";"en-US";"";"FieldLabel";"C:\Projetos\Atlasweb\FatPedidoNFItem.dfm"
"bDetalhe.UniPanel13.UniPanel3.UniContainerPanel1.UniTabSheet3.UniPageControl1.fFatPedidoNFItem";"Detalhe";"en-US";"";"Caption";"C:\Projetos\Atlasweb\FatPedidoNFItem.dfm"
"bSerial.UniPanel13.UniPanel3.UniContainerPanel1.UniTabSheet3.UniPageControl1.fFatPedidoNFItem";"Serial/Chassi";"en-US";"";"Caption";"C:\Projetos\Atlasweb\FatPedidoNFItem.dfm"
"UniPanel5.UniPanel3.UniContainerPanel1.UniTabSheet3.UniPageControl1.fFatPedidoNFItem";"Imposto sobre Circulação de Mercadorias e Serviços - ICMS";"en-US";"";"Title";"C:\Projetos\Atlasweb\FatPedidoNFItem.dfm"
"cValor_BCICMSOp.UniPanel5.UniPanel3.UniContainerPanel1.UniTabSheet3.UniPageControl1.fFatPedidoNFItem";"BC ICMS Oper.";"en-US";"";"FieldLabel";"C:\Projetos\Atlasweb\FatPedidoNFItem.dfm"
"cValor_ICMS.UniPanel5.UniPanel3.UniContainerPanel1.UniTabSheet3.UniPageControl1.fFatPedidoNFItem";"Valor";"en-US";"";"FieldLabel";"C:\Projetos\Atlasweb\FatPedidoNFItem.dfm"
"cTotalICMSOp.UniPanel5.UniPanel3.UniContainerPanel1.UniTabSheet3.UniPageControl1.fFatPedidoNFItem";"Total";"en-US";"";"FieldLabel";"C:\Projetos\Atlasweb\FatPedidoNFItem.dfm"
"UniDBLookupComboBox3.UniPanel5.UniPanel3.UniContainerPanel1.UniTabSheet3.UniPageControl1.fFatPedidoNFItem";"CST - Tabela A";"en-US";"";"FieldLabel";"C:\Projetos\Atlasweb\FatPedidoNFItem.dfm"
"cCSTICMS.UniPanel5.UniPanel3.UniContainerPanel1.UniTabSheet3.UniPageControl1.fFatPedidoNFItem";"CST -  Tabela B";"en-US";"";"FieldLabel";"C:\Projetos\Atlasweb\FatPedidoNFItem.dfm"
"cAliquota_ICMSOp.UniPanel5.UniPanel3.UniContainerPanel1.UniTabSheet3.UniPageControl1.fFatPedidoNFItem";"Alíquota";"en-US";"";"FieldLabel";"C:\Projetos\Atlasweb\FatPedidoNFItem.dfm"
"UniDBFormattedNumberEdit2.UniPanel5.UniPanel3.UniContainerPanel1.UniTabSheet3.UniPageControl1.fFatPedidoNFItem";"BC ICMS Mono";"en-US";"";"FieldLabel";"C:\Projetos\Atlasweb\FatPedidoNFItem.dfm"
"cTotalICMSMono.UniPanel5.UniPanel3.UniContainerPanel1.UniTabSheet3.UniPageControl1.fFatPedidoNFItem";"Total";"en-US";"";"FieldLabel";"C:\Projetos\Atlasweb\FatPedidoNFItem.dfm"
"cTotalICMSMonoRet.UniPanel5.UniPanel3.UniContainerPanel1.UniTabSheet3.UniPageControl1.fFatPedidoNFItem";"Total";"en-US";"";"FieldLabel";"C:\Projetos\Atlasweb\FatPedidoNFItem.dfm"
"UniDBFormattedNumberEdit15.UniPanel5.UniPanel3.UniContainerPanel1.UniTabSheet3.UniPageControl1.fFatPedidoNFItem";"Valor";"en-US";"";"FieldLabel";"C:\Projetos\Atlasweb\FatPedidoNFItem.dfm"
"UniDBFormattedNumberEdit14.UniPanel5.UniPanel3.UniContainerPanel1.UniTabSheet3.UniPageControl1.fFatPedidoNFItem";"Alíquota";"en-US";"";"FieldLabel";"C:\Projetos\Atlasweb\FatPedidoNFItem.dfm"
"UniDBFormattedNumberEdit4.UniPanel5.UniPanel3.UniContainerPanel1.UniTabSheet3.UniPageControl1.fFatPedidoNFItem";"BC ICMS Mono Ret";"en-US";"";"FieldLabel";"C:\Projetos\Atlasweb\FatPedidoNFItem.dfm"
"UniDBFormattedNumberEdit3.UniPanel5.UniPanel3.UniContainerPanel1.UniTabSheet3.UniPageControl1.fFatPedidoNFItem";"Valor";"en-US";"";"FieldLabel";"C:\Projetos\Atlasweb\FatPedidoNFItem.dfm"
"UniDBFormattedNumberEdit1.UniPanel5.UniPanel3.UniContainerPanel1.UniTabSheet3.UniPageControl1.fFatPedidoNFItem";"Alíquota";"en-US";"";"FieldLabel";"C:\Projetos\Atlasweb\FatPedidoNFItem.dfm"
"cValor_ICMSST.UniPanel5.UniPanel3.UniContainerPanel1.UniTabSheet3.UniPageControl1.fFatPedidoNFItem";"Valor";"en-US";"";"FieldLabel";"C:\Projetos\Atlasweb\FatPedidoNFItem.dfm"
"cTotalICMSSTAnt.UniPanel5.UniPanel3.UniContainerPanel1.UniTabSheet3.UniPageControl1.fFatPedidoNFItem";"Total";"en-US";"";"FieldLabel";"C:\Projetos\Atlasweb\FatPedidoNFItem.dfm"
"cValor_ICMSSTAnt.UniPanel5.UniPanel3.UniContainerPanel1.UniTabSheet3.UniPageControl1.fFatPedidoNFItem";"Valor";"en-US";"";"FieldLabel";"C:\Projetos\Atlasweb\FatPedidoNFItem.dfm"
"cValor_BCICMSSTAnt.UniPanel5.UniPanel3.UniContainerPanel1.UniTabSheet3.UniPageControl1.fFatPedidoNFItem";"BC - Recolhido Ant";"en-US";"";"FieldLabel";"C:\Projetos\Atlasweb\FatPedidoNFItem.dfm"
"cAliquota_ICMSSTAnt.UniPanel5.UniPanel3.UniContainerPanel1.UniTabSheet3.UniPageControl1.fFatPedidoNFItem";"Alíquota";"en-US";"";"FieldLabel";"C:\Projetos\Atlasweb\FatPedidoNFItem.dfm"
"cTotalICMSST.UniPanel5.UniPanel3.UniContainerPanel1.UniTabSheet3.UniPageControl1.fFatPedidoNFItem";"Total";"en-US";"";"FieldLabel";"C:\Projetos\Atlasweb\FatPedidoNFItem.dfm"
"cValor_BCICMSST.UniPanel5.UniPanel3.UniContainerPanel1.UniTabSheet3.UniPageControl1.fFatPedidoNFItem";"BC ICMS ST";"en-US";"";"FieldLabel";"C:\Projetos\Atlasweb\FatPedidoNFItem.dfm"
"cAliquota_ICMSST.UniPanel5.UniPanel3.UniContainerPanel1.UniTabSheet3.UniPageControl1.fFatPedidoNFItem";"Alíquota";"en-US";"";"FieldLabel";"C:\Projetos\Atlasweb\FatPedidoNFItem.dfm"
"cAliquota_MVA.UniPanel5.UniPanel3.UniContainerPanel1.UniTabSheet3.UniPageControl1.fFatPedidoNFItem";"Alíquota";"en-US";"";"FieldLabel";"C:\Projetos\Atlasweb\FatPedidoNFItem.dfm"
"cValor_BCMVA.UniPanel5.UniPanel3.UniContainerPanel1.UniTabSheet3.UniPageControl1.fFatPedidoNFItem";"BC MVA";"en-US";"";"FieldLabel";"C:\Projetos\Atlasweb\FatPedidoNFItem.dfm"
"cValor_MVA.UniPanel5.UniPanel3.UniContainerPanel1.UniTabSheet3.UniPageControl1.fFatPedidoNFItem";"Valor";"en-US";"";"FieldLabel";"C:\Projetos\Atlasweb\FatPedidoNFItem.dfm"
"cTotalMVA.UniPanel5.UniPanel3.UniContainerPanel1.UniTabSheet3.UniPageControl1.fFatPedidoNFItem";"Total";"en-US";"";"FieldLabel";"C:\Projetos\Atlasweb\FatPedidoNFItem.dfm"
"cAliquota_ICMSDif.UniPanel5.UniPanel3.UniContainerPanel1.UniTabSheet3.UniPageControl1.fFatPedidoNFItem";"Alíquota";"en-US";"";"FieldLabel";"C:\Projetos\Atlasweb\FatPedidoNFItem.dfm"
"cTotalICMSDif.UniPanel5.UniPanel3.UniContainerPanel1.UniTabSheet3.UniPageControl1.fFatPedidoNFItem";"Total";"en-US";"";"FieldLabel";"C:\Projetos\Atlasweb\FatPedidoNFItem.dfm"
"cValor_ICMSDif.UniPanel5.UniPanel3.UniContainerPanel1.UniTabSheet3.UniPageControl1.fFatPedidoNFItem";"Valor";"en-US";"";"FieldLabel";"C:\Projetos\Atlasweb\FatPedidoNFItem.dfm"
"UniDBFormattedNumberEdit22.UniPanel5.UniPanel3.UniContainerPanel1.UniTabSheet3.UniPageControl1.fFatPedidoNFItem";"BC ICMS Diferido";"en-US";"";"FieldLabel";"C:\Projetos\Atlasweb\FatPedidoNFItem.dfm"
"UniDBFormattedNumberEdit23.UniPanel5.UniPanel3.UniContainerPanel1.UniTabSheet3.UniPageControl1.fFatPedidoNFItem";"ICMS Anterior";"en-US";"";"FieldLabel";"C:\Projetos\Atlasweb\FatPedidoNFItem.dfm"
"cICMSAnt.UniPanel5.UniPanel3.UniContainerPanel1.UniTabSheet3.UniPageControl1.fFatPedidoNFItem";"ICMS cobrado anteriormente por substituição tributária.";"en-US";"";"Caption";"C:\Projetos\Atlasweb\FatPedidoNFItem.dfm"
"cValor_OutrasICMS.UniPanel5.UniPanel3.UniContainerPanel1.UniTabSheet3.UniPageControl1.fFatPedidoNFItem";"Outras de ICMS";"en-US";"";"FieldLabel";"C:\Projetos\Atlasweb\FatPedidoNFItem.dfm"
"cValor_IsentasICMS.UniPanel5.UniPanel3.UniContainerPanel1.UniTabSheet3.UniPageControl1.fFatPedidoNFItem";"Isentas de ICMS";"en-US";"";"FieldLabel";"C:\Projetos\Atlasweb\FatPedidoNFItem.dfm"
"cTotalOutrasICMS.UniPanel5.UniPanel3.UniContainerPanel1.UniTabSheet3.UniPageControl1.fFatPedidoNFItem";"Total";"en-US";"";"FieldLabel";"C:\Projetos\Atlasweb\FatPedidoNFItem.dfm"
"cTotalIsentasICMS.UniPanel5.UniPanel3.UniContainerPanel1.UniTabSheet3.UniPageControl1.fFatPedidoNFItem";"Total";"en-US";"";"FieldLabel";"C:\Projetos\Atlasweb\FatPedidoNFItem.dfm"
"UniDBFormattedNumberEdit10.UniPanel5.UniPanel3.UniContainerPanel1.UniTabSheet3.UniPageControl1.fFatPedidoNFItem";"Alíquota";"en-US";"";"FieldLabel";"C:\Projetos\Atlasweb\FatPedidoNFItem.dfm"
"cTotalICMSPresumido.UniPanel5.UniPanel3.UniContainerPanel1.UniTabSheet3.UniPageControl1.fFatPedidoNFItem";"Total";"en-US";"";"FieldLabel";"C:\Projetos\Atlasweb\FatPedidoNFItem.dfm"
"UniDBFormattedNumberEdit31.UniPanel5.UniPanel3.UniContainerPanel1.UniTabSheet3.UniPageControl1.fFatPedidoNFItem";"Valor";"en-US";"";"FieldLabel";"C:\Projetos\Atlasweb\FatPedidoNFItem.dfm"
"UniDBFormattedNumberEdit32.UniPanel5.UniPanel3.UniContainerPanel1.UniTabSheet3.UniPageControl1.fFatPedidoNFItem";"BC ICMS Presumido";"en-US";"";"FieldLabel";"C:\Projetos\Atlasweb\FatPedidoNFItem.dfm"
"cValor_ICMSDesonerado.UniPanel5.UniPanel3.UniContainerPanel1.UniTabSheet3.UniPageControl1.fFatPedidoNFItem";"Total";"en-US";"";"FieldLabel";"C:\Projetos\Atlasweb\FatPedidoNFItem.dfm"
"UniDBFormattedNumberEdit37.UniPanel5.UniPanel3.UniContainerPanel1.UniTabSheet3.UniPageControl1.fFatPedidoNFItem";"BC ICMS Presumido";"en-US";"";"FieldLabel";"C:\Projetos\Atlasweb\FatPedidoNFItem.dfm"
"UniDBEdit3.UniPanel5.UniPanel3.UniContainerPanel1.UniTabSheet3.UniPageControl1.fFatPedidoNFItem";"Cód Cred.Pres.";"en-US";"";"FieldLabel";"C:\Projetos\Atlasweb\FatPedidoNFItem.dfm"
"UniDBEdit7.UniPanel5.UniPanel3.UniContainerPanel1.UniTabSheet3.UniPageControl1.fFatPedidoNFItem";"Cód Benefício Fiscal";"en-US";"";"FieldLabel";"C:\Projetos\Atlasweb\FatPedidoNFItem.dfm"
"UniPanel6.UniPanel3.UniContainerPanel1.UniTabSheet3.UniPageControl1.fFatPedidoNFItem";"Programa de Integração Social - PIS";"en-US";"";"Title";"C:\Projetos\Atlasweb\FatPedidoNFItem.dfm"
"cValor_BCPIS.UniPanel6.UniPanel3.UniContainerPanel1.UniTabSheet3.UniPageControl1.fFatPedidoNFItem";"BC PIS";"en-US";"";"FieldLabel";"C:\Projetos\Atlasweb\FatPedidoNFItem.dfm"
"cTotalPIS.UniPanel6.UniPanel3.UniContainerPanel1.UniTabSheet3.UniPageControl1.fFatPedidoNFItem";"Total";"en-US";"";"FieldLabel";"C:\Projetos\Atlasweb\FatPedidoNFItem.dfm"
"cValor_PIS.UniPanel6.UniPanel3.UniContainerPanel1.UniTabSheet3.UniPageControl1.fFatPedidoNFItem";"Valor";"en-US";"";"FieldLabel";"C:\Projetos\Atlasweb\FatPedidoNFItem.dfm"
"cAliquota_PIS.UniPanel6.UniPanel3.UniContainerPanel1.UniTabSheet3.UniPageControl1.fFatPedidoNFItem";"Alíquota";"en-US";"";"FieldLabel";"C:\Projetos\Atlasweb\FatPedidoNFItem.dfm"
"cCSTPIS.UniPanel6.UniPanel3.UniContainerPanel1.UniTabSheet3.UniPageControl1.fFatPedidoNFItem";"CST PIS";"en-US";"";"FieldLabel";"C:\Projetos\Atlasweb\FatPedidoNFItem.dfm"
"UniDBFormattedNumberEdit8.UniPanel6.UniPanel3.UniContainerPanel1.UniTabSheet3.UniPageControl1.fFatPedidoNFItem";"PIS ST";"en-US";"";"FieldLabel";"C:\Projetos\Atlasweb\FatPedidoNFItem.dfm"
"cTotalPISST.UniPanel6.UniPanel3.UniContainerPanel1.UniTabSheet3.UniPageControl1.fFatPedidoNFItem";"Total";"en-US";"";"FieldLabel";"C:\Projetos\Atlasweb\FatPedidoNFItem.dfm"
"UniPanel7.UniPanel3.UniContainerPanel1.UniTabSheet3.UniPageControl1.fFatPedidoNFItem";"Imposto sobre Produtos Industrializados - IPI";"en-US";"";"Title";"C:\Projetos\Atlasweb\FatPedidoNFItem.dfm"
"cCSTIPI.UniPanel7.UniPanel3.UniContainerPanel1.UniTabSheet3.UniPageControl1.fFatPedidoNFItem";"CST IPI";"en-US";"";"FieldLabel";"C:\Projetos\Atlasweb\FatPedidoNFItem.dfm"
"cAliquota_IPI.UniPanel7.UniPanel3.UniContainerPanel1.UniTabSheet3.UniPageControl1.fFatPedidoNFItem";"Alíquota";"en-US";"";"FieldLabel";"C:\Projetos\Atlasweb\FatPedidoNFItem.dfm"
"cValor_BCIPI.UniPanel7.UniPanel3.UniContainerPanel1.UniTabSheet3.UniPageControl1.fFatPedidoNFItem";"BC IPI";"en-US";"";"FieldLabel";"C:\Projetos\Atlasweb\FatPedidoNFItem.dfm"
"cValor_IPI.UniPanel7.UniPanel3.UniContainerPanel1.UniTabSheet3.UniPageControl1.fFatPedidoNFItem";"Valor";"en-US";"";"FieldLabel";"C:\Projetos\Atlasweb\FatPedidoNFItem.dfm"
"cValor_OutrasIPI.UniPanel7.UniPanel3.UniContainerPanel1.UniTabSheet3.UniPageControl1.fFatPedidoNFItem";"Outras de IPI";"en-US";"";"FieldLabel";"C:\Projetos\Atlasweb\FatPedidoNFItem.dfm"
"cTotalIPI.UniPanel7.UniPanel3.UniContainerPanel1.UniTabSheet3.UniPageControl1.fFatPedidoNFItem";"Total";"en-US";"";"FieldLabel";"C:\Projetos\Atlasweb\FatPedidoNFItem.dfm"
"cTotalOutrasIPI.UniPanel7.UniPanel3.UniContainerPanel1.UniTabSheet3.UniPageControl1.fFatPedidoNFItem";"Total";"en-US";"";"FieldLabel";"C:\Projetos\Atlasweb\FatPedidoNFItem.dfm"
"cValor_IsentasIPI.UniPanel7.UniPanel3.UniContainerPanel1.UniTabSheet3.UniPageControl1.fFatPedidoNFItem";"Isentas de IPI";"en-US";"";"FieldLabel";"C:\Projetos\Atlasweb\FatPedidoNFItem.dfm"
"cTotalIsentasIPI.UniPanel7.UniPanel3.UniContainerPanel1.UniTabSheet3.UniPageControl1.fFatPedidoNFItem";"Total";"en-US";"";"FieldLabel";"C:\Projetos\Atlasweb\FatPedidoNFItem.dfm"
"UniDBFormattedNumberEdit33.UniPanel7.UniPanel3.UniContainerPanel1.UniTabSheet3.UniPageControl1.fFatPedidoNFItem";"% IPI Devolução";"en-US";"";"FieldLabel";"C:\Projetos\Atlasweb\FatPedidoNFItem.dfm"
"UniFormattedNumberEdit2.UniPanel7.UniPanel3.UniContainerPanel1.UniTabSheet3.UniPageControl1.fFatPedidoNFItem";"Total";"en-US";"";"FieldLabel";"C:\Projetos\Atlasweb\FatPedidoNFItem.dfm"
"UniDBFormattedNumberEdit34.UniPanel7.UniPanel3.UniContainerPanel1.UniTabSheet3.UniPageControl1.fFatPedidoNFItem";"% Devol";"en-US";"";"FieldLabel";"C:\Projetos\Atlasweb\FatPedidoNFItem.dfm"
"UniPanel8.UniPanel3.UniContainerPanel1.UniTabSheet3.UniPageControl1.fFatPedidoNFItem";"Imposto de Importação - II";"en-US";"";"Title";"C:\Projetos\Atlasweb\FatPedidoNFItem.dfm"
"cTotalII.UniPanel8.UniPanel3.UniContainerPanel1.UniTabSheet3.UniPageControl1.fFatPedidoNFItem";"Total";"en-US";"";"FieldLabel";"C:\Projetos\Atlasweb\FatPedidoNFItem.dfm"
"cValor_II.UniPanel8.UniPanel3.UniContainerPanel1.UniTabSheet3.UniPageControl1.fFatPedidoNFItem";"Valor";"en-US";"";"FieldLabel";"C:\Projetos\Atlasweb\FatPedidoNFItem.dfm"
"cAliquota_II.UniPanel8.UniPanel3.UniContainerPanel1.UniTabSheet3.UniPageControl1.fFatPedidoNFItem";"Alíquota";"en-US";"";"FieldLabel";"C:\Projetos\Atlasweb\FatPedidoNFItem.dfm"
"UniDBFormattedNumberEdit24.UniPanel8.UniPanel3.UniContainerPanel1.UniTabSheet3.UniPageControl1.fFatPedidoNFItem";"BC II";"en-US";"";"FieldLabel";"C:\Projetos\Atlasweb\FatPedidoNFItem.dfm"
"UniPanel9.UniPanel3.UniContainerPanel1.UniTabSheet3.UniPageControl1.fFatPedidoNFItem";"Contribuição para o Financiamento da Seguridade Social - COFINS";"en-US";"";"Title";"C:\Projetos\Atlasweb\FatPedidoNFItem.dfm"
"UniDBFormattedNumberEdit25.UniPanel9.UniPanel3.UniContainerPanel1.UniTabSheet3.UniPageControl1.fFatPedidoNFItem";"BC COFINS";"en-US";"";"FieldLabel";"C:\Projetos\Atlasweb\FatPedidoNFItem.dfm"
"cTotalCOFINS.UniPanel9.UniPanel3.UniContainerPanel1.UniTabSheet3.UniPageControl1.fFatPedidoNFItem";"Total";"en-US";"";"FieldLabel";"C:\Projetos\Atlasweb\FatPedidoNFItem.dfm"
"UniDBFormattedNumberEdit26.UniPanel9.UniPanel3.UniContainerPanel1.UniTabSheet3.UniPageControl1.fFatPedidoNFItem";"Valor";"en-US";"";"FieldLabel";"C:\Projetos\Atlasweb\FatPedidoNFItem.dfm"
"UniDBFormattedNumberEdit27.UniPanel9.UniPanel3.UniContainerPanel1.UniTabSheet3.UniPageControl1.fFatPedidoNFItem";"Alíquota";"en-US";"";"FieldLabel";"C:\Projetos\Atlasweb\FatPedidoNFItem.dfm"
"UniDBLookupComboBox7.UniPanel9.UniPanel3.UniContainerPanel1.UniTabSheet3.UniPageControl1.fFatPedidoNFItem";"CST COFINS";"en-US";"";"FieldLabel";"C:\Projetos\Atlasweb\FatPedidoNFItem.dfm"
"UniDBFormattedNumberEdit9.UniPanel9.UniPanel3.UniContainerPanel1.UniTabSheet3.UniPageControl1.fFatPedidoNFItem";"COFINS ST";"en-US";"";"FieldLabel";"C:\Projetos\Atlasweb\FatPedidoNFItem.dfm"
"cTotalCOFINSST.UniPanel9.UniPanel3.UniContainerPanel1.UniTabSheet3.UniPageControl1.fFatPedidoNFItem";"Total";"en-US";"";"FieldLabel";"C:\Projetos\Atlasweb\FatPedidoNFItem.dfm"
"UniTabSheet2.UniPageControl1.fFatPedidoNFItem";"Fórmulas";"en-US";"";"Caption";"C:\Projetos\Atlasweb\FatPedidoNFItem.dfm"
"cLog";"LOG";"en-US";"";"FieldLabel";"C:\Projetos\Atlasweb\FatPedidoNFItem.dfm"
"fFatPedidoNFLote";"fFatPedidoNFLote";"en-US";"";"Caption";"C:\Projetos\Atlasweb\FatPedidoNFLote.dfm"
"uniPanel1.fFatPedidoNFLote";"Seriais Disponíveis";"en-US";"";"Title";"C:\Projetos\Atlasweb\FatPedidoNFLote.dfm"
"UniPanel2";"Seriais Adicionados ao Pedido";"en-US";"";"Title";"C:\Projetos\Atlasweb\FatPedidoNFLote.dfm"
"fFatPedidoVeiculo";"DADOS DO TRANSPORTE";"en-US";"";"Caption";"C:\Projetos\Atlasweb\FatPedidoVeiculo.dfm"
"UniPanel3.UniPanel1.fFatPedidoVeiculo";"Dados do Reboque";"en-US";"";"Title";"C:\Projetos\Atlasweb\FatPedidoVeiculo.dfm"
"cRebPlaca.UniPanel3.UniPanel1.fFatPedidoVeiculo";"Placa";"en-US";"";"FieldLabel";"C:\Projetos\Atlasweb\FatPedidoVeiculo.dfm"
"cRebEstado.UniPanel3.UniPanel1.fFatPedidoVeiculo";"UF";"en-US";"";"FieldLabel";"C:\Projetos\Atlasweb\FatPedidoVeiculo.dfm"
"cRebANTT.UniPanel3.UniPanel1.fFatPedidoVeiculo";"Código ANTT";"en-US";"";"FieldLabel";"C:\Projetos\Atlasweb\FatPedidoVeiculo.dfm"
"cRebLacre.UniPanel3.UniPanel1.fFatPedidoVeiculo";"Lacre";"en-US";"";"FieldLabel";"C:\Projetos\Atlasweb\FatPedidoVeiculo.dfm"
"UniPanel2.UniPanel1.fFatPedidoVeiculo";"Dados do Veículo";"en-US";"";"Title";"C:\Projetos\Atlasweb\FatPedidoVeiculo.dfm"
"cVeiPlaca.UniPanel2.UniPanel1.fFatPedidoVeiculo";"Placa";"en-US";"";"FieldLabel";"C:\Projetos\Atlasweb\FatPedidoVeiculo.dfm"
"cVeiEstado.UniPanel2.UniPanel1.fFatPedidoVeiculo";"UF";"en-US";"";"FieldLabel";"C:\Projetos\Atlasweb\FatPedidoVeiculo.dfm"
"cVeiANTT.UniPanel2.UniPanel1.fFatPedidoVeiculo";"Código ANTT";"en-US";"";"FieldLabel";"C:\Projetos\Atlasweb\FatPedidoVeiculo.dfm"
"cVeiLacre.UniPanel2.UniPanel1.fFatPedidoVeiculo";"Lacre";"en-US";"";"FieldLabel";"C:\Projetos\Atlasweb\FatPedidoVeiculo.dfm"
"UniPanel7.UniPanel1.fFatPedidoVeiculo";"Dados do Motorista";"en-US";"";"Title";"C:\Projetos\Atlasweb\FatPedidoVeiculo.dfm"
"cCPF.UniPanel7.UniPanel1.fFatPedidoVeiculo";"CPF";"en-US";"";"FieldLabel";"C:\Projetos\Atlasweb\FatPedidoVeiculo.dfm"
"cRG.UniPanel7.UniPanel1.fFatPedidoVeiculo";"RG";"en-US";"";"FieldLabel";"C:\Projetos\Atlasweb\FatPedidoVeiculo.dfm"
"cMotorista.UniPanel7.UniPanel1.fFatPedidoVeiculo";"Motorista";"en-US";"";"FieldLabel";"C:\Projetos\Atlasweb\FatPedidoVeiculo.dfm"
"bBaixar.pBarraNav.fFinanceiro";"Liquidar";"en-US";"";"Caption";"C:\Projetos\Atlasweb\Financeiro.dfm"
"bEstornar.pBarraNav.fFinanceiro";"Estornar Liquidação";"en-US";"";"Caption";"C:\Projetos\Atlasweb\Financeiro.dfm"
"bParcelar.pBarraNav.fFinanceiro";"Parcelar/Duplicar";"en-US";"";"Caption";"C:\Projetos\Atlasweb\Financeiro.dfm"
"bBloquear.pBarraNav.fFinanceiro";"Bloquear Período";"en-US";"";"Caption";"C:\Projetos\Atlasweb\Financeiro.dfm"
"UniTabSheet1.Pasta.fFinanceiro";"Movimento";"en-US";"";"Caption";"C:\Projetos\Atlasweb\Financeiro.dfm"
"pFiltro.UniTabSheet1.Pasta.fFinanceiro";"F I L T R O S :";"en-US";"";"Title";"C:\Projetos\Atlasweb\Financeiro.dfm"
"bFiltro.pFiltro.UniTabSheet1.Pasta.fFinanceiro";"Filtrar";"en-US";"";"Caption";"C:\Projetos\Atlasweb\Financeiro.dfm"
"cAgrupar.pFiltro.UniTabSheet1.Pasta.fFinanceiro";"Agrupar";"en-US";"";"Caption";"C:\Projetos\Atlasweb\Financeiro.dfm"
"cProv.pFiltro.UniTabSheet1.Pasta.fFinanceiro";"Tipo de Documento";"en-US";"";"Caption";"C:\Projetos\Atlasweb\Financeiro.dfm"
"cSituacao.pFiltro.UniTabSheet1.Pasta.fFinanceiro";"Situação do Lançamento";"en-US";"";"Caption";"C:\Projetos\Atlasweb\Financeiro.dfm"
"cTipo.pFiltro.UniTabSheet1.Pasta.fFinanceiro";"Tipo de Lançamento";"en-US";"";"Caption";"C:\Projetos\Atlasweb\Financeiro.dfm"
"bLimparFiltro.pFiltro.UniTabSheet1.Pasta.fFinanceiro";"Limpar Filtros";"en-US";"";"Caption";"C:\Projetos\Atlasweb\Financeiro.dfm"
"UniPanel6.UniTabSheet1.Pasta.fFinanceiro";"UniPanel6";"en-US";"";"Caption";"C:\Projetos\Atlasweb\Financeiro.dfm"
"cAno.UniPanel2.UniPanel1.UniPanel6.UniTabSheet1.Pasta.fFinanceiro";"ANO";"en-US";"";"FieldLabel";"C:\Projetos\Atlasweb\Financeiro.dfm"
"cMes.UniPanel3.UniPanel1.UniPanel6.UniTabSheet1.Pasta.fFinanceiro";"Janeiro";"en-US";"";"Caption";"C:\Projetos\Atlasweb\Financeiro.dfm"
"UniPanel3.UniPanel1.UniPanel6.UniTabSheet1.Pasta.fFinanceiro";"Fevereiro";"en-US";"";"Caption";"C:\Projetos\Atlasweb\Financeiro.dfm"
"UniPanel1.UniPanel6.UniTabSheet1.Pasta.fFinanceiro";"Março";"en-US";"";"Caption";"C:\Projetos\Atlasweb\Financeiro.dfm"
"UniPanel6.UniTabSheet1.Pasta.fFinanceiro";"Abril";"en-US";"";"Caption";"C:\Projetos\Atlasweb\Financeiro.dfm"
"UniTabSheet1.Pasta.fFinanceiro";"Maio";"en-US";"";"Caption";"C:\Projetos\Atlasweb\Financeiro.dfm"
"Pasta.fFinanceiro";"Junho";"en-US";"";"Caption";"C:\Projetos\Atlasweb\Financeiro.dfm"
"fFinanceiro";"Julho";"en-US";"";"Caption";"C:\Projetos\Atlasweb\Financeiro.dfm"
"UniDBMemo1.UniPanel4";"Obeservações do título";"en-US";"";"FieldLabel";"C:\Projetos\Atlasweb\Financeiro.dfm"
"brTotais.UniPanel4";"Custo Entrada:";"en-US";"";"Caption";"C:\Projetos\Atlasweb\Financeiro.dfm"
"UniPanel4";"Custo Saída:";"en-US";"";"Caption";"C:\Projetos\Atlasweb\Financeiro.dfm"
"UniTabSheet2";"Lançamento";"en-US";"";"Caption";"C:\Projetos\Atlasweb\Financeiro.dfm"
"pFicha1.UniScrollBox1.UniTabSheet2";"DADOS GERAIS";"en-US";"";"Title";"C:\Projetos\Atlasweb\Financeiro.dfm"
"cClassificacao.pFicha1.UniScrollBox1.UniTabSheet2";"Conta";"en-US";"";"FieldLabel";"C:\Projetos\Atlasweb\Financeiro.dfm"
"cData_Previsao.pFicha1.UniScrollBox1.UniTabSheet2";"Previsão";"en-US";"";"FieldLabel";"C:\Projetos\Atlasweb\Financeiro.dfm"
"cDocumento_Data.pFicha1.UniScrollBox1.UniTabSheet2";"Data Documento";"en-US";"";"FieldLabel";"C:\Projetos\Atlasweb\Financeiro.dfm"
"cData_Vencimento.pFicha1.UniScrollBox1.UniTabSheet2";"Vencimento";"en-US";"";"FieldLabel";"C:\Projetos\Atlasweb\Financeiro.dfm"
"cBeneficiario.pFicha1.UniScrollBox1.UniTabSheet2";"Beneficiário";"en-US";"";"FieldLabel";"C:\Projetos\Atlasweb\Financeiro.dfm"
"cDocumento.pFicha1.UniScrollBox1.UniTabSheet2";"Documento";"en-US";"";"FieldLabel";"C:\Projetos\Atlasweb\Financeiro.dfm"
"cModalidade_Pgto.pFicha1.UniScrollBox1.UniTabSheet2";"Modalidade Pgto";"en-US";"";"FieldLabel";"C:\Projetos\Atlasweb\Financeiro.dfm"
"cCentro_Custo.pFicha1.UniScrollBox1.UniTabSheet2";"Centro de Custo";"en-US";"";"FieldLabel";"C:\Projetos\Atlasweb\Financeiro.dfm"
"cProcesso.pFicha1.UniScrollBox1.UniTabSheet2";"Processo";"en-US";"";"FieldLabel";"C:\Projetos\Atlasweb\Financeiro.dfm"
"cAdiantamento.pFicha1.UniScrollBox1.UniTabSheet2";"Adiantamento";"en-US";"";"FieldLabel";"C:\Projetos\Atlasweb\Financeiro.dfm"
"cNumero_Documento.pFicha1.UniScrollBox1.UniTabSheet2";"Nº  Documento";"en-US";"";"FieldLabel";"C:\Projetos\Atlasweb\Financeiro.dfm"
"cEmpresa.pFicha1.UniScrollBox1.UniTabSheet2";"Empresa";"en-US";"";"FieldLabel";"C:\Projetos\Atlasweb\Financeiro.dfm"
"cNumero.pFicha1.UniScrollBox1.UniTabSheet2";"Título";"en-US";"";"FieldLabel";"C:\Projetos\Atlasweb\Financeiro.dfm"
"cEmbarque.pFicha1.UniScrollBox1.UniTabSheet2";"Embarque";"en-US";"";"FieldLabel";"C:\Projetos\Atlasweb\Financeiro.dfm"
"cPago_Cliente.pFicha1.UniScrollBox1.UniTabSheet2";"Pago Pelo Cliente";"en-US";"";"Caption";"C:\Projetos\Atlasweb\Financeiro.dfm"
"cProvisorio.pFicha1.UniScrollBox1.UniTabSheet2";"Documerno Provisório";"en-US";"";"Caption";"C:\Projetos\Atlasweb\Financeiro.dfm"
"UniDBCheckBox1.pFicha1.UniScrollBox1.UniTabSheet2";"Permuta de Recebimento";"en-US";"";"Caption";"C:\Projetos\Atlasweb\Financeiro.dfm"
"bVeiculo.pFicha1.UniScrollBox1.UniTabSheet2";"Dados Bancários";"en-US";"";"Caption";"C:\Projetos\Atlasweb\Financeiro.dfm"
"UniButton1.pFicha1.UniScrollBox1.UniTabSheet2";"Parcelas";"en-US";"";"Caption";"C:\Projetos\Atlasweb\Financeiro.dfm"
"cValor_Documento.pFicha1.UniScrollBox1.UniTabSheet2";"Valor Documento";"en-US";"";"FieldLabel";"C:\Projetos\Atlasweb\Financeiro.dfm"
"cRecuperavel.pFicha1.UniScrollBox1.UniTabSheet2";"Recuperável";"en-US";"";"Caption";"C:\Projetos\Atlasweb\Financeiro.dfm"
"UniDBFormattedNumberEdit1.pFicha1.UniScrollBox1.UniTabSheet2";"Taxa (ME)";"en-US";"";"FieldLabel";"C:\Projetos\Atlasweb\Financeiro.dfm"
"UniDBFormattedNumberEdit2.pFicha1.UniScrollBox1.UniTabSheet2";"Valor (ME)";"en-US";"";"FieldLabel";"C:\Projetos\Atlasweb\Financeiro.dfm"
"cObservacao.pFicha1.UniScrollBox1.UniTabSheet2";"Observação";"en-US";"";"FieldLabel";"C:\Projetos\Atlasweb\Financeiro.dfm"
"cCodigoBarras.pFicha1.UniScrollBox1.UniTabSheet2";"Código de Barras";"en-US";"";"FieldLabel";"C:\Projetos\Atlasweb\Financeiro.dfm"
"cSaldoDoc.pFicha1.UniScrollBox1.UniTabSheet2";"Saldo Documento";"en-US";"";"FieldLabel";"C:\Projetos\Atlasweb\Financeiro.dfm"
"cValor_Desconto.pFicha1.UniScrollBox1.UniTabSheet2";"Valor Desconto";"en-US";"";"FieldLabel";"C:\Projetos\Atlasweb\Financeiro.dfm"
"cDesconto_Liquidacao.pFicha1.UniScrollBox1.UniTabSheet2";"Valor Desconto (Dupl)";"en-US";"";"FieldLabel";"C:\Projetos\Atlasweb\Financeiro.dfm"
"cValor_Juros.pFicha1.UniScrollBox1.UniTabSheet2";"Valor Juros";"en-US";"";"FieldLabel";"C:\Projetos\Atlasweb\Financeiro.dfm"
"cValor_Multa.pFicha1.UniScrollBox1.UniTabSheet2";"Valor Multa";"en-US";"";"FieldLabel";"C:\Projetos\Atlasweb\Financeiro.dfm"
"cValor_Total.pFicha1.UniScrollBox1.UniTabSheet2";"Valor Total";"en-US";"";"FieldLabel";"C:\Projetos\Atlasweb\Financeiro.dfm"
"cValor_Parcela.pFicha1.UniScrollBox1.UniTabSheet2";"Valor Parcela";"en-US";"";"FieldLabel";"C:\Projetos\Atlasweb\Financeiro.dfm"
"cValorBaixa.pFicha1.UniScrollBox1.UniTabSheet2";"Valor Baixa Automática";"en-US";"";"FieldLabel";"C:\Projetos\Atlasweb\Financeiro.dfm"
"cSaldo.pFicha1.UniScrollBox1.UniTabSheet2";"Saldo Aberto";"en-US";"";"FieldLabel";"C:\Projetos\Atlasweb\Financeiro.dfm"
"cNumeroPgto.pFicha1.UniScrollBox1.UniTabSheet2";"Nº do Documento";"en-US";"";"FieldLabel";"C:\Projetos\Atlasweb\Financeiro.dfm"
"cDataBaixa.pFicha1.UniScrollBox1.UniTabSheet2";"Data Baixa";"en-US";"";"FieldLabel";"C:\Projetos\Atlasweb\Financeiro.dfm"
"cBanco.pFicha1.UniScrollBox1.UniTabSheet2";"Banco";"en-US";"";"FieldLabel";"C:\Projetos\Atlasweb\Financeiro.dfm"
"UniDBLookupComboBox11.pFicha1.UniScrollBox1.UniTabSheet2";"Forma Pagamento";"en-US";"";"FieldLabel";"C:\Projetos\Atlasweb\Financeiro.dfm"
"cValor_Baixado.pFicha1.UniScrollBox1.UniTabSheet2";"Valor Baixado";"en-US";"";"FieldLabel";"C:\Projetos\Atlasweb\Financeiro.dfm"
"UniTabSheet4";"Adiantamentos";"en-US";"";"Caption";"C:\Projetos\Atlasweb\Financeiro.dfm"
"UniTabSheet5";"Contratos de Câmbio";"en-US";"";"Caption";"C:\Projetos\Atlasweb\Financeiro.dfm"
"UniTabSheet3";"Liquidação";"en-US";"";"Caption";"C:\Projetos\Atlasweb\Financeiro.dfm"
"pFicha2.UniScrollBox3.UniTabSheet3";"DADOS GERAIS";"en-US";"";"Title";"C:\Projetos\Atlasweb\Financeiro.dfm"
"cBxBanco.pFicha2.UniScrollBox3.UniTabSheet3";"Banco:";"en-US";"";"FieldLabel";"C:\Projetos\Atlasweb\Financeiro.dfm"
"bSalvarBaixa.UniPanel5.pFicha2.UniScrollBox3.UniTabSheet3";"Liquidar";"en-US";"";"Caption";"C:\Projetos\Atlasweb\Financeiro.dfm"
"bCancelarBaixa.UniPanel5.pFicha2.UniScrollBox3.UniTabSheet3";"Cancelar";"en-US";"";"Caption";"C:\Projetos\Atlasweb\Financeiro.dfm"
"cBxClassificacao.pFicha2.UniScrollBox3.UniTabSheet3";"Classificação Financeira";"en-US";"";"FieldLabel";"C:\Projetos\Atlasweb\Financeiro.dfm"
"UniGroupBox4.pFicha2.UniScrollBox3.UniTabSheet3";"VALORES";"en-US";"";"Caption";"C:\Projetos\Atlasweb\Financeiro.dfm"
"cBxValor_Doc.UniGroupBox4.pFicha2.UniScrollBox3.UniTabSheet3";"Valor do Documento";"en-US";"";"FieldLabel";"C:\Projetos\Atlasweb\Financeiro.dfm"
"cBxValor_Parcela.UniGroupBox4.pFicha2.UniScrollBox3.UniTabSheet3";"Valor da Parcela";"en-US";"";"FieldLabel";"C:\Projetos\Atlasweb\Financeiro.dfm"
"cBxValor_Baixado.UniGroupBox4.pFicha2.UniScrollBox3.UniTabSheet3";"Valor Baixado";"en-US";"";"FieldLabel";"C:\Projetos\Atlasweb\Financeiro.dfm"
"cBxValor_Aberto.UniGroupBox4.pFicha2.UniScrollBox3.UniTabSheet3";"Valor em Aberto";"en-US";"";"FieldLabel";"C:\Projetos\Atlasweb\Financeiro.dfm"
"cBxValor_Juros.UniGroupBox4.pFicha2.UniScrollBox3.UniTabSheet3";"Valor dos Juros";"en-US";"";"FieldLabel";"C:\Projetos\Atlasweb\Financeiro.dfm"
"cBxValor_Multa.UniGroupBox4.pFicha2.UniScrollBox3.UniTabSheet3";"Valor da Multa";"en-US";"";"FieldLabel";"C:\Projetos\Atlasweb\Financeiro.dfm"
"cBXValor_Desconto.UniGroupBox4.pFicha2.UniScrollBox3.UniTabSheet3";"Valor dos Descontos";"en-US";"";"FieldLabel";"C:\Projetos\Atlasweb\Financeiro.dfm"
"cBxValor.UniGroupBox4.pFicha2.UniScrollBox3.UniTabSheet3";"Valor Total";"en-US";"";"FieldLabel";"C:\Projetos\Atlasweb\Financeiro.dfm"
"gCambio.pFicha2.UniScrollBox3.UniTabSheet3";"CONTRATO DE CÂMBIO";"en-US";"";"Caption";"C:\Projetos\Atlasweb\Financeiro.dfm"
"cVariacaoCambial.gCambio.pFicha2.UniScrollBox3.UniTabSheet3";"Variação Câmbial";"en-US";"";"FieldLabel";"C:\Projetos\Atlasweb\Financeiro.dfm"
"cTotalCambio.gCambio.pFicha2.UniScrollBox3.UniTabSheet3";"Total do Câmbio";"en-US";"";"FieldLabel";"C:\Projetos\Atlasweb\Financeiro.dfm"
"cTaxa_Cambial.gCambio.pFicha2.UniScrollBox3.UniTabSheet3";"Taxa Câmbio";"en-US";"";"FieldLabel";"C:\Projetos\Atlasweb\Financeiro.dfm"
"cTaxa_FechamentoCambio.gCambio.pFicha2.UniScrollBox3.UniTabSheet3";"Taxa Fechamento";"en-US";"";"FieldLabel";"C:\Projetos\Atlasweb\Financeiro.dfm"
"cNumero_CC.gCambio.pFicha2.UniScrollBox3.UniTabSheet3";"Nº Contrato";"en-US";"";"FieldLabel";"C:\Projetos\Atlasweb\Financeiro.dfm"
"cBxData.pFicha2.UniScrollBox3.UniTabSheet3";"Data da Liquidação";"en-US";"";"FieldLabel";"C:\Projetos\Atlasweb\Financeiro.dfm"
"cBxForma_PgtoDoc.pFicha2.UniScrollBox3.UniTabSheet3";"Nº Documento";"en-US";"";"FieldLabel";"C:\Projetos\Atlasweb\Financeiro.dfm"
"cBxForma_Pgto.pFicha2.UniScrollBox3.UniTabSheet3";"Forma de Pagamento";"en-US";"";"FieldLabel";"C:\Projetos\Atlasweb\Financeiro.dfm"
"cBxObs.pFicha2.UniScrollBox3.UniTabSheet3";"Observação";"en-US";"";"FieldLabel";"C:\Projetos\Atlasweb\Financeiro.dfm"
"UniTabSheet7";"Documentos Anexados";"en-US";"";"Caption";"C:\Projetos\Atlasweb\Financeiro.dfm"
"UniTabSheet6";"Bloqueio de Período";"en-US";"";"Caption";"C:\Projetos\Atlasweb\Financeiro.dfm"
"UniPanel7.UniScrollBox2.UniTabSheet6";"DADOS GERAIS";"en-US";"";"Title";"C:\Projetos\Atlasweb\Financeiro.dfm"
"bBlocPer.UniPanel8.UniPanel7.UniScrollBox2.UniTabSheet6";"Bloquear";"en-US";"";"Caption";"C:\Projetos\Atlasweb\Financeiro.dfm"
"bBlocCanc.UniPanel8.UniPanel7.UniScrollBox2.UniTabSheet6";"Cancelar";"en-US";"";"Caption";"C:\Projetos\Atlasweb\Financeiro.dfm"
"cDataBloqueio.UniPanel7.UniScrollBox2.UniTabSheet6";"Data de Bloqueio";"en-US";"";"FieldLabel";"C:\Projetos\Atlasweb\Financeiro.dfm"
"aLista.Pasta.fFinSolicitacaoNumerario";"Lista";"en-US";"";"Caption";"C:\Projetos\Atlasweb\FinSolicitacaoNumerario.dfm"
"cData.pFicha.UniScrollBox1.UniTabSheet1";"Data";"en-US";"";"FieldLabel";"C:\Projetos\Atlasweb\FinSolicitacaoNumerario.dfm"
"cData_Previsao.pFicha.UniScrollBox1.UniTabSheet1";"Previsão";"en-US";"";"FieldLabel";"C:\Projetos\Atlasweb\FinSolicitacaoNumerario.dfm"
"cData_Vencimento.pFicha.UniScrollBox1.UniTabSheet1";"Vencimento";"en-US";"";"FieldLabel";"C:\Projetos\Atlasweb\FinSolicitacaoNumerario.dfm"
"cHora_Cadastro.pFicha.UniScrollBox1.UniTabSheet1";"Hora";"en-US";"";"FieldLabel";"C:\Projetos\Atlasweb\FinSolicitacaoNumerario.dfm"
"clCentro_Custo.pFicha.UniScrollBox1.UniTabSheet1";"Centro Custo";"en-US";"";"FieldLabel";"C:\Projetos\Atlasweb\FinSolicitacaoNumerario.dfm"
"clClassificacao.pFicha.UniScrollBox1.UniTabSheet1";"Classificação Financeira";"en-US";"";"FieldLabel";"C:\Projetos\Atlasweb\FinSolicitacaoNumerario.dfm"
"clCliente.pFicha.UniScrollBox1.UniTabSheet1";"Cliente";"en-US";"";"FieldLabel";"C:\Projetos\Atlasweb\FinSolicitacaoNumerario.dfm"
"cNumero.pFicha.UniScrollBox1.UniTabSheet1";"Solicitação Nº";"en-US";"";"FieldLabel";"C:\Projetos\Atlasweb\FinSolicitacaoNumerario.dfm"
"cProcesso.pFicha.UniScrollBox1.UniTabSheet1";"Nº Processo";"en-US";"";"FieldLabel";"C:\Projetos\Atlasweb\FinSolicitacaoNumerario.dfm"
"cValor_Total.pFicha.UniScrollBox1.UniTabSheet1";"Valor";"en-US";"";"FieldLabel";"C:\Projetos\Atlasweb\FinSolicitacaoNumerario.dfm"
"TabLista.Pasta.fFiscalNFTerceiros";"Lista";"en-US";"";"Caption";"C:\Projetos\Atlasweb\FiscalNFTerceiros.dfm"
"cEmpresa.pBarraPesq";"Filial";"en-US";"";"FieldLabel";"C:\Projetos\Atlasweb\FiscalNFTerceiros.dfm"
"TabCapa";"Capa da Nota Fiscal";"en-US";"";"Caption";"C:\Projetos\Atlasweb\FiscalNFTerceiros.dfm"
"Ficha.Panel2.TabCapa";"DADOS GERAIS";"en-US";"";"Title";"C:\Projetos\Atlasweb\FiscalNFTerceiros.dfm"
"cNota.Ficha.Panel2.TabCapa";"Documento Nº";"en-US";"";"FieldLabel";"C:\Projetos\Atlasweb\FiscalNFTerceiros.dfm"
"cDataEmissao.Ficha.Panel2.TabCapa";"Data Emissão";"en-US";"";"FieldLabel";"C:\Projetos\Atlasweb\FiscalNFTerceiros.dfm"
"cDataEntrada.Ficha.Panel2.TabCapa";"Data da Entrada";"en-US";"";"FieldLabel";"C:\Projetos\Atlasweb\FiscalNFTerceiros.dfm"
"cSerie.Ficha.Panel2.TabCapa";"Série";"en-US";"";"FieldLabel";"C:\Projetos\Atlasweb\FiscalNFTerceiros.dfm"
"cSubSerie.Ficha.Panel2.TabCapa";"Sub-Série";"en-US";"";"FieldLabel";"C:\Projetos\Atlasweb\FiscalNFTerceiros.dfm"
"cObservacao.Ficha.Panel2.TabCapa";"Informações adicionais (Fisco)";"en-US";"";"FieldLabel";"C:\Projetos\Atlasweb\FiscalNFTerceiros.dfm"
"cChave.Ficha.Panel2.TabCapa";"Chave NF-e";"en-US";"";"FieldLabel";"C:\Projetos\Atlasweb\FiscalNFTerceiros.dfm"
"cModelo.Ficha.Panel2.TabCapa";"Modelo";"en-US";"";"FieldLabel";"C:\Projetos\Atlasweb\FiscalNFTerceiros.dfm"
"cOperacao.Ficha.Panel2.TabCapa";"Operação Fiscal";"en-US";"";"FieldLabel";"C:\Projetos\Atlasweb\FiscalNFTerceiros.dfm"
"cFornecedor.Ficha.Panel2.TabCapa";"Fornecedor";"en-US";"";"FieldLabel";"C:\Projetos\Atlasweb\FiscalNFTerceiros.dfm"
"DBCheckBox1.Ficha.Panel2.TabCapa";"NF de desdobramento";"en-US";"";"Caption";"C:\Projetos\Atlasweb\FiscalNFTerceiros.dfm"
"cTransportador.Ficha.Panel2.TabCapa";"Transportador";"en-US";"";"FieldLabel";"C:\Projetos\Atlasweb\FiscalNFTerceiros.dfm"
"cBeneficio.Ficha.Panel2.TabCapa";"Benefício Fiscal";"en-US";"";"FieldLabel";"C:\Projetos\Atlasweb\FiscalNFTerceiros.dfm"
"DBCheckBox2.Ficha.Panel2.TabCapa";"NF Complementar";"en-US";"";"Caption";"C:\Projetos\Atlasweb\FiscalNFTerceiros.dfm"
"cArmazem.Ficha.Panel2.TabCapa";"Armazém";"en-US";"";"FieldLabel";"C:\Projetos\Atlasweb\FiscalNFTerceiros.dfm"
"cModalFrete.Ficha.Panel2.TabCapa";"Modalidade do Frete";"en-US";"";"FieldLabel";"C:\Projetos\Atlasweb\FiscalNFTerceiros.dfm"
"cNaturezaFrete.Ficha.Panel2.TabCapa";"Natureza do Frete";"en-US";"";"FieldLabel";"C:\Projetos\Atlasweb\FiscalNFTerceiros.dfm"
"cTipoPgto.Ficha.Panel2.TabCapa";"Tipo de Pagamento";"en-US";"";"Caption";"C:\Projetos\Atlasweb\FiscalNFTerceiros.dfm"
"UniDBMemo1.Ficha.Panel2.TabCapa";"Informações complementares";"en-US";"";"FieldLabel";"C:\Projetos\Atlasweb\FiscalNFTerceiros.dfm"
"cCentro_Custo.Ficha.Panel2.TabCapa";"Centro de Custos";"en-US";"";"FieldLabel";"C:\Projetos\Atlasweb\FiscalNFTerceiros.dfm"
"TabItem";"Itens";"en-US";"";"Caption";"C:\Projetos\Atlasweb\FiscalNFTerceiros.dfm"
"TabSerial";"Seriais/Chassis";"en-US";"";"Caption";"C:\Projetos\Atlasweb\FiscalNFTerceiros.dfm"
"TabLote";"Lotes";"en-US";"";"Caption";"C:\Projetos\Atlasweb\FiscalNFTerceiros.dfm"
"TabManif";"Manifestação do Destinatário";"en-US";"";"Caption";"C:\Projetos\Atlasweb\FiscalNFTerceiros.dfm"
"bSelTodos";"Selecionar Todos";"en-US";"";"Caption";"C:\Projetos\Atlasweb\FiscalNFTerceiros.dfm"
"bSelNehum";"Selecionar Nenhum";"en-US";"";"Caption";"C:\Projetos\Atlasweb\FiscalNFTerceiros.dfm"
"bManifestar";"Manifestar";"en-US";"";"Caption";"C:\Projetos\Atlasweb\FiscalNFTerceiros.dfm"
"cSit";"Situação";"en-US";"";"Caption";"C:\Projetos\Atlasweb\FiscalNFTerceiros.dfm"
"bManiFora";"Manifesto Fora da Data";"en-US";"";"Caption";"C:\Projetos\Atlasweb\FiscalNFTerceiros.dfm"
"Button1";"Button1";"en-US";"";"Caption";"C:\Projetos\Atlasweb\FiscalNFTerceiros.dfm"
"TabXML";"Importar XML";"en-US";"";"Caption";"C:\Projetos\Atlasweb\FiscalNFTerceiros.dfm"
"UniPanel1.TabXML";"DADOS GERAIS";"en-US";"";"Title";"C:\Projetos\Atlasweb\FiscalNFTerceiros.dfm"
"bArquivos.UniPanel2.UniPanel1.TabXML";"Carregar Arquivos";"en-US";"";"Caption";"C:\Projetos\Atlasweb\FiscalNFTerceiros.dfm"
"cDataEnt.UniContainerPanel1.UniPanel1.TabXML";"Data de Entrada";"en-US";"";"FieldLabel";"C:\Projetos\Atlasweb\FiscalNFTerceiros.dfm"
"cOper.UniContainerPanel1.UniPanel1.TabXML";"Operação Fiscal";"en-US";"";"FieldLabel";"C:\Projetos\Atlasweb\FiscalNFTerceiros.dfm"
"cRamo.UniContainerPanel1.UniPanel1.TabXML";"Ramo Atividade (Forn)";"en-US";"";"FieldLabel";"C:\Projetos\Atlasweb\FiscalNFTerceiros.dfm"
"cTipoProd.UniContainerPanel1.UniPanel1.TabXML";"Tipo Mercadoria";"en-US";"";"FieldLabel";"C:\Projetos\Atlasweb\FiscalNFTerceiros.dfm"
"cCCusto.UniContainerPanel1.UniPanel1.TabXML";"Centro de Custos";"en-US";"";"FieldLabel";"C:\Projetos\Atlasweb\FiscalNFTerceiros.dfm"
"cProcImp.UniContainerPanel1.UniPanel1.TabXML";"Processo (Importação)";"en-US";"";"FieldLabel";"C:\Projetos\Atlasweb\FiscalNFTerceiros.dfm"
"cProcExp.UniContainerPanel1.UniPanel1.TabXML";"Processo (Exportação)";"en-US";"";"FieldLabel";"C:\Projetos\Atlasweb\FiscalNFTerceiros.dfm"
"cEmb.UniContainerPanel1.UniPanel1.TabXML";"Embarque";"en-US";"";"FieldLabel";"C:\Projetos\Atlasweb\FiscalNFTerceiros.dfm"
"cOrig.UniContainerPanel1.UniPanel1.TabXML";"Origem Mercadoria";"en-US";"";"FieldLabel";"C:\Projetos\Atlasweb\FiscalNFTerceiros.dfm"
"cClassMerc.UniContainerPanel1.UniPanel1.TabXML";"Classificação Mercadoria";"en-US";"";"FieldLabel";"C:\Projetos\Atlasweb\FiscalNFTerceiros.dfm"
"cEscala.UniContainerPanel1.UniPanel1.TabXML";"Mercadoria Produzido em Escala Relevante";"en-US";"";"Caption";"C:\Projetos\Atlasweb\FiscalNFTerceiros.dfm"
"UniGroupBox1.UniContainerPanel1.UniPanel1.TabXML";"Imobilizado";"en-US";"";"Caption";"C:\Projetos\Atlasweb\FiscalNFTerceiros.dfm"
"cImoAliq.UniGroupBox1.UniContainerPanel1.UniPanel1.TabXML";"Alíquota";"en-US";"";"FieldLabel";"C:\Projetos\Atlasweb\FiscalNFTerceiros.dfm"
"cImoBC.UniGroupBox1.UniContainerPanel1.UniPanel1.TabXML";"Base de Cálculo";"en-US";"";"FieldLabel";"C:\Projetos\Atlasweb\FiscalNFTerceiros.dfm"
"cImoValor.UniGroupBox1.UniContainerPanel1.UniPanel1.TabXML";"Valor";"en-US";"";"FieldLabel";"C:\Projetos\Atlasweb\FiscalNFTerceiros.dfm"
"cUso.UniGroupBox1.UniContainerPanel1.UniPanel1.TabXML";"Uso";"en-US";"";"FieldLabel";"C:\Projetos\Atlasweb\FiscalNFTerceiros.dfm"
"cSubst.UniContainerPanel1.UniPanel1.TabXML";"Substituir Notas Fiscais ja cadastradas.";"en-US";"";"Caption";"C:\Projetos\Atlasweb\FiscalNFTerceiros.dfm"
"cPreco.UniContainerPanel1.UniPanel1.TabXML";"Formação do Preço de Venda";"en-US";"";"Caption";"C:\Projetos\Atlasweb\FiscalNFTerceiros.dfm"
"cLucro.cPreco.UniContainerPanel1.UniPanel1.TabXML";"Lucro";"en-US";"";"FieldLabel";"C:\Projetos\Atlasweb\FiscalNFTerceiros.dfm"
"cComissao.cPreco.UniContainerPanel1.UniPanel1.TabXML";"Comissão";"en-US";"";"FieldLabel";"C:\Projetos\Atlasweb\FiscalNFTerceiros.dfm"
"cCustoFin.cPreco.UniContainerPanel1.UniPanel1.TabXML";"Custo Financeiro";"en-US";"";"FieldLabel";"C:\Projetos\Atlasweb\FiscalNFTerceiros.dfm"
"cCustoFixo.cPreco.UniContainerPanel1.UniPanel1.TabXML";"Custo Financeiro";"en-US";"";"FieldLabel";"C:\Projetos\Atlasweb\FiscalNFTerceiros.dfm"
"cMargem.cPreco.UniContainerPanel1.UniPanel1.TabXML";"Custo Financeiro";"en-US";"";"FieldLabel";"C:\Projetos\Atlasweb\FiscalNFTerceiros.dfm"
"gPerfil.UniContainerPanel1.UniPanel1.TabXML";"Características do Emitente";"en-US";"";"Caption";"C:\Projetos\Atlasweb\FiscalNFTerceiros.dfm"
"cIsento.gPerfil.UniContainerPanel1.UniPanel1.TabXML";"Isento de IE";"en-US";"";"Caption";"C:\Projetos\Atlasweb\FiscalNFTerceiros.dfm"
"cZona_Franca.gPerfil.UniContainerPanel1.UniPanel1.TabXML";"Zona_Franca";"en-US";"";"Caption";"C:\Projetos\Atlasweb\FiscalNFTerceiros.dfm"
"cInscricaoST.gPerfil.UniContainerPanel1.UniPanel1.TabXML";"Possui Inscrição de ST";"en-US";"";"Caption";"C:\Projetos\Atlasweb\FiscalNFTerceiros.dfm"
"cMicro.gPerfil.UniContainerPanel1.UniPanel1.TabXML";"Micro Empresa";"en-US";"";"Caption";"C:\Projetos\Atlasweb\FiscalNFTerceiros.dfm"
"bXML.pBarraNav";"Importar NF-e";"en-US";"";"Caption";"C:\Projetos\Atlasweb\FiscalNFTerceiros.dfm"
"UniPanel3";"TOTAIS DA NOTA FISCAL";"en-US";"";"Title";"C:\Projetos\Atlasweb\FiscalNFTerceiros.dfm"
"cValorPedido.UniPanel3";"Total da Nota";"en-US";"";"FieldLabel";"C:\Projetos\Atlasweb\FiscalNFTerceiros.dfm"
"Painel.PastaItens.fFiscalNFTerceirosItens";"Itens da Nota";"en-US";"";"Caption";"C:\Projetos\Atlasweb\FiscalNFTerceirosItens.dfm"
"Ficha.UniContainerPanel2.Painel.PastaItens.fFiscalNFTerceirosItens";"Ficha";"en-US";"";"Caption";"C:\Projetos\Atlasweb\FiscalNFTerceirosItens.dfm"
"UniPanel11.Ficha.UniContainerPanel2.Painel.PastaItens.fFiscalNFTerceirosItens";"Ativo Imobilizado - CIAP";"en-US";"";"Title";"C:\Projetos\Atlasweb\FiscalNFTerceirosItens.dfm"
"cCIAP_AliquotaICMS.UniPanel11.Ficha.UniContainerPanel2.Painel.PastaItens.fFiscalNFTerceirosItens";"Percentual";"en-US";"";"FieldLabel";"C:\Projetos\Atlasweb\FiscalNFTerceirosItens.dfm"
"cCIAP_BCICMS.UniPanel11.Ficha.UniContainerPanel2.Painel.PastaItens.fFiscalNFTerceirosItens";"Base de Cálculo";"en-US";"";"FieldLabel";"C:\Projetos\Atlasweb\FiscalNFTerceirosItens.dfm"
"cCIAP_ValorICMS.UniPanel11.Ficha.UniContainerPanel2.Painel.PastaItens.fFiscalNFTerceirosItens";"Valor";"en-US";"";"FieldLabel";"C:\Projetos\Atlasweb\FiscalNFTerceirosItens.dfm"
"cCIAP_TipoItem.UniPanel11.Ficha.UniContainerPanel2.Painel.PastaItens.fFiscalNFTerceirosItens";"Tipo de Mercadoria";"en-US";"";"FieldLabel";"C:\Projetos\Atlasweb\FiscalNFTerceirosItens.dfm"
"UniPanel12.Ficha.UniContainerPanel2.Painel.PastaItens.fFiscalNFTerceirosItens";"Reforma Tributária - IBS / CBS";"en-US";"";"Title";"C:\Projetos\Atlasweb\FiscalNFTerceirosItens.dfm"
"cTotalCBS.UniPanel12.Ficha.UniContainerPanel2.Painel.PastaItens.fFiscalNFTerceirosItens";"Total";"en-US";"";"FieldLabel";"C:\Projetos\Atlasweb\FiscalNFTerceirosItens.dfm"
"cValor_CBS.UniPanel12.Ficha.UniContainerPanel2.Painel.PastaItens.fFiscalNFTerceirosItens";"Valor";"en-US";"";"FieldLabel";"C:\Projetos\Atlasweb\FiscalNFTerceirosItens.dfm"
"cValor_BCCBS.UniPanel12.Ficha.UniContainerPanel2.Painel.PastaItens.fFiscalNFTerceirosItens";"BC CBS";"en-US";"";"FieldLabel";"C:\Projetos\Atlasweb\FiscalNFTerceirosItens.dfm"
"cAliquota_CBS.UniPanel12.Ficha.UniContainerPanel2.Painel.PastaItens.fFiscalNFTerceirosItens";"Alíquota";"en-US";"";"FieldLabel";"C:\Projetos\Atlasweb\FiscalNFTerceirosItens.dfm"
"cCSTIBS.UniPanel12.Ficha.UniContainerPanel2.Painel.PastaItens.fFiscalNFTerceirosItens";"CST IBS";"en-US";"";"FieldLabel";"C:\Projetos\Atlasweb\FiscalNFTerceirosItens.dfm"
"cTotalIBS.UniPanel12.Ficha.UniContainerPanel2.Painel.PastaItens.fFiscalNFTerceirosItens";"Total";"en-US";"";"FieldLabel";"C:\Projetos\Atlasweb\FiscalNFTerceirosItens.dfm"
"cValor_IBS.UniPanel12.Ficha.UniContainerPanel2.Painel.PastaItens.fFiscalNFTerceirosItens";"Valor";"en-US";"";"FieldLabel";"C:\Projetos\Atlasweb\FiscalNFTerceirosItens.dfm"
"cValor_BCIBS.UniPanel12.Ficha.UniContainerPanel2.Painel.PastaItens.fFiscalNFTerceirosItens";"BC IBS";"en-US";"";"FieldLabel";"C:\Projetos\Atlasweb\FiscalNFTerceirosItens.dfm"
"cAliquota_IBS.UniPanel12.Ficha.UniContainerPanel2.Painel.PastaItens.fFiscalNFTerceirosItens";"Alíquota";"en-US";"";"FieldLabel";"C:\Projetos\Atlasweb\FiscalNFTerceirosItens.dfm"
"cCSTCBS.UniPanel12.Ficha.UniContainerPanel2.Painel.PastaItens.fFiscalNFTerceirosItens";"CST IBS";"en-US";"";"FieldLabel";"C:\Projetos\Atlasweb\FiscalNFTerceirosItens.dfm"
"UniPanel13.Ficha.UniContainerPanel2.Painel.PastaItens.fFiscalNFTerceirosItens";"Produto";"en-US";"";"Title";"C:\Projetos\Atlasweb\FiscalNFTerceirosItens.dfm"
"cQtde.UniPanel13.Ficha.UniContainerPanel2.Painel.PastaItens.fFiscalNFTerceirosItens";"Quantidade";"en-US";"";"FieldLabel";"C:\Projetos\Atlasweb\FiscalNFTerceirosItens.dfm"
"cValor_Desconto.UniPanel13.Ficha.UniContainerPanel2.Painel.PastaItens.fFiscalNFTerceirosItens";"Valor Desconto";"en-US";"";"FieldLabel";"C:\Projetos\Atlasweb\FiscalNFTerceirosItens.dfm"
"cCFOP.UniPanel13.Ficha.UniContainerPanel2.Painel.PastaItens.fFiscalNFTerceirosItens";"CFOP";"en-US";"";"FieldLabel";"C:\Projetos\Atlasweb\FiscalNFTerceirosItens.dfm"
"cProcesso.UniPanel13.Ficha.UniContainerPanel2.Painel.PastaItens.fFiscalNFTerceirosItens";"Processo (Imp)";"en-US";"";"FieldLabel";"C:\Projetos\Atlasweb\FiscalNFTerceirosItens.dfm"
"cValor_Unitario.UniPanel13.Ficha.UniContainerPanel2.Painel.PastaItens.fFiscalNFTerceirosItens";"Valor Unitário";"en-US";"";"FieldLabel";"C:\Projetos\Atlasweb\FiscalNFTerceirosItens.dfm"
"cNCM.UniPanel13.Ficha.UniContainerPanel2.Painel.PastaItens.fFiscalNFTerceirosItens";"NCM";"en-US";"";"FieldLabel";"C:\Projetos\Atlasweb\FiscalNFTerceirosItens.dfm"
"cPeso_Liquido.UniPanel13.Ficha.UniContainerPanel2.Painel.PastaItens.fFiscalNFTerceirosItens";"Peso Líquido";"en-US";"";"FieldLabel";"C:\Projetos\Atlasweb\FiscalNFTerceirosItens.dfm"
"cPeso_Bruto.UniPanel13.Ficha.UniContainerPanel2.Painel.PastaItens.fFiscalNFTerceirosItens";"Peso Bruto";"en-US";"";"FieldLabel";"C:\Projetos\Atlasweb\FiscalNFTerceirosItens.dfm"
"cEmbarque.UniPanel13.Ficha.UniContainerPanel2.Painel.PastaItens.fFiscalNFTerceirosItens";"Embarque";"en-US";"";"FieldLabel";"C:\Projetos\Atlasweb\FiscalNFTerceirosItens.dfm"
"cValor_UnitarioOrig.UniPanel13.Ficha.UniContainerPanel2.Painel.PastaItens.fFiscalNFTerceirosItens";"Valor Unitário (NF)";"en-US";"";"FieldLabel";"C:\Projetos\Atlasweb\FiscalNFTerceirosItens.dfm"
"cValor_Total.UniPanel13.Ficha.UniContainerPanel2.Painel.PastaItens.fFiscalNFTerceirosItens";"Total";"en-US";"";"FieldLabel";"C:\Projetos\Atlasweb\FiscalNFTerceirosItens.dfm"
"bDetalhe.UniPanel13.Ficha.UniContainerPanel2.Painel.PastaItens.fFiscalNFTerceirosItens";"Detalhe";"en-US";"";"Caption";"C:\Projetos\Atlasweb\FiscalNFTerceirosItens.dfm"
"bSerial.UniPanel13.Ficha.UniContainerPanel2.Painel.PastaItens.fFiscalNFTerceirosItens";"Serial/Chassi";"en-US";"";"Caption";"C:\Projetos\Atlasweb\FiscalNFTerceirosItens.dfm"
"cValor_Inventario.UniPanel13.Ficha.UniContainerPanel2.Painel.PastaItens.fFiscalNFTerceirosItens";"Valor Inventario";"en-US";"";"FieldLabel";"C:\Projetos\Atlasweb\FiscalNFTerceirosItens.dfm"
"cConsumo_Energia.UniPanel13.Ficha.UniContainerPanel2.Painel.PastaItens.fFiscalNFTerceirosItens";"Consumo Energia";"en-US";"";"FieldLabel";"C:\Projetos\Atlasweb\FiscalNFTerceirosItens.dfm"
"cProduto.UniPanel13.Ficha.UniContainerPanel2.Painel.PastaItens.fFiscalNFTerceirosItens";"Produto";"en-US";"";"FieldLabel";"C:\Projetos\Atlasweb\FiscalNFTerceirosItens.dfm"
"UniPanel5.Ficha.UniContainerPanel2.Painel.PastaItens.fFiscalNFTerceirosItens";"Imposto sobre Circulação de Mercadorias e Serviços - ICMS";"en-US";"";"Title";"C:\Projetos\Atlasweb\FiscalNFTerceirosItens.dfm"
"cValor_BCICMSOp.UniPanel5.Ficha.UniContainerPanel2.Painel.PastaItens.fFiscalNFTerceirosItens";"BC ICMS Oper.";"en-US";"";"FieldLabel";"C:\Projetos\Atlasweb\FiscalNFTerceirosItens.dfm"
"cValor_ICMS.UniPanel5.Ficha.UniContainerPanel2.Painel.PastaItens.fFiscalNFTerceirosItens";"Valor";"en-US";"";"FieldLabel";"C:\Projetos\Atlasweb\FiscalNFTerceirosItens.dfm"
"cTotalICMSOp.UniPanel5.Ficha.UniContainerPanel2.Painel.PastaItens.fFiscalNFTerceirosItens";"Total";"en-US";"";"FieldLabel";"C:\Projetos\Atlasweb\FiscalNFTerceirosItens.dfm"
"UniDBLookupComboBox3.UniPanel5.Ficha.UniContainerPanel2.Painel.PastaItens.fFiscalNFTerceirosItens";"CST - Tabela A";"en-US";"";"FieldLabel";"C:\Projetos\Atlasweb\FiscalNFTerceirosItens.dfm"
"cCSTICMS.UniPanel5.Ficha.UniContainerPanel2.Painel.PastaItens.fFiscalNFTerceirosItens";"CST -  Tabela B";"en-US";"";"FieldLabel";"C:\Projetos\Atlasweb\FiscalNFTerceirosItens.dfm"
"cAliquota_ICMSOp.UniPanel5.Ficha.UniContainerPanel2.Painel.PastaItens.fFiscalNFTerceirosItens";"Alíquota";"en-US";"";"FieldLabel";"C:\Projetos\Atlasweb\FiscalNFTerceirosItens.dfm"
"cValor_ICMSST.UniPanel5.Ficha.UniContainerPanel2.Painel.PastaItens.fFiscalNFTerceirosItens";"Valor";"en-US";"";"FieldLabel";"C:\Projetos\Atlasweb\FiscalNFTerceirosItens.dfm"
"cTotalICMSST.UniPanel5.Ficha.UniContainerPanel2.Painel.PastaItens.fFiscalNFTerceirosItens";"Total";"en-US";"";"FieldLabel";"C:\Projetos\Atlasweb\FiscalNFTerceirosItens.dfm"
"cValor_BCICMSST.UniPanel5.Ficha.UniContainerPanel2.Painel.PastaItens.fFiscalNFTerceirosItens";"BC ICMS ST";"en-US";"";"FieldLabel";"C:\Projetos\Atlasweb\FiscalNFTerceirosItens.dfm"
"cAliquota_ICMSST.UniPanel5.Ficha.UniContainerPanel2.Painel.PastaItens.fFiscalNFTerceirosItens";"Alíquota";"en-US";"";"FieldLabel";"C:\Projetos\Atlasweb\FiscalNFTerceirosItens.dfm"
"cAliquota_MVA.UniPanel5.Ficha.UniContainerPanel2.Painel.PastaItens.fFiscalNFTerceirosItens";"Alíquota";"en-US";"";"FieldLabel";"C:\Projetos\Atlasweb\FiscalNFTerceirosItens.dfm"
"cValor_BCMVA.UniPanel5.Ficha.UniContainerPanel2.Painel.PastaItens.fFiscalNFTerceirosItens";"BC MVA";"en-US";"";"FieldLabel";"C:\Projetos\Atlasweb\FiscalNFTerceirosItens.dfm"
"cValor_MVA.UniPanel5.Ficha.UniContainerPanel2.Painel.PastaItens.fFiscalNFTerceirosItens";"Valor";"en-US";"";"FieldLabel";"C:\Projetos\Atlasweb\FiscalNFTerceirosItens.dfm"
"cTotalMVA.UniPanel5.Ficha.UniContainerPanel2.Painel.PastaItens.fFiscalNFTerceirosItens";"Total";"en-US";"";"FieldLabel";"C:\Projetos\Atlasweb\FiscalNFTerceirosItens.dfm"
"cValor_OutrasICMS.UniPanel5.Ficha.UniContainerPanel2.Painel.PastaItens.fFiscalNFTerceirosItens";"Outras de ICMS";"en-US";"";"FieldLabel";"C:\Projetos\Atlasweb\FiscalNFTerceirosItens.dfm"
"cValor_IsentasICMS.UniPanel5.Ficha.UniContainerPanel2.Painel.PastaItens.fFiscalNFTerceirosItens";"Isentas de ICMS";"en-US";"";"FieldLabel";"C:\Projetos\Atlasweb\FiscalNFTerceirosItens.dfm"
"cTotalOutrasICMS.UniPanel5.Ficha.UniContainerPanel2.Painel.PastaItens.fFiscalNFTerceirosItens";"Total";"en-US";"";"FieldLabel";"C:\Projetos\Atlasweb\FiscalNFTerceirosItens.dfm"
"cTotalIsentasICMS.UniPanel5.Ficha.UniContainerPanel2.Painel.PastaItens.fFiscalNFTerceirosItens";"Total";"en-US";"";"FieldLabel";"C:\Projetos\Atlasweb\FiscalNFTerceirosItens.dfm"
"UniPanel6.Ficha.UniContainerPanel2.Painel.PastaItens.fFiscalNFTerceirosItens";"Programa de Integração Social - PIS";"en-US";"";"Title";"C:\Projetos\Atlasweb\FiscalNFTerceirosItens.dfm"
"cValor_BCPIS.UniPanel6.Ficha.UniContainerPanel2.Painel.PastaItens.fFiscalNFTerceirosItens";"BC PIS";"en-US";"";"FieldLabel";"C:\Projetos\Atlasweb\FiscalNFTerceirosItens.dfm"
"cTotalPIS.UniPanel6.Ficha.UniContainerPanel2.Painel.PastaItens.fFiscalNFTerceirosItens";"Total";"en-US";"";"FieldLabel";"C:\Projetos\Atlasweb\FiscalNFTerceirosItens.dfm"
"cValor_PIS.UniPanel6.Ficha.UniContainerPanel2.Painel.PastaItens.fFiscalNFTerceirosItens";"Valor";"en-US";"";"FieldLabel";"C:\Projetos\Atlasweb\FiscalNFTerceirosItens.dfm"
"cAliquota_PIS.UniPanel6.Ficha.UniContainerPanel2.Painel.PastaItens.fFiscalNFTerceirosItens";"Alíquota";"en-US";"";"FieldLabel";"C:\Projetos\Atlasweb\FiscalNFTerceirosItens.dfm"
"cCSTPIS.UniPanel6.Ficha.UniContainerPanel2.Painel.PastaItens.fFiscalNFTerceirosItens";"CST PIS";"en-US";"";"FieldLabel";"C:\Projetos\Atlasweb\FiscalNFTerceirosItens.dfm"
"UniPanel7.Ficha.UniContainerPanel2.Painel.PastaItens.fFiscalNFTerceirosItens";"Imposto sobre Produtos Industrializados - IPI";"en-US";"";"Title";"C:\Projetos\Atlasweb\FiscalNFTerceirosItens.dfm"
"cCSTIPI.UniPanel7.Ficha.UniContainerPanel2.Painel.PastaItens.fFiscalNFTerceirosItens";"CST IPI";"en-US";"";"FieldLabel";"C:\Projetos\Atlasweb\FiscalNFTerceirosItens.dfm"
"cAliquota_IPI.UniPanel7.Ficha.UniContainerPanel2.Painel.PastaItens.fFiscalNFTerceirosItens";"Alíquota";"en-US";"";"FieldLabel";"C:\Projetos\Atlasweb\FiscalNFTerceirosItens.dfm"
"cValor_BCIPI.UniPanel7.Ficha.UniContainerPanel2.Painel.PastaItens.fFiscalNFTerceirosItens";"BC IPI";"en-US";"";"FieldLabel";"C:\Projetos\Atlasweb\FiscalNFTerceirosItens.dfm"
"cValor_IPI.UniPanel7.Ficha.UniContainerPanel2.Painel.PastaItens.fFiscalNFTerceirosItens";"Valor";"en-US";"";"FieldLabel";"C:\Projetos\Atlasweb\FiscalNFTerceirosItens.dfm"
"cValor_OutrasIPI.UniPanel7.Ficha.UniContainerPanel2.Painel.PastaItens.fFiscalNFTerceirosItens";"Outras de IPI";"en-US";"";"FieldLabel";"C:\Projetos\Atlasweb\FiscalNFTerceirosItens.dfm"
"cTotalIPI.UniPanel7.Ficha.UniContainerPanel2.Painel.PastaItens.fFiscalNFTerceirosItens";"Total";"en-US";"";"FieldLabel";"C:\Projetos\Atlasweb\FiscalNFTerceirosItens.dfm"
"cTotalOutrasIPI.UniPanel7.Ficha.UniContainerPanel2.Painel.PastaItens.fFiscalNFTerceirosItens";"Total";"en-US";"";"FieldLabel";"C:\Projetos\Atlasweb\FiscalNFTerceirosItens.dfm"
"cValor_IsentasIPI.UniPanel7.Ficha.UniContainerPanel2.Painel.PastaItens.fFiscalNFTerceirosItens";"Isentas de IPI";"en-US";"";"FieldLabel";"C:\Projetos\Atlasweb\FiscalNFTerceirosItens.dfm"
"cTotalIsentasIPI.UniPanel7.Ficha.UniContainerPanel2.Painel.PastaItens.fFiscalNFTerceirosItens";"Total";"en-US";"";"FieldLabel";"C:\Projetos\Atlasweb\FiscalNFTerceirosItens.dfm"
"UniPanel9.Ficha.UniContainerPanel2.Painel.PastaItens.fFiscalNFTerceirosItens";"Contribuição para o Financiamento da Seguridade Social - COFINS";"en-US";"";"Title";"C:\Projetos\Atlasweb\FiscalNFTerceirosItens.dfm"
"cValor_BCCOFINS.UniPanel9.Ficha.UniContainerPanel2.Painel.PastaItens.fFiscalNFTerceirosItens";"BC COFINS";"en-US";"";"FieldLabel";"C:\Projetos\Atlasweb\FiscalNFTerceirosItens.dfm"
"cTotalCOFINS.UniPanel9.Ficha.UniContainerPanel2.Painel.PastaItens.fFiscalNFTerceirosItens";"Total";"en-US";"";"FieldLabel";"C:\Projetos\Atlasweb\FiscalNFTerceirosItens.dfm"
"cValor_COFINS.UniPanel9.Ficha.UniContainerPanel2.Painel.PastaItens.fFiscalNFTerceirosItens";"Valor";"en-US";"";"FieldLabel";"C:\Projetos\Atlasweb\FiscalNFTerceirosItens.dfm"
"cAliquota_COFINS.UniPanel9.Ficha.UniContainerPanel2.Painel.PastaItens.fFiscalNFTerceirosItens";"Alíquota";"en-US";"";"FieldLabel";"C:\Projetos\Atlasweb\FiscalNFTerceirosItens.dfm"
"cCSTCOFINS.UniPanel9.Ficha.UniContainerPanel2.Painel.PastaItens.fFiscalNFTerceirosItens";"CST COFINS";"en-US";"";"FieldLabel";"C:\Projetos\Atlasweb\FiscalNFTerceirosItens.dfm"
"UniTabSheet2.PastaItens.fFiscalNFTerceirosItens";"Fórmulas";"en-US";"";"Caption";"C:\Projetos\Atlasweb\FiscalNFTerceirosItens.dfm"
"bBloquearMes.pBarraNav.fFiscal_BloquearPeriodo";"Desbloquear Mês";"en-US";"";"Caption";"C:\Projetos\Atlasweb\Fiscal_BloquearPeriodo.dfm"
"bBloqTudo.pBarraNav.fFiscal_BloquearPeriodo";"Bloquear Tudo";"en-US";"";"Caption";"C:\Projetos\Atlasweb\Fiscal_BloquearPeriodo.dfm"
"bDesTudo.pBarraNav.fFiscal_BloquearPeriodo";"Desbloquear Tudo";"en-US";"";"Caption";"C:\Projetos\Atlasweb\Fiscal_BloquearPeriodo.dfm"
"aLista.Pasta.fFiscal_BloquearPeriodo";"Meses Movimentados";"en-US";"";"Caption";"C:\Projetos\Atlasweb\Fiscal_BloquearPeriodo.dfm"
"cAno.UniPanel2.aLista.Pasta.fFiscal_BloquearPeriodo";"Ano";"en-US";"";"FieldLabel";"C:\Projetos\Atlasweb\Fiscal_BloquearPeriodo.dfm"
"cTodos.UniPanel2.aLista.Pasta.fFiscal_BloquearPeriodo";"Todos os Anos";"en-US";"";"Caption";"C:\Projetos\Atlasweb\Fiscal_BloquearPeriodo.dfm"
"Cadastro_Alugueis";"Cadastro_Alugueis";"en-US";"";"Caption";"C:\Projetos\Atlasweb\frmCadastro_Alugueis.dfm"
"RxLabel3.Cadastro_Alugueis";"ARMAZENS";"en-US";"";"Caption";"C:\Projetos\Atlasweb\frmCadastro_Alugueis.dfm"
"RxLabel4.Cadastro_Alugueis";"Manutenção da tabela de armazens.";"en-US";"";"Caption";"C:\Projetos\Atlasweb\frmCadastro_Alugueis.dfm"
"bSair.Panel1.Cadastro_Alugueis";"&Sair";"en-US";"";"Caption";"C:\Projetos\Atlasweb\frmCadastro_Alugueis.dfm"
"StaticText1.Panel2";"Código";"en-US";"";"Caption";"C:\Projetos\Atlasweb\frmCadastro_Alugueis.dfm"
"StaticText5.Panel2";"Descrição";"en-US";"";"Caption";"C:\Projetos\Atlasweb\frmCadastro_Alugueis.dfm"
"StaticText2.Panel2";"Data Término";"en-US";"";"Caption";"C:\Projetos\Atlasweb\frmCadastro_Alugueis.dfm"
"StaticText4.Panel2";"Valor";"en-US";"";"Caption";"C:\Projetos\Atlasweb\frmCadastro_Alugueis.dfm"
"StaticText6.Panel2";"Data Inicio";"en-US";"";"Caption";"C:\Projetos\Atlasweb\frmCadastro_Alugueis.dfm"
"StaticText7.Panel2";"Dia Vencimento";"en-US";"";"Caption";"C:\Projetos\Atlasweb\frmCadastro_Alugueis.dfm"
"StaticText3.Panel2";"Aliquota PIS";"en-US";"";"Caption";"C:\Projetos\Atlasweb\frmCadastro_Alugueis.dfm"
"StaticText8.Panel2";"Aliquota COFINS";"en-US";"";"Caption";"C:\Projetos\Atlasweb\frmCadastro_Alugueis.dfm"
"RxLabel1.XPPanel1";"ALUGUEIS";"en-US";"";"Caption";"C:\Projetos\Atlasweb\frmCadastro_Alugueis.dfm"
"RxLabel2.XPPanel1";"Cadastro de imoveis alugados.";"en-US";"";"Caption";"C:\Projetos\Atlasweb\frmCadastro_Alugueis.dfm"
"Despacho_LI";"Despacho_LI";"en-US";"";"Caption";"C:\Projetos\Atlasweb\frmDespacho_LI.dfm"
"RxLabel4.Despacho_LI";"Solicitação de LI";"en-US";"";"Caption";"C:\Projetos\Atlasweb\frmDespacho_LI.dfm"
"RxLabel3.Despacho_LI";"DESPACHO";"en-US";"";"Caption";"C:\Projetos\Atlasweb\frmDespacho_LI.dfm"
"TabSheet3.Pasta.Despacho_LI";"Lista";"en-US";"";"Caption";"C:\Projetos\Atlasweb\frmDespacho_LI.dfm"
"StaticText30";"Pesquisar";"en-US";"";"Caption";"C:\Projetos\Atlasweb\frmDespacho_LI.dfm"
"TabSheet1";"Dados Principais";"en-US";"";"Caption";"C:\Projetos\Atlasweb\frmDespacho_LI.dfm"
"StaticText51.TabSheet1";"URF Despacho";"en-US";"";"Caption";"C:\Projetos\Atlasweb\frmDespacho_LI.dfm"
"StaticText59.TabSheet1";"Processo";"en-US";"";"Caption";"C:\Projetos\Atlasweb\frmDespacho_LI.dfm"
"StaticText107.TabSheet1";"Pais Procedência";"en-US";"";"Caption";"C:\Projetos\Atlasweb\frmDespacho_LI.dfm"
"StaticText1.TabSheet1";"Invoice";"en-US";"";"Caption";"C:\Projetos\Atlasweb\frmDespacho_LI.dfm"
"StaticText2.TabSheet1";"URF Entrada";"en-US";"";"Caption";"C:\Projetos\Atlasweb\frmDespacho_LI.dfm"
"StaticText4.TabSheet1";"Moeda";"en-US";"";"Caption";"C:\Projetos\Atlasweb\frmDespacho_LI.dfm"
"StaticText5.TabSheet1";"Tipo de Fornecedor";"en-US";"";"Caption";"C:\Projetos\Atlasweb\frmDespacho_LI.dfm"
"StaticText6.TabSheet1";"Condição Mercadoria";"en-US";"";"Caption";"C:\Projetos\Atlasweb\frmDespacho_LI.dfm"
"StaticText7.TabSheet1";"Exportador";"en-US";"";"Caption";"C:\Projetos\Atlasweb\frmDespacho_LI.dfm"
"StaticText8.TabSheet1";"INCOTERMS";"en-US";"";"Caption";"C:\Projetos\Atlasweb\frmDespacho_LI.dfm"
"StaticText9.TabSheet1";"Orgão Anuente";"en-US";"";"Caption";"C:\Projetos\Atlasweb\frmDespacho_LI.dfm"
"StaticText10.TabSheet1";"NCM";"en-US";"";"Caption";"C:\Projetos\Atlasweb\frmDespacho_LI.dfm"
"StaticText11.TabSheet1";"Processo Anuente";"en-US";"";"Caption";"C:\Projetos\Atlasweb\frmDespacho_LI.dfm"
"StaticText13.TabSheet1";"DrawBack";"en-US";"";"Caption";"C:\Projetos\Atlasweb\frmDespacho_LI.dfm"
"StaticText14.TabSheet1";"Cobertura Cambial";"en-US";"";"Caption";"C:\Projetos\Atlasweb\frmDespacho_LI.dfm"
"StaticText15.TabSheet1";"Regime Tributação";"en-US";"";"Caption";"C:\Projetos\Atlasweb\frmDespacho_LI.dfm"
"StaticText16.TabSheet1";"Acordo Tarifário";"en-US";"";"Caption";"C:\Projetos\Atlasweb\frmDespacho_LI.dfm"
"StaticText17.TabSheet1";"Fundamento Legal";"en-US";"";"Caption";"C:\Projetos\Atlasweb\frmDespacho_LI.dfm"
"StaticText18.TabSheet1";"Modalidade Pgto";"en-US";"";"Caption";"C:\Projetos\Atlasweb\frmDespacho_LI.dfm"
"StaticText19.TabSheet1";"Limite Pgto(Dias)";"en-US";"";"Caption";"C:\Projetos\Atlasweb\frmDespacho_LI.dfm"
"StaticText20.TabSheet1";"Informações Complementares";"en-US";"";"Caption";"C:\Projetos\Atlasweb\frmDespacho_LI.dfm"
"StaticText3.TabSheet1";"Inst.Financiadora";"en-US";"";"Caption";"C:\Projetos\Atlasweb\frmDespacho_LI.dfm"
"StaticText12.TabSheet1";"Motivo Imp.s/Cobert.";"en-US";"";"Caption";"C:\Projetos\Atlasweb\frmDespacho_LI.dfm"
"StaticText27.TabSheet1";"LI nº";"en-US";"";"Caption";"C:\Projetos\Atlasweb\frmDespacho_LI.dfm"
"StaticText28.TabSheet1";"Registro";"en-US";"";"Caption";"C:\Projetos\Atlasweb\frmDespacho_LI.dfm"
"GroupBox1.TabSheet1";"Totais da SLI";"en-US";"";"Caption";"C:\Projetos\Atlasweb\frmDespacho_LI.dfm"
"Label13.GroupBox1.TabSheet1";"Itens:";"en-US";"";"Caption";"C:\Projetos\Atlasweb\frmDespacho_LI.dfm"
"Label14.GroupBox1.TabSheet1";"Peso Líquido:";"en-US";"";"Caption";"C:\Projetos\Atlasweb\frmDespacho_LI.dfm"
"Label16.GroupBox1.TabSheet1";"Total na Condição de Venda:";"en-US";"";"Caption";"C:\Projetos\Atlasweb\frmDespacho_LI.dfm"
"Label1.GroupBox1.TabSheet1";"Total o Local de Embarque:";"en-US";"";"Caption";"C:\Projetos\Atlasweb\frmDespacho_LI.dfm"
"TabSheet2";"Itens";"en-US";"";"Caption";"C:\Projetos\Atlasweb\frmDespacho_LI.dfm"
"StaticText21.Panel3";"Produto";"en-US";"";"Caption";"C:\Projetos\Atlasweb\frmDespacho_LI.dfm"
"StaticText22.Panel3";"Peso Líquido";"en-US";"";"Caption";"C:\Projetos\Atlasweb\frmDespacho_LI.dfm"
"StaticText23.Panel3";"Qtde.Unidade Comercializada";"en-US";"";"Caption";"C:\Projetos\Atlasweb\frmDespacho_LI.dfm"
"StaticText24.Panel3";"Valor no Local do Embarque";"en-US";"";"Caption";"C:\Projetos\Atlasweb\frmDespacho_LI.dfm"
"StaticText25.Panel3";"Qtde.na Medida Estatística";"en-US";"";"Caption";"C:\Projetos\Atlasweb\frmDespacho_LI.dfm"
"StaticText26.Panel3";"Valor na Condição de Venda";"en-US";"";"Caption";"C:\Projetos\Atlasweb\frmDespacho_LI.dfm"
"StaticText31";"Itens";"en-US";"";"Caption";"C:\Projetos\Atlasweb\frmDespacho_LI.dfm"
"lTotal";"Valor Total";"en-US";"";"Caption";"C:\Projetos\Atlasweb\frmDespacho_LI.dfm"
"bSair.Panel1";"&Sair";"en-US";"";"Caption";"C:\Projetos\Atlasweb\frmDespacho_LI.dfm"
"TelaLogin";"TelaLogin";"en-US";"";"Caption";"C:\Projetos\Atlasweb\Login.dfm"
"UniLabel1.pLogin.UniContainerPanel1.TelaLogin";"Login";"en-US";"";"Caption";"C:\Projetos\Atlasweb\Login.dfm"
"bEntrar.pLogin.UniContainerPanel1.TelaLogin";"ENTRAR";"en-US";"";"Caption";"C:\Projetos\Atlasweb\Login.dfm"
"aLista.Pasta.fLogisticaContainer";"Lista";"en-US";"";"Caption";"C:\Projetos\Atlasweb\LogisticaContainer.dfm"
"cNumero.pFicha.UniScrollBox1.UniTabSheet1";"Container Nº";"en-US";"";"FieldLabel";"C:\Projetos\Atlasweb\LogisticaContainer.dfm"
"cHora_Entrada.pFicha.UniScrollBox1.UniTabSheet1";"Hora";"en-US";"";"FieldLabel";"C:\Projetos\Atlasweb\LogisticaContainer.dfm"
"cHora_Saida.pFicha.UniScrollBox1.UniTabSheet1";"Hora";"en-US";"";"FieldLabel";"C:\Projetos\Atlasweb\LogisticaContainer.dfm"
"cFree_Time.pFicha.UniScrollBox1.UniTabSheet1";"Free Time (Dias)";"en-US";"";"FieldLabel";"C:\Projetos\Atlasweb\LogisticaContainer.dfm"
"cTipo.pFicha.UniScrollBox1.UniTabSheet1";"Tipo Container";"en-US";"";"FieldLabel";"C:\Projetos\Atlasweb\LogisticaContainer.dfm"
"cTamanho.pFicha.UniScrollBox1.UniTabSheet1";"Tamanho";"en-US";"";"FieldLabel";"C:\Projetos\Atlasweb\LogisticaContainer.dfm"
"cArmador.pFicha.UniScrollBox1.UniTabSheet1";"Armador";"en-US";"";"FieldLabel";"C:\Projetos\Atlasweb\LogisticaContainer.dfm"
"clArmazem.pFicha.UniScrollBox1.UniTabSheet1";"Armazém";"en-US";"";"FieldLabel";"C:\Projetos\Atlasweb\LogisticaContainer.dfm"
"cDocumento_Carga.pFicha.UniScrollBox1.UniTabSheet1";"Conh.Embarque";"en-US";"";"FieldLabel";"C:\Projetos\Atlasweb\LogisticaContainer.dfm"
"cTerminal.pFicha.UniScrollBox1.UniTabSheet1";"Terminal";"en-US";"";"FieldLabel";"C:\Projetos\Atlasweb\LogisticaContainer.dfm"
"cHora_Entrega.pFicha.UniScrollBox1.UniTabSheet1";"Hora";"en-US";"";"FieldLabel";"C:\Projetos\Atlasweb\LogisticaContainer.dfm"
"clTransportadora_Entrada.pFicha.UniScrollBox1.UniTabSheet1";"Transportadora";"en-US";"";"FieldLabel";"C:\Projetos\Atlasweb\LogisticaContainer.dfm"
"clTransportadora_Saida.pFicha.UniScrollBox1.UniTabSheet1";"Transportadora";"en-US";"";"FieldLabel";"C:\Projetos\Atlasweb\LogisticaContainer.dfm"
"cTipo_Embarque.pFicha.UniScrollBox1.UniTabSheet1";"Tipo Embarque";"en-US";"";"FieldLabel";"C:\Projetos\Atlasweb\LogisticaContainer.dfm"
"cDemurrage.pFicha.UniScrollBox1.UniTabSheet1";"Demurrage";"en-US";"";"FieldLabel";"C:\Projetos\Atlasweb\LogisticaContainer.dfm"
"cTotalME.pFicha.UniScrollBox1.UniTabSheet1";"Total (ME)";"en-US";"";"FieldLabel";"C:\Projetos\Atlasweb\LogisticaContainer.dfm"
"cTotalReal.pFicha.UniScrollBox1.UniTabSheet1";"Total (Real)";"en-US";"";"FieldLabel";"C:\Projetos\Atlasweb\LogisticaContainer.dfm"
"cTaxa.pFicha.UniScrollBox1.UniTabSheet1";"Taxa";"en-US";"";"FieldLabel";"C:\Projetos\Atlasweb\LogisticaContainer.dfm"
"cValor_Demurrage.pFicha.UniScrollBox1.UniTabSheet1";"Valor Demurrage";"en-US";"";"FieldLabel";"C:\Projetos\Atlasweb\LogisticaContainer.dfm"
"cData_Entrada.pFicha.UniScrollBox1.UniTabSheet1";"Entrada";"en-US";"";"FieldLabel";"C:\Projetos\Atlasweb\LogisticaContainer.dfm"
"cData_Saida.pFicha.UniScrollBox1.UniTabSheet1";"Previsão Saída";"en-US";"";"FieldLabel";"C:\Projetos\Atlasweb\LogisticaContainer.dfm"
"cData_Entrega.pFicha.UniScrollBox1.UniTabSheet1";"Entrega";"en-US";"";"FieldLabel";"C:\Projetos\Atlasweb\LogisticaContainer.dfm"
"cData_Pagamento.pFicha.UniScrollBox1.UniTabSheet1";"Pagamento";"en-US";"";"FieldLabel";"C:\Projetos\Atlasweb\LogisticaContainer.dfm"
"MainForm";"MainForm";"en-US";"";"Caption";"C:\Projetos\Atlasweb\Main.dfm"
"pInicio.PagePrincipal.unipane.MainForm";"Inicio";"en-US";"";"Caption";"C:\Projetos\Atlasweb\Main.dfm"
"UniButton1.pInicio.PagePrincipal.unipane.MainForm";"Buscar DUIMP";"en-US";"";"Caption";"C:\Projetos\Atlasweb\Main.dfm"
"lUser.pUser.pTitulo.MainForm";"lUser";"en-US";"";"Caption";"C:\Projetos\Atlasweb\Main.dfm"
"pFoto.pUser.pTitulo.MainForm";"pFoto";"en-US";"";"Caption";"C:\Projetos\Atlasweb\Main.dfm"
"UniPanel1.pTitulo.MainForm";"pFoto";"en-US";"";"Caption";"C:\Projetos\Atlasweb\Main.dfm"
"bFecharTodos.UniPanel3.pMenu.MainForm";"Fechar Abas";"en-US";"";"Caption";"C:\Projetos\Atlasweb\Main.dfm"
"bMudarEmpresa.UniPanel3.pMenu.MainForm";"Trocar Empresa";"en-US";"";"Caption";"C:\Projetos\Atlasweb\Main.dfm"
"bMenu.UniPanel3.pMenu.MainForm";"<i class="fa fa-bars" aria-hidden="true"></i>";"en-US";"";"Caption";"C:\Projetos\Atlasweb\Main.dfm"
"UniMainModule";"ATLAS WEB";"en-US";"";"Title";"C:\Projetos\Atlasweb\MainModule.dfm"
"aLista.Pasta.fCadImpostos";"Lista";"en-US";"";"Caption";"C:\Projetos\Atlasweb\Removidos\CadImpostos.dfm"
"cConta.pFicha1.UniScrollBox1.UniTabSheet1";"Conta";"en-US";"";"FieldLabel";"C:\Projetos\Atlasweb\Removidos\CadPlanoContas.dfm"
"cSaldo_Anterior.pFicha1.UniScrollBox1.UniTabSheet1";"Saldo Anterior";"en-US";"";"FieldLabel";"C:\Projetos\Atlasweb\Removidos\CadPlanoContas.dfm"
"cData_Inclusao.pFicha1.UniScrollBox1.UniTabSheet1";"Data da Inclusão";"en-US";"";"FieldLabel";"C:\Projetos\Atlasweb\Removidos\CadPlanoContas.dfm"
"UniGroupBox1.pFicha1.UniScrollBox1.UniTabSheet1";"Opções da Conta";"en-US";"";"Caption";"C:\Projetos\Atlasweb\Removidos\CadPlanoContas.dfm"
"cSintetica.UniGroupBox1.pFicha1.UniScrollBox1.UniTabSheet1";"Sintética";"en-US";"";"Caption";"C:\Projetos\Atlasweb\Removidos\CadPlanoContas.dfm"
"cLALUR.UniGroupBox1.pFicha1.UniScrollBox1.UniTabSheet1";"LALUR";"en-US";"";"Caption";"C:\Projetos\Atlasweb\Removidos\CadPlanoContas.dfm"
"cMostrar_Balanco.UniGroupBox1.pFicha1.UniScrollBox1.UniTabSheet1";"Mostrar no Balanço";"en-US";"";"Caption";"C:\Projetos\Atlasweb\Removidos\CadPlanoContas.dfm"
"cDRE.UniGroupBox1.pFicha1.UniScrollBox1.UniTabSheet1";"Demonstrativo de Resultado (DRE)";"en-US";"";"Caption";"C:\Projetos\Atlasweb\Removidos\CadPlanoContas.dfm"
"cConta_Resultado.UniGroupBox1.pFicha1.UniScrollBox1.UniTabSheet1";"Conta de Resultado";"en-US";"";"Caption";"C:\Projetos\Atlasweb\Removidos\CadPlanoContas.dfm"
"cTerceiros_Grupo.pFicha1.UniScrollBox1.UniTabSheet1";"Terceiros";"en-US";"";"FieldLabel";"C:\Projetos\Atlasweb\Removidos\CadPlanoContas.dfm"
"cNatureza.pFicha1.UniScrollBox1.UniTabSheet1";"Natureza da Conta";"en-US";"";"Caption";"C:\Projetos\Atlasweb\Removidos\CadPlanoContas.dfm"
"cGrupo.pFicha1.UniScrollBox1.UniTabSheet1";"Grupo";"en-US";"";"FieldLabel";"C:\Projetos\Atlasweb\Removidos\CadPlanoContas.dfm"
"cConta_ECF.pFicha1.UniScrollBox1.UniTabSheet1";"Conta Referêncial (ECF)";"en-US";"";"FieldLabel";"C:\Projetos\Atlasweb\Removidos\CadPlanoContas.dfm"
"aLista.Pasta.fCadPlanoFinanceiro";"Lista";"en-US";"";"Caption";"C:\Projetos\Atlasweb\Removidos\CadPlanoFinanceiro.dfm"
"UniTabSheet1";"Plano de Contas (Financeiro)";"en-US";"";"Caption";"C:\Projetos\Atlasweb\Removidos\CadPlanoFinanceiro.dfm"
"cNome.pFicha1.UniScrollBox1.UniTabSheet1";"Nome Financeiro";"en-US";"";"FieldLabel";"C:\Projetos\Atlasweb\Removidos\CadPlanoFinanceiro.dfm"
"UniDBRadioGroup1.pFicha1.UniScrollBox1.UniTabSheet1";"Tipo de Movimento";"en-US";"";"Caption";"C:\Projetos\Atlasweb\Removidos\CadPlanoFinanceiro.dfm"
"cModalidade_Importacao.pFicha1.UniScrollBox1.UniTabSheet1";"Modalidade de Importação";"en-US";"";"FieldLabel";"C:\Projetos\Atlasweb\Removidos\CadPlanoFinanceiro.dfm"
"UniGroupBox1.pFicha1.UniScrollBox1.UniTabSheet1";"Parâmetros Financeiros";"en-US";"";"Caption";"C:\Projetos\Atlasweb\Removidos\CadPlanoFinanceiro.dfm"
"cRelatorio.UniGroupBox1.pFicha1.UniScrollBox1.UniTabSheet1";"Não listar nos Relatórios";"en-US";"";"Caption";"C:\Projetos\Atlasweb\Removidos\CadPlanoFinanceiro.dfm"
"cCambio.UniGroupBox1.pFicha1.UniScrollBox1.UniTabSheet1";"Câmbio";"en-US";"";"Caption";"C:\Projetos\Atlasweb\Removidos\CadPlanoFinanceiro.dfm"
"cTitulo.UniGroupBox1.pFicha1.UniScrollBox1.UniTabSheet1";"Título";"en-US";"";"Caption";"C:\Projetos\Atlasweb\Removidos\CadPlanoFinanceiro.dfm"
"cCusto.UniGroupBox1.pFicha1.UniScrollBox1.UniTabSheet1";"Custo de Saída";"en-US";"";"Caption";"C:\Projetos\Atlasweb\Removidos\CadPlanoFinanceiro.dfm"
"cSomente_Faturamento.UniGroupBox1.pFicha1.UniScrollBox1.UniTabSheet1";"Somente Faturamento";"en-US";"";"Caption";"C:\Projetos\Atlasweb\Removidos\CadPlanoFinanceiro.dfm"
"cAdiantamento.UniGroupBox1.pFicha1.UniScrollBox1.UniTabSheet1";"Adiantamento";"en-US";"";"Caption";"C:\Projetos\Atlasweb\Removidos\CadPlanoFinanceiro.dfm"
"cDevolucao.UniGroupBox1.pFicha1.UniScrollBox1.UniTabSheet1";"Devolução";"en-US";"";"Caption";"C:\Projetos\Atlasweb\Removidos\CadPlanoFinanceiro.dfm"
"cCusto_Seletivo.UniGroupBox1.pFicha1.UniScrollBox1.UniTabSheet1";"Custo Seletivo";"en-US";"";"Caption";"C:\Projetos\Atlasweb\Removidos\CadPlanoFinanceiro.dfm"
"cTransferencia.UniGroupBox1.pFicha1.UniScrollBox1.UniTabSheet1";"Transferência";"en-US";"";"Caption";"C:\Projetos\Atlasweb\Removidos\CadPlanoFinanceiro.dfm"
"cFechamento_Processo.UniGroupBox1.pFicha1.UniScrollBox1.UniTabSheet1";"Fechamento do Processo";"en-US";"";"Caption";"C:\Projetos\Atlasweb\Removidos\CadPlanoFinanceiro.dfm"
"cCusto_Entrada.UniGroupBox1.pFicha1.UniScrollBox1.UniTabSheet1";"Custo Entrada";"en-US";"";"Caption";"C:\Projetos\Atlasweb\Removidos\CadPlanoFinanceiro.dfm"
"cBoleto.UniGroupBox1.pFicha1.UniScrollBox1.UniTabSheet1";"Boleto";"en-US";"";"Caption";"C:\Projetos\Atlasweb\Removidos\CadPlanoFinanceiro.dfm"
"cDespesa_Fixa.UniGroupBox1.pFicha1.UniScrollBox1.UniTabSheet1";"Despesa Fixa";"en-US";"";"Caption";"C:\Projetos\Atlasweb\Removidos\CadPlanoFinanceiro.dfm"
"cNota_Referencia.UniGroupBox1.pFicha1.UniScrollBox1.UniTabSheet1";"Nota Referência";"en-US";"";"Caption";"C:\Projetos\Atlasweb\Removidos\CadPlanoFinanceiro.dfm"
"cProcesso_Obrigatorio.UniGroupBox1.pFicha1.UniScrollBox1.UniTabSheet1";"Processo Obrigatório";"en-US";"";"Caption";"C:\Projetos\Atlasweb\Removidos\CadPlanoFinanceiro.dfm"
"cDesativada.UniGroupBox1.pFicha1.UniScrollBox1.UniTabSheet1";"Desativada";"en-US";"";"Caption";"C:\Projetos\Atlasweb\Removidos\CadPlanoFinanceiro.dfm"
"cCusto_Outros.UniGroupBox1.pFicha1.UniScrollBox1.UniTabSheet1";"Custo Outros";"en-US";"";"Caption";"C:\Projetos\Atlasweb\Removidos\CadPlanoFinanceiro.dfm"
"cTributo.UniGroupBox1.pFicha1.UniScrollBox1.UniTabSheet1";"Tributo";"en-US";"";"Caption";"C:\Projetos\Atlasweb\Removidos\CadPlanoFinanceiro.dfm"
"cTaxa.UniGroupBox1.pFicha1.UniScrollBox1.UniTabSheet1";"Taxa";"en-US";"";"Caption";"C:\Projetos\Atlasweb\Removidos\CadPlanoFinanceiro.dfm"
"UniDBCheckBox4.UniGroupBox1.pFicha1.UniScrollBox1.UniTabSheet1";"Plano Financeiro";"en-US";"";"Caption";"C:\Projetos\Atlasweb\Removidos\CadPlanoFinanceiro.dfm"
"cNivel.pFicha1.UniScrollBox1.UniTabSheet1";"Nível de Acesso";"en-US";"";"FieldLabel";"C:\Projetos\Atlasweb\Removidos\CadPlanoFinanceiro.dfm"
"cTipo_Documento.pFicha1.UniScrollBox1.UniTabSheet1";"Documento";"en-US";"";"FieldLabel";"C:\Projetos\Atlasweb\Removidos\CadPlanoFinanceiro.dfm"
"UniTabSheet2";"Plano de Contas (Contabil)";"en-US";"";"Caption";"C:\Projetos\Atlasweb\Removidos\CadPlanoFinanceiro.dfm"
"cProvisao_ContraPartida.UniGroupBox3.pFicha2.UniScrollBox2.UniTabSheet2";"Conta";"en-US";"";"FieldLabel";"C:\Projetos\Atlasweb\Removidos\CadPlanoFinanceiro.dfm"
"cLiquidacao_ContraPartida.UniGroupBox4.pFicha2.UniScrollBox2.UniTabSheet2";"Conta";"en-US";"";"FieldLabel";"C:\Projetos\Atlasweb\Removidos\CadPlanoFinanceiro.dfm"
"UniGroupBox5.pFicha2.UniScrollBox2.UniTabSheet2";"Parametrização DRE Gerencial";"en-US";"";"Caption";"C:\Projetos\Atlasweb\Removidos\CadPlanoFinanceiro.dfm"
"cDRE_Principal.UniGroupBox5.pFicha2.UniScrollBox2.UniTabSheet2";"Valor Principal";"en-US";"";"FieldLabel";"C:\Projetos\Atlasweb\Removidos\CadPlanoFinanceiro.dfm"
"cDRE_Desconto.UniGroupBox5.pFicha2.UniScrollBox2.UniTabSheet2";"Descontos";"en-US";"";"FieldLabel";"C:\Projetos\Atlasweb\Removidos\CadPlanoFinanceiro.dfm"
"cDRE_DescontoDupl.UniGroupBox5.pFicha2.UniScrollBox2.UniTabSheet2";"Desconto de Duplicata";"en-US";"";"FieldLabel";"C:\Projetos\Atlasweb\Removidos\CadPlanoFinanceiro.dfm"
"cDRE_Juros.UniGroupBox5.pFicha2.UniScrollBox2.UniTabSheet2";"Multa/Juros";"en-US";"";"FieldLabel";"C:\Projetos\Atlasweb\Removidos\CadPlanoFinanceiro.dfm"
"cTipo_Partida.pFicha2.UniScrollBox2.UniTabSheet2";"Tipo de Partida";"en-US";"";"Caption";"C:\Projetos\Atlasweb\Removidos\CadPlanoFinanceiro.dfm"
"UniGroupBox6.pFicha2.UniScrollBox2.UniTabSheet2";"Parâmetros Contabeis";"en-US";"";"Caption";"C:\Projetos\Atlasweb\Removidos\CadPlanoFinanceiro.dfm"
"UniDBCheckBox1.UniGroupBox6.pFicha2.UniScrollBox2.UniTabSheet2";"Conta de Resultado";"en-US";"";"Caption";"C:\Projetos\Atlasweb\Removidos\CadPlanoFinanceiro.dfm"
"UniDBCheckBox2.UniGroupBox6.pFicha2.UniScrollBox2.UniTabSheet2";"Sintética";"en-US";"";"Caption";"C:\Projetos\Atlasweb\Removidos\CadPlanoFinanceiro.dfm"
"UniDBCheckBox3.UniGroupBox6.pFicha2.UniScrollBox2.UniTabSheet2";"Conta Título";"en-US";"";"Caption";"C:\Projetos\Atlasweb\Removidos\CadPlanoFinanceiro.dfm"
"UniDBCheckBox5.UniGroupBox6.pFicha2.UniScrollBox2.UniTabSheet2";"LALUR";"en-US";"";"Caption";"C:\Projetos\Atlasweb\Removidos\CadPlanoFinanceiro.dfm"
"UniDBCheckBox6.UniGroupBox6.pFicha2.UniScrollBox2.UniTabSheet2";"Mostrar no Balanço";"en-US";"";"Caption";"C:\Projetos\Atlasweb\Removidos\CadPlanoFinanceiro.dfm"
"UniDBCheckBox7.UniGroupBox6.pFicha2.UniScrollBox2.UniTabSheet2";"DRE";"en-US";"";"Caption";"C:\Projetos\Atlasweb\Removidos\CadPlanoFinanceiro.dfm"
"UniDBCheckBox13.UniGroupBox6.pFicha2.UniScrollBox2.UniTabSheet2";"Detalhar Beneficiário";"en-US";"";"Caption";"C:\Projetos\Atlasweb\Removidos\CadPlanoFinanceiro.dfm"
"UniDBCheckBox14.UniGroupBox6.pFicha2.UniScrollBox2.UniTabSheet2";"Detalhar Processo";"en-US";"";"Caption";"C:\Projetos\Atlasweb\Removidos\CadPlanoFinanceiro.dfm"
"UniDBRadioGroup2.pFicha2.UniScrollBox2.UniTabSheet2";"Natureza da Conta";"en-US";"";"Caption";"C:\Projetos\Atlasweb\Removidos\CadPlanoFinanceiro.dfm"
"UniDBEdit1.pFicha2.UniScrollBox2.UniTabSheet2";"Conta Contabil";"en-US";"";"FieldLabel";"C:\Projetos\Atlasweb\Removidos\CadPlanoFinanceiro.dfm"
"UniDBEdit2.pFicha2.UniScrollBox2.UniTabSheet2";"Código Reduzido:";"en-US";"";"FieldLabel";"C:\Projetos\Atlasweb\Removidos\CadPlanoFinanceiro.dfm"
"aLista.Pasta.fCadPlanoFinanceiroGrupos";"Lista";"en-US";"";"Caption";"C:\Projetos\Atlasweb\Removidos\CadPlanoFinanceiroGrupos.dfm"
"UniTabSheet1.fCadPlanoFinanceiroGrupos";"Dados Gerais";"en-US";"";"Caption";"C:\Projetos\Atlasweb\Removidos\CadPlanoFinanceiroGrupos.dfm"
"pFicha1.UniScrollBox1.UniTabSheet1.fCadPlanoFinanceiroGrupos";"DADOS GERAIS";"en-US";"";"Title";"C:\Projetos\Atlasweb\Removidos\CadPlanoFinanceiroGrupos.dfm"
"cNome.pFicha1.UniScrollBox1.UniTabSheet1.fCadPlanoFinanceiroGrupos";"Nome";"en-US";"";"FieldLabel";"C:\Projetos\Atlasweb\Removidos\CadPlanoFinanceiroGrupos.dfm"
"cCodigo.pFicha1.UniScrollBox1.UniTabSheet1.fCadPlanoFinanceiroGrupos";"Código";"en-US";"";"FieldLabel";"C:\Projetos\Atlasweb\Removidos\CadPlanoFinanceiroGrupos.dfm"
"UniTabSheet1.Pasta.fConfig";"Ambiente";"en-US";"";"Caption";"C:\Projetos\Atlasweb\Removidos\Config.dfm"
"pFicha1.UniScrollBox1.UniTabSheet1.Pasta.fConfig";"DADOS GERAIS";"en-US";"";"Title";"C:\Projetos\Atlasweb\Removidos\Config.dfm"
"cEmpresa.pFicha1.UniScrollBox1.UniTabSheet1.Pasta.fConfig";"Empresa";"en-US";"";"FieldLabel";"C:\Projetos\Atlasweb\Removidos\Config.dfm"
"cBackup_Automatico.pFicha1.UniScrollBox1.UniTabSheet1.Pasta.fConfig";"Executar Backup Automático";"en-US";"";"Caption";"C:\Projetos\Atlasweb\Removidos\Config.dfm"
"UniGroupBox3.pFicha1.UniScrollBox1.UniTabSheet1.Pasta.fConfig";"Servidor FTP Cybersoft";"en-US";"";"Caption";"C:\Projetos\Atlasweb\Removidos\Config.dfm"
"cIP_Suporte.UniGroupBox3.pFicha1.UniScrollBox1.UniTabSheet1.Pasta.fConfig";"Endereço IP";"en-US";"";"FieldLabel";"C:\Projetos\Atlasweb\Removidos\Config.dfm"
"cPassive_FTP.UniGroupBox3.pFicha1.UniScrollBox1.UniTabSheet1.Pasta.fConfig";"Passive mode";"en-US";"";"Caption";"C:\Projetos\Atlasweb\Removidos\Config.dfm"
"cUsuario_FTP.UniGroupBox3.pFicha1.UniScrollBox1.UniTabSheet1.Pasta.fConfig";"Usúario";"en-US";"";"FieldLabel";"C:\Projetos\Atlasweb\Removidos\Config.dfm"
"cSenha_FTP.UniGroupBox3.pFicha1.UniScrollBox1.UniTabSheet1.Pasta.fConfig";"Senha";"en-US";"";"FieldLabel";"C:\Projetos\Atlasweb\Removidos\Config.dfm"
"UniGroupBox1.pFicha1.UniScrollBox1.UniTabSheet1.Pasta.fConfig";"E-mail/Site";"en-US";"";"Caption";"C:\Projetos\Atlasweb\Removidos\Config.dfm"
"cSite.UniGroupBox1.pFicha1.UniScrollBox1.UniTabSheet1.Pasta.fConfig";"Site";"en-US";"";"FieldLabel";"C:\Projetos\Atlasweb\Removidos\Config.dfm"
"cEmail.UniGroupBox1.pFicha1.UniScrollBox1.UniTabSheet1.Pasta.fConfig";"E-mail do Suporte";"en-US";"";"FieldLabel";"C:\Projetos\Atlasweb\Removidos\Config.dfm"
"UniGroupBox2.pFicha1.UniScrollBox1.UniTabSheet1.Pasta.fConfig";"Proxy";"en-US";"";"Caption";"C:\Projetos\Atlasweb\Removidos\Config.dfm"
"cServidor_Proxy.UniGroupBox2.pFicha1.UniScrollBox1.UniTabSheet1.Pasta.fConfig";"Servidor_Proxy";"en-US";"";"FieldLabel";"C:\Projetos\Atlasweb\Removidos\Config.dfm"
"cSenha_Proxy.UniGroupBox2.pFicha1.UniScrollBox1.UniTabSheet1.Pasta.fConfig";"Senha_Proxy";"en-US";"";"FieldLabel";"C:\Projetos\Atlasweb\Removidos\Config.dfm"
"cUsuario_Proxy.UniGroupBox2.pFicha1.UniScrollBox1.UniTabSheet1.Pasta.fConfig";"Usuario_Proxy";"en-US";"";"FieldLabel";"C:\Projetos\Atlasweb\Removidos\Config.dfm"
"UniTabSheet5.Pasta.fConfig";"Pastas";"en-US";"";"Caption";"C:\Projetos\Atlasweb\Removidos\Config.dfm"
"UniPanel1.UniScrollBox5.UniTabSheet5.Pasta.fConfig";"DADOS GERAIS";"en-US";"";"Title";"C:\Projetos\Atlasweb\Removidos\Config.dfm"
"cPasta_BACKUP.UniPanel1.UniScrollBox5.UniTabSheet5.Pasta.fConfig";"Pasta de BACKUP";"en-US";"";"FieldLabel";"C:\Projetos\Atlasweb\Removidos\Config.dfm"
"cPasta_NFE.UniPanel1.UniScrollBox5.UniTabSheet5.Pasta.fConfig";"Pasta para NF-E";"en-US";"";"FieldLabel";"C:\Projetos\Atlasweb\Removidos\Config.dfm"
"cPasta_BackupCybersoft.UniPanel1.UniScrollBox5.UniTabSheet5.Pasta.fConfig";"Pasta Backup servidor Cybersoft";"en-US";"";"FieldLabel";"C:\Projetos\Atlasweb\Removidos\Config.dfm"
"cPasta_BACKUPCopia.UniPanel1.UniScrollBox5.UniTabSheet5.Pasta.fConfig";"Pasta BACKUP (Copia)";"en-US";"";"FieldLabel";"C:\Projetos\Atlasweb\Removidos\Config.dfm"
"cPasta_Boleto.UniPanel1.UniScrollBox5.UniTabSheet5.Pasta.fConfig";"Pasta para os Boletos";"en-US";"";"FieldLabel";"C:\Projetos\Atlasweb\Removidos\Config.dfm"
"UniGroupBox4.UniPanel1.UniScrollBox5.UniTabSheet5.Pasta.fConfig";"Nota Fiscal";"en-US";"";"Caption";"C:\Projetos\Atlasweb\Removidos\Config.dfm"
"cSeparar_NFE.UniGroupBox4.UniPanel1.UniScrollBox5.UniTabSheet5.Pasta.fConfig";"Pastas separadas (Entrada/Saída).";"en-US";"";"Caption";"C:\Projetos\Atlasweb\Removidos\Config.dfm"
"cSeparar_NFEMes.UniGroupBox4.UniPanel1.UniScrollBox5.UniTabSheet5.Pasta.fConfig";"Pastas separadas (Mês).";"en-US";"";"Caption";"C:\Projetos\Atlasweb\Removidos\Config.dfm"
"UniGroupBox5.UniPanel1.UniScrollBox5.UniTabSheet5.Pasta.fConfig";"Boletos";"en-US";"";"Caption";"C:\Projetos\Atlasweb\Removidos\Config.dfm"
"UniDBCheckBox1.UniGroupBox5.UniPanel1.UniScrollBox5.UniTabSheet5.Pasta.fConfig";"Pastas separadas (Data).";"en-US";"";"Caption";"C:\Projetos\Atlasweb\Removidos\Config.dfm"
"UniDBCheckBox2.UniGroupBox5.UniPanel1.UniScrollBox5.UniTabSheet5.Pasta.fConfig";"Pastas separadas (Banco).";"en-US";"";"Caption";"C:\Projetos\Atlasweb\Removidos\Config.dfm"
"UniTabSheet4.Pasta.fConfig";"Faturamento";"en-US";"";"Caption";"C:\Projetos\Atlasweb\Removidos\Config.dfm"
"pFicha4.UniScrollBox4.UniTabSheet4.Pasta.fConfig";"DADOS GERAIS";"en-US";"";"Title";"C:\Projetos\Atlasweb\Removidos\Config.dfm"
"cEmail_NFE.pFicha4.UniScrollBox4.UniTabSheet4.Pasta.fConfig";"Enviar todas as Notas/C.Correção/Cancelamentos para o E-mail";"en-US";"";"FieldLabel";"C:\Projetos\Atlasweb\Removidos\Config.dfm"
"UniGroupBox12.pFicha4.UniScrollBox4.UniTabSheet4.Pasta.fConfig";"Rateios";"en-US";"";"Caption";"C:\Projetos\Atlasweb\Removidos\Config.dfm"
"UniDBRadioGroup2.UniGroupBox12.pFicha4.UniScrollBox4.UniTabSheet4.Pasta.fConfig";"Frete";"en-US";"";"Caption";"C:\Projetos\Atlasweb\Removidos\Config.dfm"
"UniDBRadioGroup3.UniGroupBox12.pFicha4.UniScrollBox4.UniTabSheet4.Pasta.fConfig";"Seguro";"en-US";"";"Caption";"C:\Projetos\Atlasweb\Removidos\Config.dfm"
"UniDBRadioGroup4.UniGroupBox12.pFicha4.UniScrollBox4.UniTabSheet4.Pasta.fConfig";"Despesas";"en-US";"";"Caption";"C:\Projetos\Atlasweb\Removidos\Config.dfm"
"UniDBRadioGroup5.UniGroupBox12.pFicha4.UniScrollBox4.UniTabSheet4.Pasta.fConfig";"Valor Rateio Despesa";"en-US";"";"Caption";"C:\Projetos\Atlasweb\Removidos\Config.dfm"
"UniDBRadioGroup6.UniGroupBox12.pFicha4.UniScrollBox4.UniTabSheet4.Pasta.fConfig";"PIS";"en-US";"";"Caption";"C:\Projetos\Atlasweb\Removidos\Config.dfm"
"UniDBRadioGroup7.UniGroupBox12.pFicha4.UniScrollBox4.UniTabSheet4.Pasta.fConfig";"COFINS";"en-US";"";"Caption";"C:\Projetos\Atlasweb\Removidos\Config.dfm"
"UniDBRadioGroup8.UniGroupBox12.pFicha4.UniScrollBox4.UniTabSheet4.Pasta.fConfig";"Acréscimo";"en-US";"";"Caption";"C:\Projetos\Atlasweb\Removidos\Config.dfm"
"UniDBRadioGroup9.pFicha4.UniScrollBox4.UniTabSheet4.Pasta.fConfig";"Valor das Despesas de Custo do processo";"en-US";"";"Caption";"C:\Projetos\Atlasweb\Removidos\Config.dfm"
"UniGroupBox13.pFicha4.UniScrollBox4.UniTabSheet4.Pasta.fConfig";"Opções";"en-US";"";"Caption";"C:\Projetos\Atlasweb\Removidos\Config.dfm"
"cBotao_Duplicata.UniGroupBox13.pFicha4.UniScrollBox4.UniTabSheet4.Pasta.fConfig";"Desabilitar botão "Gerar Duplicatas" das telas de Pedido.";"en-US";"";"Caption";"C:\Projetos\Atlasweb\Removidos\Config.dfm"
"cCalculo_Reverso.UniGroupBox13.pFicha4.UniScrollBox4.UniTabSheet4.Pasta.fConfig";"Habilitar cálculo reverso nos pedidos.";"en-US";"";"Caption";"C:\Projetos\Atlasweb\Removidos\Config.dfm"
"cFaturamento_BloquearAtraso.UniGroupBox13.pFicha4.UniScrollBox4.UniTabSheet4.Pasta.fConfig";"Bloquear pedidos para clientes com pagamentos em atraso.";"en-US";"";"Caption";"C:\Projetos\Atlasweb\Removidos\Config.dfm"
"cExtenso_Maiusculo.UniGroupBox13.pFicha4.UniScrollBox4.UniTabSheet4.Pasta.fConfig";"Extenso_Maiusculo";"en-US";"";"Caption";"C:\Projetos\Atlasweb\Removidos\Config.dfm"
"cAbrir_PDFDANFE.UniGroupBox13.pFicha4.UniScrollBox4.UniTabSheet4.Pasta.fConfig";"Abrir_PDFDANFE";"en-US";"";"Caption";"C:\Projetos\Atlasweb\Removidos\Config.dfm"
"UniDBRadioGroup10.pFicha4.UniScrollBox4.UniTabSheet4.Pasta.fConfig";"Código da Mercadoria no DNFE";"en-US";"";"Caption";"C:\Projetos\Atlasweb\Removidos\Config.dfm"
"cEstoque_MinimoPerc.pFicha4.UniScrollBox4.UniTabSheet4.Pasta.fConfig";"Percentual p/Estoque Minímo";"en-US";"";"FieldLabel";"C:\Projetos\Atlasweb\Removidos\Config.dfm"
"UniTabSheet6.Pasta.fConfig";"Fiscais";"en-US";"";"Caption";"C:\Projetos\Atlasweb\Removidos\Config.dfm"
"pFicha6.UniScrollBox6.UniTabSheet6.Pasta.fConfig";"DADOS GERAIS";"en-US";"";"Title";"C:\Projetos\Atlasweb\Removidos\Config.dfm"
"UniGroupBox6.pFicha6.UniScrollBox6.UniTabSheet6.Pasta.fConfig";"Conhecimento de Transporte (CTR)";"en-US";"";"Caption";"C:\Projetos\Atlasweb\Removidos\Config.dfm"
"cPIS_CTR.UniGroupBox6.pFicha6.UniScrollBox6.UniTabSheet6.Pasta.fConfig";"PIS";"en-US";"";"FieldLabel";"C:\Projetos\Atlasweb\Removidos\Config.dfm"
"cItem_CTR.UniGroupBox6.pFicha6.UniScrollBox6.UniTabSheet6.Pasta.fConfig";"Item_CTR";"en-US";"";"FieldLabel";"C:\Projetos\Atlasweb\Removidos\Config.dfm"
"cCOFINS_CTR.UniGroupBox6.pFicha6.UniScrollBox6.UniTabSheet6.Pasta.fConfig";"COFINS";"en-US";"";"FieldLabel";"C:\Projetos\Atlasweb\Removidos\Config.dfm"
"cRamo_CTR.UniGroupBox6.pFicha6.UniScrollBox6.UniTabSheet6.Pasta.fConfig";"Ramo Atividade";"en-US";"";"FieldLabel";"C:\Projetos\Atlasweb\Removidos\Config.dfm"
"UniGroupBox7.pFicha6.UniScrollBox6.UniTabSheet6.Pasta.fConfig";"CIAP";"en-US";"";"Caption";"C:\Projetos\Atlasweb\Removidos\Config.dfm"
"cValor_CIAP.UniGroupBox7.pFicha6.UniScrollBox6.UniTabSheet6.Pasta.fConfig";"Valor Mínimo Imobil.";"en-US";"";"FieldLabel";"C:\Projetos\Atlasweb\Removidos\Config.dfm"
"cParcelas_CIAP.UniGroupBox7.pFicha6.UniScrollBox6.UniTabSheet6.Pasta.fConfig";"Parcelas (Meses)";"en-US";"";"FieldLabel";"C:\Projetos\Atlasweb\Removidos\Config.dfm"
"UniGroupBox8.pFicha6.UniScrollBox6.UniTabSheet6.Pasta.fConfig";"Vencimentos dos Impostos (Dia)";"en-US";"";"Caption";"C:\Projetos\Atlasweb\Removidos\Config.dfm"
"cVencimento_ICMSFUNDAP.UniGroupBox8.pFicha6.UniScrollBox6.UniTabSheet6.Pasta.fConfig";"ICMS (FUNDAP)";"en-US";"";"FieldLabel";"C:\Projetos\Atlasweb\Removidos\Config.dfm"
"cVencimento_ICMSINVEST.UniGroupBox8.pFicha6.UniScrollBox6.UniTabSheet6.Pasta.fConfig";"ICMS (INVEST)";"en-US";"";"FieldLabel";"C:\Projetos\Atlasweb\Removidos\Config.dfm"
"cVencimento_ICMSComercio.UniGroupBox8.pFicha6.UniScrollBox6.UniTabSheet6.Pasta.fConfig";"ICMS (Comércio)";"en-US";"";"FieldLabel";"C:\Projetos\Atlasweb\Removidos\Config.dfm"
"cVencimento_IPI.UniGroupBox8.pFicha6.UniScrollBox6.UniTabSheet6.Pasta.fConfig";"IPI";"en-US";"";"FieldLabel";"C:\Projetos\Atlasweb\Removidos\Config.dfm"
"cVencimento_PIS.UniGroupBox8.pFicha6.UniScrollBox6.UniTabSheet6.Pasta.fConfig";"PIS";"en-US";"";"FieldLabel";"C:\Projetos\Atlasweb\Removidos\Config.dfm"
"cVencimento_COFINS.UniGroupBox8.pFicha6.UniScrollBox6.UniTabSheet6.Pasta.fConfig";"COFINS";"en-US";"";"FieldLabel";"C:\Projetos\Atlasweb\Removidos\Config.dfm"
"cVencimento_IRPJ.UniGroupBox8.pFicha6.UniScrollBox6.UniTabSheet6.Pasta.fConfig";"IRPJ";"en-US";"";"FieldLabel";"C:\Projetos\Atlasweb\Removidos\Config.dfm"
"cVencimento_CSLL.UniGroupBox8.pFicha6.UniScrollBox6.UniTabSheet6.Pasta.fConfig";"CSLL";"en-US";"";"FieldLabel";"C:\Projetos\Atlasweb\Removidos\Config.dfm"
"cVencimento_ICMSOrgao.UniGroupBox8.pFicha6.UniScrollBox6.UniTabSheet6.Pasta.fConfig";"Orgão";"en-US";"";"FieldLabel";"C:\Projetos\Atlasweb\Removidos\Config.dfm"
"cVencimento_ICMSDoc.UniGroupBox8.pFicha6.UniScrollBox6.UniTabSheet6.Pasta.fConfig";"Tipo de Documento";"en-US";"";"FieldLabel";"C:\Projetos\Atlasweb\Removidos\Config.dfm"
"cVencimento_CSLLOrgao.UniGroupBox8.pFicha6.UniScrollBox6.UniTabSheet6.Pasta.fConfig";"Orgão";"en-US";"";"FieldLabel";"C:\Projetos\Atlasweb\Removidos\Config.dfm"
"cVencimento_CSLLDoc.UniGroupBox8.pFicha6.UniScrollBox6.UniTabSheet6.Pasta.fConfig";"Tipo de Documento";"en-US";"";"FieldLabel";"C:\Projetos\Atlasweb\Removidos\Config.dfm"
"cVencimento_IRPJOrgao.UniGroupBox8.pFicha6.UniScrollBox6.UniTabSheet6.Pasta.fConfig";"Orgão";"en-US";"";"FieldLabel";"C:\Projetos\Atlasweb\Removidos\Config.dfm"
"cVencimento_PISOrgao.UniGroupBox8.pFicha6.UniScrollBox6.UniTabSheet6.Pasta.fConfig";"Orgão";"en-US";"";"FieldLabel";"C:\Projetos\Atlasweb\Removidos\Config.dfm"
"cVencimento_COFINSOrgao.UniGroupBox8.pFicha6.UniScrollBox6.UniTabSheet6.Pasta.fConfig";"Orgão";"en-US";"";"FieldLabel";"C:\Projetos\Atlasweb\Removidos\Config.dfm"
"cVencimento_IPIOrgao.UniGroupBox8.pFicha6.UniScrollBox6.UniTabSheet6.Pasta.fConfig";"Orgão";"en-US";"";"FieldLabel";"C:\Projetos\Atlasweb\Removidos\Config.dfm"
"cVencimento_IRPJDoc.UniGroupBox8.pFicha6.UniScrollBox6.UniTabSheet6.Pasta.fConfig";"Tipo de Documento";"en-US";"";"FieldLabel";"C:\Projetos\Atlasweb\Removidos\Config.dfm"
"cVencimento_PISDoc.UniGroupBox8.pFicha6.UniScrollBox6.UniTabSheet6.Pasta.fConfig";"Tipo de Documento";"en-US";"";"FieldLabel";"C:\Projetos\Atlasweb\Removidos\Config.dfm"
"cVencimento_COFINSDoc.UniGroupBox8.pFicha6.UniScrollBox6.UniTabSheet6.Pasta.fConfig";"Tipo de Documento";"en-US";"";"FieldLabel";"C:\Projetos\Atlasweb\Removidos\Config.dfm"
"cVencimento_IPIDoc.UniGroupBox8.pFicha6.UniScrollBox6.UniTabSheet6.Pasta.fConfig";"Tipo de Documento";"en-US";"";"FieldLabel";"C:\Projetos\Atlasweb\Removidos\Config.dfm"
"UniGroupBox9.pFicha6.UniScrollBox6.UniTabSheet6.Pasta.fConfig";"Dif.Alíquota ICMS (DIFAL)";"en-US";"";"Caption";"C:\Projetos\Atlasweb\Removidos\Config.dfm"
"cDIFAL_ICMSPart.UniGroupBox9.pFicha6.UniScrollBox6.UniTabSheet6.Pasta.fConfig";"Particip,ano Corrente";"en-US";"";"FieldLabel";"C:\Projetos\Atlasweb\Removidos\Config.dfm"
"UniTabSheet7.Pasta.fConfig";"SPED";"en-US";"";"Caption";"C:\Projetos\Atlasweb\Removidos\Config.dfm"
"pFicha7.UniScrollBox7.UniTabSheet7.Pasta.fConfig";"DADOS GERAIS";"en-US";"";"Title";"C:\Projetos\Atlasweb\Removidos\Config.dfm"
"UniGroupBox10.pFicha7.UniScrollBox7.UniTabSheet7.Pasta.fConfig";"SPED Fiscal";"en-US";"";"Caption";"C:\Projetos\Atlasweb\Removidos\Config.dfm"
"UniDBRadioGroup1.UniGroupBox10.pFicha7.UniScrollBox7.UniTabSheet7.Pasta.fConfig";"Mês Entrega";"en-US";"";"Caption";"C:\Projetos\Atlasweb\Removidos\Config.dfm"
"UniDBLookupComboBox3.UniGroupBox10.pFicha7.UniScrollBox7.UniTabSheet7.Pasta.fConfig";"Orgão";"en-US";"";"FieldLabel";"C:\Projetos\Atlasweb\Removidos\Config.dfm"
"UniGroupBox11.pFicha7.UniScrollBox7.UniTabSheet7.Pasta.fConfig";"SPED PIS/COFINS";"en-US";"";"Caption";"C:\Projetos\Atlasweb\Removidos\Config.dfm"
"UniDBLookupComboBox1.UniGroupBox11.pFicha7.UniScrollBox7.UniTabSheet7.Pasta.fConfig";"Orgão";"en-US";"";"FieldLabel";"C:\Projetos\Atlasweb\Removidos\Config.dfm"
"UniDBLookupComboBox2.UniGroupBox11.pFicha7.UniScrollBox7.UniTabSheet7.Pasta.fConfig";"Orgão";"en-US";"";"FieldLabel";"C:\Projetos\Atlasweb\Removidos\Config.dfm"
"UniTabSheet8.Pasta.fConfig";"Contábeis";"en-US";"";"Caption";"C:\Projetos\Atlasweb\Removidos\Config.dfm"
"pFicha8.UniScrollBox8.UniTabSheet8.Pasta.fConfig";"DADOS GERAIS";"en-US";"";"Title";"C:\Projetos\Atlasweb\Removidos\Config.dfm"
"UniGroupBox14.pFicha8.UniScrollBox8.UniTabSheet8.Pasta.fConfig";"Lançamentos de Encerramento";"en-US";"";"Caption";"C:\Projetos\Atlasweb\Removidos\Config.dfm"
"cContab_ContaEncLucro.UniGroupBox14.pFicha8.UniScrollBox8.UniTabSheet8.Pasta.fConfig";"Conta de Lucro Acumulado";"en-US";"";"FieldLabel";"C:\Projetos\Atlasweb\Removidos\Config.dfm"
"cContab_ContaEncPrejuizo.UniGroupBox14.pFicha8.UniScrollBox8.UniTabSheet8.Pasta.fConfig";"Conta de Prejuízo Acumulado)";"en-US";"";"FieldLabel";"C:\Projetos\Atlasweb\Removidos\Config.dfm"
"cContab_ContaResultado.UniGroupBox14.pFicha8.UniScrollBox8.UniTabSheet8.Pasta.fConfig";"Conta de Resultado";"en-US";"";"FieldLabel";"C:\Projetos\Atlasweb\Removidos\Config.dfm"
"cContab_HistoricoResultado.UniGroupBox14.pFicha8.UniScrollBox8.UniTabSheet8.Pasta.fConfig";"Conta de Resultado (Histórico)";"en-US";"";"FieldLabel";"C:\Projetos\Atlasweb\Removidos\Config.dfm"
"cContab_HistoricoEncLucro.UniGroupBox14.pFicha8.UniScrollBox8.UniTabSheet8.Pasta.fConfig";"Conta de Lucro Acumulado (Histórico)";"en-US";"";"FieldLabel";"C:\Projetos\Atlasweb\Removidos\Config.dfm"
"cContab_HistoricoEncPrejuizo.UniGroupBox14.pFicha8.UniScrollBox8.UniTabSheet8.Pasta.fConfig";"Conta de Prejuízo Acumulado) (Histórica)";"en-US";"";"FieldLabel";"C:\Projetos\Atlasweb\Removidos\Config.dfm"
"cParametrizacao_Contabil.pFicha8.UniScrollBox8.UniTabSheet8.Pasta.fConfig";"Obrigar parametrização contabíl nos cadastros";"en-US";"";"Caption";"C:\Projetos\Atlasweb\Removidos\Config.dfm"
"UniTabSheet10.Pasta.fConfig";"Financeiro";"en-US";"";"Caption";"C:\Projetos\Atlasweb\Removidos\Config.dfm"
"UniTabSheet2.pAbaFin.UniScrollBox10.UniTabSheet10.Pasta.fConfig";"Lançamentos Financeiros";"en-US";"";"Caption";"C:\Projetos\Atlasweb\Removidos\Config.dfm"
"pFicha10.UniTabSheet2.pAbaFin.UniScrollBox10.UniTabSheet10.Pasta.fConfig";"DADOS GERAIS";"en-US";"";"Title";"C:\Projetos\Atlasweb\Removidos\Config.dfm"
"cClassificacao_JurosRC.UniGroupBox15.pFicha10.UniTabSheet2.pAbaFin.UniScrollBox10.UniTabSheet10.Pasta.fConfig";"Juros Recebidos";"en-US";"";"FieldLabel";"C:\Projetos\Atlasweb\Removidos\Config.dfm"
"cClassificacao_JurosPG.UniGroupBox15.pFicha10.UniTabSheet2.pAbaFin.UniScrollBox10.UniTabSheet10.Pasta.fConfig";"Juros Pagos";"en-US";"";"FieldLabel";"C:\Projetos\Atlasweb\Removidos\Config.dfm"
"cClassificacao_MultaPG.UniGroupBox15.pFicha10.UniTabSheet2.pAbaFin.UniScrollBox10.UniTabSheet10.Pasta.fConfig";"Multas Pagas";"en-US";"";"FieldLabel";"C:\Projetos\Atlasweb\Removidos\Config.dfm"
"cClassificacao_MultaRC.UniGroupBox15.pFicha10.UniTabSheet2.pAbaFin.UniScrollBox10.UniTabSheet10.Pasta.fConfig";"Multas Recebidas";"en-US";"";"FieldLabel";"C:\Projetos\Atlasweb\Removidos\Config.dfm"
"cClassificacao_DescontosRC.UniGroupBox15.pFicha10.UniTabSheet2.pAbaFin.UniScrollBox10.UniTabSheet10.Pasta.fConfig";"Descontos Recebidos";"en-US";"";"FieldLabel";"C:\Projetos\Atlasweb\Removidos\Config.dfm"
"cClassificacao_DescontosPG.UniGroupBox15.pFicha10.UniTabSheet2.pAbaFin.UniScrollBox10.UniTabSheet10.Pasta.fConfig";"Descontos Concedidos";"en-US";"";"FieldLabel";"C:\Projetos\Atlasweb\Removidos\Config.dfm"
"UniGroupBox16.pFicha10.UniTabSheet2.pAbaFin.UniScrollBox10.UniTabSheet10.Pasta.fConfig";"Classificação Financeira para o Lançamento do Contrato de Câmbio";"en-US";"";"Caption";"C:\Projetos\Atlasweb\Removidos\Config.dfm"
"cClassificacao_CambioVarPassiva.UniGroupBox16.pFicha10.UniTabSheet2.pAbaFin.UniScrollBox10.UniTabSheet10.Pasta.fConfig";"Variação (Passiva)";"en-US";"";"FieldLabel";"C:\Projetos\Atlasweb\Removidos\Config.dfm"
"cContratoCambio_Documento.UniGroupBox16.pFicha10.UniTabSheet2.pAbaFin.UniScrollBox10.UniTabSheet10.Pasta.fConfig";"Documento";"en-US";"";"FieldLabel";"C:\Projetos\Atlasweb\Removidos\Config.dfm"
"cClassificacao_CambioVarAtiva.UniGroupBox16.pFicha10.UniTabSheet2.pAbaFin.UniScrollBox10.UniTabSheet10.Pasta.fConfig";"Variação (Ativa)";"en-US";"";"FieldLabel";"C:\Projetos\Atlasweb\Removidos\Config.dfm"
"cDocumento_Cambio.UniGroupBox16.pFicha10.UniTabSheet2.pAbaFin.UniScrollBox10.UniTabSheet10.Pasta.fConfig";"Documento";"en-US";"";"FieldLabel";"C:\Projetos\Atlasweb\Removidos\Config.dfm"
"cContratoCambio_Classificacao.UniGroupBox16.pFicha10.UniTabSheet2.pAbaFin.UniScrollBox10.UniTabSheet10.Pasta.fConfig";"Contrato de Câmbio";"en-US";"";"FieldLabel";"C:\Projetos\Atlasweb\Removidos\Config.dfm"
"UniGroupBox17.pFicha10.UniTabSheet2.pAbaFin.UniScrollBox10.UniTabSheet10.Pasta.fConfig";"Classificações Financeiras de Recebimento para Transferências";"en-US";"";"Caption";"C:\Projetos\Atlasweb\Removidos\Config.dfm"
"cClassificacao_TransfProcesso.UniGroupBox17.pFicha10.UniTabSheet2.pAbaFin.UniScrollBox10.UniTabSheet10.Pasta.fConfig";"Transferências de Processos";"en-US";"";"FieldLabel";"C:\Projetos\Atlasweb\Removidos\Config.dfm"
"cClassificacao_TransfBanco.UniGroupBox17.pFicha10.UniTabSheet2.pAbaFin.UniScrollBox10.UniTabSheet10.Pasta.fConfig";"Transferências Bancárias";"en-US";"";"FieldLabel";"C:\Projetos\Atlasweb\Removidos\Config.dfm"
"UniTabSheet3.pAbaFin.UniScrollBox10.UniTabSheet10.Pasta.fConfig";"Duplicatas";"en-US";"";"Caption";"C:\Projetos\Atlasweb\Removidos\Config.dfm"
"pFicha11.UniTabSheet3.pAbaFin.UniScrollBox10.UniTabSheet10.Pasta.fConfig";"DADOS GERAIS";"en-US";"";"Title";"C:\Projetos\Atlasweb\Removidos\Config.dfm"
"UniGroupBox18.pFicha11.UniTabSheet3.pAbaFin.UniScrollBox10.UniTabSheet10.Pasta.fConfig";"Geração das Duplicatas dos Impostos";"en-US";"";"Caption";"C:\Projetos\Atlasweb\Removidos\Config.dfm"
"cDuplicata01.UniGroupBox18.pFicha11.UniTabSheet3.pAbaFin.UniScrollBox10.UniTabSheet10.Pasta.fConfig";"Duplicata01";"en-US";"";"FieldLabel";"C:\Projetos\Atlasweb\Removidos\Config.dfm"
"cDuplicata02.UniGroupBox18.pFicha11.UniTabSheet3.pAbaFin.UniScrollBox10.UniTabSheet10.Pasta.fConfig";"Duplicata02";"en-US";"";"FieldLabel";"C:\Projetos\Atlasweb\Removidos\Config.dfm"
"cDuplicata03.UniGroupBox18.pFicha11.UniTabSheet3.pAbaFin.UniScrollBox10.UniTabSheet10.Pasta.fConfig";"Duplicata03";"en-US";"";"FieldLabel";"C:\Projetos\Atlasweb\Removidos\Config.dfm"
"cDuplicata04.UniGroupBox18.pFicha11.UniTabSheet3.pAbaFin.UniScrollBox10.UniTabSheet10.Pasta.fConfig";"Duplicata04";"en-US";"";"FieldLabel";"C:\Projetos\Atlasweb\Removidos\Config.dfm"
"cDuplicata05.UniGroupBox18.pFicha11.UniTabSheet3.pAbaFin.UniScrollBox10.UniTabSheet10.Pasta.fConfig";"Duplicata05";"en-US";"";"FieldLabel";"C:\Projetos\Atlasweb\Removidos\Config.dfm"
"cDuplicata06.UniGroupBox18.pFicha11.UniTabSheet3.pAbaFin.UniScrollBox10.UniTabSheet10.Pasta.fConfig";"Duplicata06";"en-US";"";"FieldLabel";"C:\Projetos\Atlasweb\Removidos\Config.dfm"
"cDuplicata07.UniGroupBox18.pFicha11.UniTabSheet3.pAbaFin.UniScrollBox10.UniTabSheet10.Pasta.fConfig";"Duplicata07";"en-US";"";"FieldLabel";"C:\Projetos\Atlasweb\Removidos\Config.dfm"
"cDuplicata08.UniGroupBox18.pFicha11.UniTabSheet3.pAbaFin.UniScrollBox10.UniTabSheet10.Pasta.fConfig";"Duplicata08";"en-US";"";"FieldLabel";"C:\Projetos\Atlasweb\Removidos\Config.dfm"
"cDuplicata01_Class.UniGroupBox18.pFicha11.UniTabSheet3.pAbaFin.UniScrollBox10.UniTabSheet10.Pasta.fConfig";"Duplicata01_Class";"en-US";"";"FieldLabel";"C:\Projetos\Atlasweb\Removidos\Config.dfm"
"cDuplicata02_Class.UniGroupBox18.pFicha11.UniTabSheet3.pAbaFin.UniScrollBox10.UniTabSheet10.Pasta.fConfig";"Duplicata02_Class";"en-US";"";"FieldLabel";"C:\Projetos\Atlasweb\Removidos\Config.dfm"
"cDuplicata03_Class.UniGroupBox18.pFicha11.UniTabSheet3.pAbaFin.UniScrollBox10.UniTabSheet10.Pasta.fConfig";"Duplicata03_Class";"en-US";"";"FieldLabel";"C:\Projetos\Atlasweb\Removidos\Config.dfm"
"cDuplicata04_Class.UniGroupBox18.pFicha11.UniTabSheet3.pAbaFin.UniScrollBox10.UniTabSheet10.Pasta.fConfig";"Duplicata04_Class";"en-US";"";"FieldLabel";"C:\Projetos\Atlasweb\Removidos\Config.dfm"
"cDuplicata05_Class.UniGroupBox18.pFicha11.UniTabSheet3.pAbaFin.UniScrollBox10.UniTabSheet10.Pasta.fConfig";"Duplicata05_Class";"en-US";"";"FieldLabel";"C:\Projetos\Atlasweb\Removidos\Config.dfm"
"cDuplicata06_Class.UniGroupBox18.pFicha11.UniTabSheet3.pAbaFin.UniScrollBox10.UniTabSheet10.Pasta.fConfig";"Duplicata06_Class";"en-US";"";"FieldLabel";"C:\Projetos\Atlasweb\Removidos\Config.dfm"
"cDuplicata07_Class.UniGroupBox18.pFicha11.UniTabSheet3.pAbaFin.UniScrollBox10.UniTabSheet10.Pasta.fConfig";"Duplicata07_Class";"en-US";"";"FieldLabel";"C:\Projetos\Atlasweb\Removidos\Config.dfm"
"cDuplicata08_Class.UniGroupBox18.pFicha11.UniTabSheet3.pAbaFin.UniScrollBox10.UniTabSheet10.Pasta.fConfig";"Duplicata08_Class";"en-US";"";"FieldLabel";"C:\Projetos\Atlasweb\Removidos\Config.dfm"
"cDuplicata01_Dias.UniGroupBox18.pFicha11.UniTabSheet3.pAbaFin.UniScrollBox10.UniTabSheet10.Pasta.fConfig";"Duplicata01_Dias";"en-US";"";"FieldLabel";"C:\Projetos\Atlasweb\Removidos\Config.dfm"
"cDuplicata02_Dias.UniGroupBox18.pFicha11.UniTabSheet3.pAbaFin.UniScrollBox10.UniTabSheet10.Pasta.fConfig";"Duplicata02_Dias";"en-US";"";"FieldLabel";"C:\Projetos\Atlasweb\Removidos\Config.dfm"
"cDuplicata03_Dias.UniGroupBox18.pFicha11.UniTabSheet3.pAbaFin.UniScrollBox10.UniTabSheet10.Pasta.fConfig";"Duplicata03_Dias";"en-US";"";"FieldLabel";"C:\Projetos\Atlasweb\Removidos\Config.dfm"
"cDuplicata04_Dias.UniGroupBox18.pFicha11.UniTabSheet3.pAbaFin.UniScrollBox10.UniTabSheet10.Pasta.fConfig";"Duplicata04_Dias";"en-US";"";"FieldLabel";"C:\Projetos\Atlasweb\Removidos\Config.dfm"
"cDuplicata05_Dias.UniGroupBox18.pFicha11.UniTabSheet3.pAbaFin.UniScrollBox10.UniTabSheet10.Pasta.fConfig";"Duplicata05_Dias";"en-US";"";"FieldLabel";"C:\Projetos\Atlasweb\Removidos\Config.dfm"
"cDuplicata06_Dias.UniGroupBox18.pFicha11.UniTabSheet3.pAbaFin.UniScrollBox10.UniTabSheet10.Pasta.fConfig";"Duplicata06_Dias";"en-US";"";"FieldLabel";"C:\Projetos\Atlasweb\Removidos\Config.dfm"
"cDuplicata07_Dias.UniGroupBox18.pFicha11.UniTabSheet3.pAbaFin.UniScrollBox10.UniTabSheet10.Pasta.fConfig";"Duplicata07_Dias";"en-US";"";"FieldLabel";"C:\Projetos\Atlasweb\Removidos\Config.dfm"
"cDuplicata08_Dias.UniGroupBox18.pFicha11.UniTabSheet3.pAbaFin.UniScrollBox10.UniTabSheet10.Pasta.fConfig";"Duplicata08_Dias";"en-US";"";"FieldLabel";"C:\Projetos\Atlasweb\Removidos\Config.dfm"
"cDuplicata01_Sub.UniGroupBox18.pFicha11.UniTabSheet3.pAbaFin.UniScrollBox10.UniTabSheet10.Pasta.fConfig";"Duplicata01_Sub";"en-US";"";"Caption";"C:\Projetos\Atlasweb\Removidos\Config.dfm"
"cDuplicata02_Sub.UniGroupBox18.pFicha11.UniTabSheet3.pAbaFin.UniScrollBox10.UniTabSheet10.Pasta.fConfig";"Duplicata02_Sub";"en-US";"";"Caption";"C:\Projetos\Atlasweb\Removidos\Config.dfm"
"cDuplicata03_Sub.UniGroupBox18.pFicha11.UniTabSheet3.pAbaFin.UniScrollBox10.UniTabSheet10.Pasta.fConfig";"Duplicata03_Sub";"en-US";"";"Caption";"C:\Projetos\Atlasweb\Removidos\Config.dfm"
"cDuplicata04_Sub.UniGroupBox18.pFicha11.UniTabSheet3.pAbaFin.UniScrollBox10.UniTabSheet10.Pasta.fConfig";"Duplicata04_Sub";"en-US";"";"Caption";"C:\Projetos\Atlasweb\Removidos\Config.dfm"
"cDuplicata05_Sub.UniGroupBox18.pFicha11.UniTabSheet3.pAbaFin.UniScrollBox10.UniTabSheet10.Pasta.fConfig";"Duplicata05_Sub";"en-US";"";"Caption";"C:\Projetos\Atlasweb\Removidos\Config.dfm"
"cDuplicata06_Sub.UniGroupBox18.pFicha11.UniTabSheet3.pAbaFin.UniScrollBox10.UniTabSheet10.Pasta.fConfig";"Duplicata06_Sub";"en-US";"";"Caption";"C:\Projetos\Atlasweb\Removidos\Config.dfm"
"cDuplicata07_Sub.UniGroupBox18.pFicha11.UniTabSheet3.pAbaFin.UniScrollBox10.UniTabSheet10.Pasta.fConfig";"Duplicata07_Sub";"en-US";"";"Caption";"C:\Projetos\Atlasweb\Removidos\Config.dfm"
"cDuplicata08_Sub.UniGroupBox18.pFicha11.UniTabSheet3.pAbaFin.UniScrollBox10.UniTabSheet10.Pasta.fConfig";"Duplicata08_Sub";"en-US";"";"Caption";"C:\Projetos\Atlasweb\Removidos\Config.dfm"
"cGerar_DuplImpostos.UniGroupBox18.pFicha11.UniTabSheet3.pAbaFin.UniScrollBox10.UniTabSheet10.Pasta.fConfig";"Gerar_DuplImpostos";"en-US";"";"Caption";"C:\Projetos\Atlasweb\Removidos\Config.dfm"
"UniDBRadioGroup11.pFicha11.UniTabSheet3.pAbaFin.UniScrollBox10.UniTabSheet10.Pasta.fConfig";"Vencimentos em final de semana?";"en-US";"";"Caption";"C:\Projetos\Atlasweb\Removidos\Config.dfm"
"UniDBRadioGroup12.pFicha11.UniTabSheet3.pAbaFin.UniScrollBox10.UniTabSheet10.Pasta.fConfig";"Diferença de arredondamento";"en-US";"";"Caption";"C:\Projetos\Atlasweb\Removidos\Config.dfm"
"UniDBRadioGroup13.pFicha11.UniTabSheet3.pAbaFin.UniScrollBox10.UniTabSheet10.Pasta.fConfig";"Vencimentos em final de semana?";"en-US";"";"Caption";"C:\Projetos\Atlasweb\Removidos\Config.dfm"
"UniTabSheet9.pAbaFin.UniScrollBox10.UniTabSheet10.Pasta.fConfig";"Boletos";"en-US";"";"Caption";"C:\Projetos\Atlasweb\Removidos\Config.dfm"
"pFicha13.UniTabSheet9.pAbaFin.UniScrollBox10.UniTabSheet10.Pasta.fConfig";"DADOS GERAIS";"en-US";"";"Title";"C:\Projetos\Atlasweb\Removidos\Config.dfm"
"cBoleto_LocalPagamento.pFicha13.UniTabSheet9.pAbaFin.UniScrollBox10.UniTabSheet10.Pasta.fConfig";"Boleto_LocalPagamento";"en-US";"";"FieldLabel";"C:\Projetos\Atlasweb\Removidos\Config.dfm"
"cBoleto_Instrucoes.pFicha13.UniTabSheet9.pAbaFin.UniScrollBox10.UniTabSheet10.Pasta.fConfig";"Boleto_Instrucoes";"en-US";"";"FieldLabel";"C:\Projetos\Atlasweb\Removidos\Config.dfm"
"cBoleto_Contato.pFicha13.UniTabSheet9.pAbaFin.UniScrollBox10.UniTabSheet10.Pasta.fConfig";"Boleto_Contato";"en-US";"";"Caption";"C:\Projetos\Atlasweb\Removidos\Config.dfm"
"cBoleto_ProtestoDias.pFicha13.UniTabSheet9.pAbaFin.UniScrollBox10.UniTabSheet10.Pasta.fConfig";"Boleto_ProtestoDias";"en-US";"";"FieldLabel";"C:\Projetos\Atlasweb\Removidos\Config.dfm"
"cBoleto_EspecieDOC.pFicha13.UniTabSheet9.pAbaFin.UniScrollBox10.UniTabSheet10.Pasta.fConfig";"Boleto_EspecieDOC";"en-US";"";"FieldLabel";"C:\Projetos\Atlasweb\Removidos\Config.dfm"
"cBoleto_PercentualMulta.pFicha13.UniTabSheet9.pAbaFin.UniScrollBox10.UniTabSheet10.Pasta.fConfig";"Boleto_PercentualMulta";"en-US";"";"FieldLabel";"C:\Projetos\Atlasweb\Removidos\Config.dfm"
"cBoleto_PercentualJuros.pFicha13.UniTabSheet9.pAbaFin.UniScrollBox10.UniTabSheet10.Pasta.fConfig";"Boleto_PercentualJuros";"en-US";"";"FieldLabel";"C:\Projetos\Atlasweb\Removidos\Config.dfm"
"cBoleto_InstrucaoCod.pFicha13.UniTabSheet9.pAbaFin.UniScrollBox10.UniTabSheet10.Pasta.fConfig";"Boleto_InstrucaoCod";"en-US";"";"FieldLabel";"C:\Projetos\Atlasweb\Removidos\Config.dfm"
"cBoleto_InstrucaoCod2.pFicha13.UniTabSheet9.pAbaFin.UniScrollBox10.UniTabSheet10.Pasta.fConfig";"Boleto_InstrucaoCod2";"en-US";"";"FieldLabel";"C:\Projetos\Atlasweb\Removidos\Config.dfm"
"UniTabSheet14.pAbaFin.UniScrollBox10.UniTabSheet10.Pasta.fConfig";"Diversos";"en-US";"";"Caption";"C:\Projetos\Atlasweb\Removidos\Config.dfm"
"pFicha12.UniTabSheet14.pAbaFin.UniScrollBox10.UniTabSheet10.Pasta.fConfig";"DADOS GERAIS";"en-US";"";"Title";"C:\Projetos\Atlasweb\Removidos\Config.dfm"
"cHora_Solicitacao.pFicha12.UniTabSheet14.pAbaFin.UniScrollBox10.UniTabSheet10.Pasta.fConfig";"Hora_Solicitacao";"en-US";"";"FieldLabel";"C:\Projetos\Atlasweb\Removidos\Config.dfm"
"cClassificacao_Pagamento.pFicha12.UniTabSheet14.pAbaFin.UniScrollBox10.UniTabSheet10.Pasta.fConfig";"Classificacao_Pagamento";"en-US";"";"FieldLabel";"C:\Projetos\Atlasweb\Removidos\Config.dfm"
"cCentro_CustoPagamento.pFicha12.UniTabSheet14.pAbaFin.UniScrollBox10.UniTabSheet10.Pasta.fConfig";"Centro_CustoPagamento";"en-US";"";"FieldLabel";"C:\Projetos\Atlasweb\Removidos\Config.dfm"
"cTipo_DocumentoPagamento.pFicha12.UniTabSheet14.pAbaFin.UniScrollBox10.UniTabSheet10.Pasta.fConfig";"Tipo_DocumentoPagamento";"en-US";"";"FieldLabel";"C:\Projetos\Atlasweb\Removidos\Config.dfm"
"cEmprestimoBancario_ClassificacaoR.pFicha12.UniTabSheet14.pAbaFin.UniScrollBox10.UniTabSheet10.Pasta.fConfig";"EmprestimoBancario_ClassificacaoR";"en-US";"";"FieldLabel";"C:\Projetos\Atlasweb\Removidos\Config.dfm"
"cEmprestimoBancario_ClassificacaoP.pFicha12.UniTabSheet14.pAbaFin.UniScrollBox10.UniTabSheet10.Pasta.fConfig";"EmprestimoBancario_ClassificacaoP";"en-US";"";"FieldLabel";"C:\Projetos\Atlasweb\Removidos\Config.dfm"
"cEmprestimoBancario_CentroCusto.pFicha12.UniTabSheet14.pAbaFin.UniScrollBox10.UniTabSheet10.Pasta.fConfig";"EmprestimoBancario_CentroCusto";"en-US";"";"FieldLabel";"C:\Projetos\Atlasweb\Removidos\Config.dfm"
"cEmprestimoBancario_TipoDocumento.pFicha12.UniTabSheet14.pAbaFin.UniScrollBox10.UniTabSheet10.Pasta.fConfig";"EmprestimoBancario_TipoDocumento";"en-US";"";"FieldLabel";"C:\Projetos\Atlasweb\Removidos\Config.dfm"
"cEmprestimoBancario_FormaRecebimento.pFicha12.UniTabSheet14.pAbaFin.UniScrollBox10.UniTabSheet10.Pasta.fConfig";"EmprestimoBancario_FormaRecebimento";"en-US";"";"FieldLabel";"C:\Projetos\Atlasweb\Removidos\Config.dfm"
"cCalculo_Comissao.pFicha12.UniTabSheet14.pAbaFin.UniScrollBox10.UniTabSheet10.Pasta.fConfig";"Calculo_Comissao";"en-US";"";"FieldLabel";"C:\Projetos\Atlasweb\Removidos\Config.dfm"
"cClassificacao_PagamentoTelevendas.pFicha12.UniTabSheet14.pAbaFin.UniScrollBox10.UniTabSheet10.Pasta.fConfig";"Classificacao_PagamentoTelevendas";"en-US";"";"FieldLabel";"C:\Projetos\Atlasweb\Removidos\Config.dfm"
"cCentro_CustoPagamentoTelevendas.pFicha12.UniTabSheet14.pAbaFin.UniScrollBox10.UniTabSheet10.Pasta.fConfig";"Centro_CustoPagamentoTelevendas";"en-US";"";"FieldLabel";"C:\Projetos\Atlasweb\Removidos\Config.dfm"
"cTipo_DocumentoPagamentoTelevendas.pFicha12.UniTabSheet14.pAbaFin.UniScrollBox10.UniTabSheet10.Pasta.fConfig";"Tipo_DocumentoPagamentoTelevendas";"en-US";"";"FieldLabel";"C:\Projetos\Atlasweb\Removidos\Config.dfm"
"cClassificacao_PagamentoOutros.pFicha12.UniTabSheet14.pAbaFin.UniScrollBox10.UniTabSheet10.Pasta.fConfig";"Classificacao_PagamentoOutros";"en-US";"";"FieldLabel";"C:\Projetos\Atlasweb\Removidos\Config.dfm"
"cCentro_CustoPagamentoOutros.pFicha12.UniTabSheet14.pAbaFin.UniScrollBox10.UniTabSheet10.Pasta.fConfig";"Centro_CustoPagamentoOutros";"en-US";"";"FieldLabel";"C:\Projetos\Atlasweb\Removidos\Config.dfm"
"cTipo_DocumentoPagamentoOutros.pFicha12.UniTabSheet14.pAbaFin.UniScrollBox10.UniTabSheet10.Pasta.fConfig";"Tipo_DocumentoPagamentoOutros";"en-US";"";"FieldLabel";"C:\Projetos\Atlasweb\Removidos\Config.dfm"
"UniTabSheet15.Pasta.fConfig";"UniTabSheet15";"en-US";"";"Caption";"C:\Projetos\Atlasweb\Removidos\Config.dfm"
"pFicha15.UniScrollBox15.UniTabSheet15.Pasta.fConfig";"DADOS GERAIS";"en-US";"";"Title";"C:\Projetos\Atlasweb\Removidos\Config.dfm"
"cProcesso_Numero.pFicha15.UniScrollBox15.UniTabSheet15.Pasta.fConfig";"Processo_Numero";"en-US";"";"FieldLabel";"C:\Projetos\Atlasweb\Removidos\Config.dfm"
"cProcesso_DigitosAno.pFicha15.UniScrollBox15.UniTabSheet15.Pasta.fConfig";"Processo_DigitosAno";"en-US";"";"FieldLabel";"C:\Projetos\Atlasweb\Removidos\Config.dfm"
"cBloquear_ProcessoFechado.pFicha15.UniScrollBox15.UniTabSheet15.Pasta.fConfig";"Bloquear_ProcessoFechado";"en-US";"";"Caption";"C:\Projetos\Atlasweb\Removidos\Config.dfm"
"cProcesso_ObrigarFatura.pFicha15.UniScrollBox15.UniTabSheet15.Pasta.fConfig";"Processo_ObrigarFatura";"en-US";"";"Caption";"C:\Projetos\Atlasweb\Removidos\Config.dfm"
"cBloquear_ItemContrato.pFicha15.UniScrollBox15.UniTabSheet15.Pasta.fConfig";"Bloquear_ItemContrato";"en-US";"";"Caption";"C:\Projetos\Atlasweb\Removidos\Config.dfm"
"cValor_DI.pFicha15.UniScrollBox15.UniTabSheet15.Pasta.fConfig";"Valor_DI";"en-US";"";"FieldLabel";"C:\Projetos\Atlasweb\Removidos\Config.dfm"
"UniTabSheet16.Pasta.fConfig";"UniTabSheet16";"en-US";"";"Caption";"C:\Projetos\Atlasweb\Removidos\Config.dfm"
"pFicha16.UniScrollBox16.UniTabSheet16.Pasta.fConfig";"DADOS GERAIS";"en-US";"";"Title";"C:\Projetos\Atlasweb\Removidos\Config.dfm"
"cSISCOMEX_CodigoProduto.pFicha16.UniScrollBox16.UniTabSheet16.Pasta.fConfig";"SISCOMEX_CodigoProduto";"en-US";"";"Caption";"C:\Projetos\Atlasweb\Removidos\Config.dfm"
"cMoeda_Importacao.pFicha16.UniScrollBox16.UniTabSheet16.Pasta.fConfig";"Moeda_Importacao";"en-US";"";"FieldLabel";"C:\Projetos\Atlasweb\Removidos\Config.dfm"
"cRamo_Atividade.pFicha16.UniScrollBox16.UniTabSheet16.Pasta.fConfig";"Ramo_Atividade";"en-US";"";"FieldLabel";"C:\Projetos\Atlasweb\Removidos\Config.dfm"
"cAdicao_PesoLiquido.pFicha16.UniScrollBox16.UniTabSheet16.Pasta.fConfig";"Adicao_PesoLiquido";"en-US";"";"FieldLabel";"C:\Projetos\Atlasweb\Removidos\Config.dfm"
"cProcesso_ImportarFechado.pFicha16.UniScrollBox16.UniTabSheet16.Pasta.fConfig";"Processo_ImportarFechado";"en-US";"";"Caption";"C:\Projetos\Atlasweb\Removidos\Config.dfm"
"cSISCOMEX_MascaraReferencia.pFicha16.UniScrollBox16.UniTabSheet16.Pasta.fConfig";"SISCOMEX_MascaraReferencia";"en-US";"";"FieldLabel";"C:\Projetos\Atlasweb\Removidos\Config.dfm"
"cAFRMM_Calcular.pFicha16.UniScrollBox16.UniTabSheet16.Pasta.fConfig";"AFRMM_Calcular";"en-US";"";"Caption";"C:\Projetos\Atlasweb\Removidos\Config.dfm"
"cAFRMM_Tarifa.pFicha16.UniScrollBox16.UniTabSheet16.Pasta.fConfig";"AFRMM_Tarifa";"en-US";"";"FieldLabel";"C:\Projetos\Atlasweb\Removidos\Config.dfm"
"cAFRMM_Taxa.pFicha16.UniScrollBox16.UniTabSheet16.Pasta.fConfig";"AFRMM_Taxa";"en-US";"";"FieldLabel";"C:\Projetos\Atlasweb\Removidos\Config.dfm"
"cAFRMM_Percentual.pFicha16.UniScrollBox16.UniTabSheet16.Pasta.fConfig";"AFRMM_Percentual";"en-US";"";"FieldLabel";"C:\Projetos\Atlasweb\Removidos\Config.dfm"
"cSISCOMEX_MascaraPosicao.pFicha16.UniScrollBox16.UniTabSheet16.Pasta.fConfig";"SISCOMEX_MascaraPosicao";"en-US";"";"FieldLabel";"C:\Projetos\Atlasweb\Removidos\Config.dfm"
"cSISCOMEX_MascaraPO.pFicha16.UniScrollBox16.UniTabSheet16.Pasta.fConfig";"SISCOMEX_MascaraPO";"en-US";"";"FieldLabel";"C:\Projetos\Atlasweb\Removidos\Config.dfm"
"cSISCOMEX_MascaraITEM.pFicha16.UniScrollBox16.UniTabSheet16.Pasta.fConfig";"SISCOMEX_MascaraITEM";"en-US";"";"FieldLabel";"C:\Projetos\Atlasweb\Removidos\Config.dfm"
"cSISCOMEX_MascaraPOFech.pFicha16.UniScrollBox16.UniTabSheet16.Pasta.fConfig";"SISCOMEX_MascaraPOFech";"en-US";"";"FieldLabel";"C:\Projetos\Atlasweb\Removidos\Config.dfm"
"cSISCOMEX_MascaraITEMFech.pFicha16.UniScrollBox16.UniTabSheet16.Pasta.fConfig";"SISCOMEX_MascaraITEMFech";"en-US";"";"FieldLabel";"C:\Projetos\Atlasweb\Removidos\Config.dfm"
"UniTabSheet17.Pasta.fConfig";"UniTabSheet17";"en-US";"";"Caption";"C:\Projetos\Atlasweb\Removidos\Config.dfm"
"pFicha17.UniScrollBox17.UniTabSheet17.Pasta.fConfig";"DADOS GERAIS";"en-US";"";"Title";"C:\Projetos\Atlasweb\Removidos\Config.dfm"
"cProcesso_FechamentoCSLL.pFicha17.UniScrollBox17.UniTabSheet17.Pasta.fConfig";"Processo_FechamentoCSLL";"en-US";"";"FieldLabel";"C:\Projetos\Atlasweb\Removidos\Config.dfm"
"cProcesso_FechamentoIRPJ.pFicha17.UniScrollBox17.UniTabSheet17.Pasta.fConfig";"Processo_FechamentoIRPJ";"en-US";"";"FieldLabel";"C:\Projetos\Atlasweb\Removidos\Config.dfm"
"cProcesso_FechamentoICMSPagar.pFicha17.UniScrollBox17.UniTabSheet17.Pasta.fConfig";"Processo_FechamentoICMSPagar";"en-US";"";"FieldLabel";"C:\Projetos\Atlasweb\Removidos\Config.dfm"
"cProcesso_FechamentoFDE.pFicha17.UniScrollBox17.UniTabSheet17.Pasta.fConfig";"Processo_FechamentoFDE";"en-US";"";"FieldLabel";"C:\Projetos\Atlasweb\Removidos\Config.dfm"
"cProcesso_FechamentoAssAduaneira.pFicha17.UniScrollBox17.UniTabSheet17.Pasta.fConfig";"Processo_FechamentoAssAduaneira";"en-US";"";"FieldLabel";"C:\Projetos\Atlasweb\Removidos\Config.dfm"
"cProcesso_FechamentoClassPgtoCliente.pFicha17.UniScrollBox17.UniTabSheet17.Pasta.fConfig";"Processo_FechamentoClassPgtoCliente";"en-US";"";"FieldLabel";"C:\Projetos\Atlasweb\Removidos\Config.dfm"
"cProcesso_FechamentoCorrecao.pFicha17.UniScrollBox17.UniTabSheet17.Pasta.fConfig";"Processo_FechamentoCorrecao";"en-US";"";"FieldLabel";"C:\Projetos\Atlasweb\Removidos\Config.dfm"
"cProcesso_FechamentoClassCorrecao.pFicha17.UniScrollBox17.UniTabSheet17.Pasta.fConfig";"Processo_FechamentoClassCorrecao";"en-US";"";"FieldLabel";"C:\Projetos\Atlasweb\Removidos\Config.dfm"
"cProcesso_FechamentoObsTexto.pFicha17.UniScrollBox17.UniTabSheet17.Pasta.fConfig";"Processo_FechamentoObsTexto";"en-US";"";"FieldLabel";"C:\Projetos\Atlasweb\Removidos\Config.dfm"
"cProcesso_FechamentoObservacao.pFicha17.UniScrollBox17.UniTabSheet17.Pasta.fConfig";"Processo_FechamentoObservacao";"en-US";"";"FieldLabel";"C:\Projetos\Atlasweb\Removidos\Config.dfm"
"cProcesso_FechamentoDRE.pFicha17.UniScrollBox17.UniTabSheet17.Pasta.fConfig";"Processo_FechamentoDRE";"en-US";"";"FieldLabel";"C:\Projetos\Atlasweb\Removidos\Config.dfm"
"UniTabSheet18.Pasta.fConfig";"UniTabSheet18";"en-US";"";"Caption";"C:\Projetos\Atlasweb\Removidos\Config.dfm"
"pFicha18.UniScrollBox18.UniTabSheet18.Pasta.fConfig";"DADOS GERAIS";"en-US";"";"Title";"C:\Projetos\Atlasweb\Removidos\Config.dfm"
"cAviso_VencimentoContrato.pFicha18.UniScrollBox18.UniTabSheet18.Pasta.fConfig";"Aviso_VencimentoContrato";"en-US";"";"FieldLabel";"C:\Projetos\Atlasweb\Removidos\Config.dfm"
"cAviso_VencimentoRetorno.pFicha18.UniScrollBox18.UniTabSheet18.Pasta.fConfig";"Aviso_VencimentoRetorno";"en-US";"";"FieldLabel";"C:\Projetos\Atlasweb\Removidos\Config.dfm"
"cVencimento_PISCOFINS.pFicha18.UniScrollBox18.UniTabSheet18.Pasta.fConfig";"Vencimento_PISCOFINS";"en-US";"";"FieldLabel";"C:\Projetos\Atlasweb\Removidos\Config.dfm"
"cVencimento_PISCOFINSDias.pFicha18.UniScrollBox18.UniTabSheet18.Pasta.fConfig";"Vencimento_PISCOFINSDias";"en-US";"";"FieldLabel";"C:\Projetos\Atlasweb\Removidos\Config.dfm"
"cVencimento_FISCAL.pFicha18.UniScrollBox18.UniTabSheet18.Pasta.fConfig";"Vencimento_FISCAL";"en-US";"";"FieldLabel";"C:\Projetos\Atlasweb\Removidos\Config.dfm"
"cVencimento_FISCALDias.pFicha18.UniScrollBox18.UniTabSheet18.Pasta.fConfig";"Vencimento_FISCALDias";"en-US";"";"FieldLabel";"C:\Projetos\Atlasweb\Removidos\Config.dfm"
"cVencimento_CONTABIL.pFicha18.UniScrollBox18.UniTabSheet18.Pasta.fConfig";"Vencimento_CONTABIL";"en-US";"";"FieldLabel";"C:\Projetos\Atlasweb\Removidos\Config.dfm"
"cVencimento_CONTABILDias.pFicha18.UniScrollBox18.UniTabSheet18.Pasta.fConfig";"Vencimento_CONTABILDias";"en-US";"";"FieldLabel";"C:\Projetos\Atlasweb\Removidos\Config.dfm"
"cVencimento_CONTABILMes.pFicha18.UniScrollBox18.UniTabSheet18.Pasta.fConfig";"Vencimento_CONTABILMes";"en-US";"";"FieldLabel";"C:\Projetos\Atlasweb\Removidos\Config.dfm"
"cVencimento_SINTEGRA.pFicha18.UniScrollBox18.UniTabSheet18.Pasta.fConfig";"Vencimento_SINTEGRA";"en-US";"";"FieldLabel";"C:\Projetos\Atlasweb\Removidos\Config.dfm"
"cVencimento_SINTEGRADias.pFicha18.UniScrollBox18.UniTabSheet18.Pasta.fConfig";"Vencimento_SINTEGRADias";"en-US";"";"FieldLabel";"C:\Projetos\Atlasweb\Removidos\Config.dfm"
"cAviso_VencimentoRadar.pFicha18.UniScrollBox18.UniTabSheet18.Pasta.fConfig";"Aviso_VencimentoRadar";"en-US";"";"FieldLabel";"C:\Projetos\Atlasweb\Removidos\Config.dfm"
"cAviso_VencimentoVinculacao.pFicha18.UniScrollBox18.UniTabSheet18.Pasta.fConfig";"Aviso_VencimentoVinculacao";"en-US";"";"FieldLabel";"C:\Projetos\Atlasweb\Removidos\Config.dfm"
"cAviso_MovimentoMinimo.pFicha18.UniScrollBox18.UniTabSheet18.Pasta.fConfig";"Aviso_MovimentoMinimo";"en-US";"";"FieldLabel";"C:\Projetos\Atlasweb\Removidos\Config.dfm"
"cAviso_MovimentoMaximo.pFicha18.UniScrollBox18.UniTabSheet18.Pasta.fConfig";"Aviso_MovimentoMaximo";"en-US";"";"FieldLabel";"C:\Projetos\Atlasweb\Removidos\Config.dfm"
"UniTabSheet19.Pasta.fConfig";"UniTabSheet19";"en-US";"";"Caption";"C:\Projetos\Atlasweb\Removidos\Config.dfm"
"pFicha19.UniScrollBox19.UniTabSheet19.Pasta.fConfig";"DADOS GERAIS";"en-US";"";"Title";"C:\Projetos\Atlasweb\Removidos\Config.dfm"
"cCompartilhar_Bancos.pFicha19.UniScrollBox19.UniTabSheet19.Pasta.fConfig";"Compartilhar_Bancos";"en-US";"";"Caption";"C:\Projetos\Atlasweb\Removidos\Config.dfm"
"cCompartilhar_Classificacao.pFicha19.UniScrollBox19.UniTabSheet19.Pasta.fConfig";"Compartilhar_Classificacao";"en-US";"";"Caption";"C:\Projetos\Atlasweb\Removidos\Config.dfm"
"cAtualiza_Data.pFicha19.UniScrollBox19.UniTabSheet19.Pasta.fConfig";"Atualiza_Data";"en-US";"";"FieldLabel";"C:\Projetos\Atlasweb\Removidos\Config.dfm"
"cPrazo_Log.pFicha19.UniScrollBox19.UniTabSheet19.Pasta.fConfig";"Prazo_Log";"en-US";"";"FieldLabel";"C:\Projetos\Atlasweb\Removidos\Config.dfm"
"cXMLTerceiros_Codigo.pFicha19.UniScrollBox19.UniTabSheet19.Pasta.fConfig";"XMLTerceiros_Codigo";"en-US";"";"Caption";"C:\Projetos\Atlasweb\Removidos\Config.dfm"
"cAtualiza_Anterior.pFicha19.UniScrollBox19.UniTabSheet19.Pasta.fConfig";"Atualiza_Anterior";"en-US";"";"FieldLabel";"C:\Projetos\Atlasweb\Removidos\Config.dfm"
"UniTabSheet20.Pasta.fConfig";"Televendas";"en-US";"";"Caption";"C:\Projetos\Atlasweb\Removidos\Config.dfm"
"pFicha20.UniScrollBox20.UniTabSheet20.Pasta.fConfig";"DADOS GERAIS";"en-US";"";"Title";"C:\Projetos\Atlasweb\Removidos\Config.dfm"
"cTelevendas_Transportador.pFicha20.UniScrollBox20.UniTabSheet20.Pasta.fConfig";"Transportador";"en-US";"";"FieldLabel";"C:\Projetos\Atlasweb\Removidos\Config.dfm"
"cTelevendas_ModalidadeFrete.pFicha20.UniScrollBox20.UniTabSheet20.Pasta.fConfig";"Modalidade de Frete";"en-US";"";"FieldLabel";"C:\Projetos\Atlasweb\Removidos\Config.dfm"
"cTelevendas_TipoNota.pFicha20.UniScrollBox20.UniTabSheet20.Pasta.fConfig";"Tipo de Nota";"en-US";"";"FieldLabel";"C:\Projetos\Atlasweb\Removidos\Config.dfm"
"cTelevendas_NaturezaDentro.pFicha20.UniScrollBox20.UniTabSheet20.Pasta.fConfig";"Natureza Operação (Dentro do Estado)";"en-US";"";"FieldLabel";"C:\Projetos\Atlasweb\Removidos\Config.dfm"
"cTelevendas_NaturezaFora.pFicha20.UniScrollBox20.UniTabSheet20.Pasta.fConfig";"Natureza Operação (Fora do Estado)";"en-US";"";"FieldLabel";"C:\Projetos\Atlasweb\Removidos\Config.dfm"
"cTelevendas_ModalidadePgto.pFicha20.UniScrollBox20.UniTabSheet20.Pasta.fConfig";"Modalidade Pgto";"en-US";"";"FieldLabel";"C:\Projetos\Atlasweb\Removidos\Config.dfm"
"fFatPedidoNFItem";"Item do Pedido";"en-US";"";"Caption";"C:\Projetos\Atlasweb\Removidos\FatPedidoNFItem.dfm"
"bAddItem.UniPanel3.fFatPedidoNFItem";"Salvar";"en-US";"";"Caption";"C:\Projetos\Atlasweb\Removidos\FatPedidoNFItem.dfm"
"bAddTudo.UniPanel3.fFatPedidoNFItem";"Cancelar";"en-US";"";"Caption";"C:\Projetos\Atlasweb\Removidos\FatPedidoNFItem.dfm"
"UniTabSheet1.UniPageControl1.fFatPedidoNFItem";"Item";"en-US";"";"Caption";"C:\Projetos\Atlasweb\Removidos\FatPedidoNFItem.dfm"
"cQtde.UniTabSheet1.UniPageControl1.fFatPedidoNFItem";"Quantidade";"en-US";"";"FieldLabel";"C:\Projetos\Atlasweb\Removidos\FatPedidoNFItem.dfm"
"cPercentual_Desconto.UniTabSheet1.UniPageControl1.fFatPedidoNFItem";"% Desconto";"en-US";"";"FieldLabel";"C:\Projetos\Atlasweb\Removidos\FatPedidoNFItem.dfm"
"cValor_Desconto.UniTabSheet1.UniPageControl1.fFatPedidoNFItem";"Valor Desconto";"en-US";"";"FieldLabel";"C:\Projetos\Atlasweb\Removidos\FatPedidoNFItem.dfm"
"cProduto.UniTabSheet1.UniPageControl1.fFatPedidoNFItem";"Produto";"en-US";"";"FieldLabel";"C:\Projetos\Atlasweb\Removidos\FatPedidoNFItem.dfm"
"cCFOP.UniTabSheet1.UniPageControl1.fFatPedidoNFItem";"CFOP";"en-US";"";"FieldLabel";"C:\Projetos\Atlasweb\Removidos\FatPedidoNFItem.dfm"
"cProcesso.UniTabSheet1.UniPageControl1.fFatPedidoNFItem";"Processo";"en-US";"";"FieldLabel";"C:\Projetos\Atlasweb\Removidos\FatPedidoNFItem.dfm"
"cPO.UniTabSheet1.UniPageControl1.fFatPedidoNFItem";"Pedido Compra";"en-US";"";"FieldLabel";"C:\Projetos\Atlasweb\Removidos\FatPedidoNFItem.dfm"
"cOrdem.UniTabSheet1.UniPageControl1.fFatPedidoNFItem";"Ordem";"en-US";"";"FieldLabel";"C:\Projetos\Atlasweb\Removidos\FatPedidoNFItem.dfm"
"cValor_Total.UniTabSheet1.UniPageControl1.fFatPedidoNFItem";"Total";"en-US";"";"FieldLabel";"C:\Projetos\Atlasweb\Removidos\FatPedidoNFItem.dfm"
"cValor_Unitario.UniTabSheet1.UniPageControl1.fFatPedidoNFItem";"Valor Unitário";"en-US";"";"FieldLabel";"C:\Projetos\Atlasweb\Removidos\FatPedidoNFItem.dfm"
"UniLabel16.UniTabSheet1.UniPageControl1.fFatPedidoNFItem";"IMPOSTO";"en-US";"";"Caption";"C:\Projetos\Atlasweb\Removidos\FatPedidoNFItem.dfm"
"UniLabel27.UniTabSheet1.UniPageControl1.fFatPedidoNFItem";"BASE DE CÁLCULO";"en-US";"";"Caption";"C:\Projetos\Atlasweb\Removidos\FatPedidoNFItem.dfm"
"UniLabel28.UniTabSheet1.UniPageControl1.fFatPedidoNFItem";"ALÍQUOTA";"en-US";"";"Caption";"C:\Projetos\Atlasweb\Removidos\FatPedidoNFItem.dfm"
"UniLabel29.UniTabSheet1.UniPageControl1.fFatPedidoNFItem";"VALOR";"en-US";"";"Caption";"C:\Projetos\Atlasweb\Removidos\FatPedidoNFItem.dfm"
"UniLabel30.UniTabSheet1.UniPageControl1.fFatPedidoNFItem";"TOTAIS";"en-US";"";"Caption";"C:\Projetos\Atlasweb\Removidos\FatPedidoNFItem.dfm"
"UniGroupBox1.UniTabSheet1.UniPageControl1.fFatPedidoNFItem";"Estoque";"en-US";"";"Caption";"C:\Projetos\Atlasweb\Removidos\FatPedidoNFItem.dfm"
"UniFormattedNumberEdit1.UniGroupBox1.UniTabSheet1.UniPageControl1.fFatPedidoNFItem";"Estoque Minímo";"en-US";"";"FieldLabel";"C:\Projetos\Atlasweb\Removidos\FatPedidoNFItem.dfm"
"UniFormattedNumberEdit2.UniGroupBox1.UniTabSheet1.UniPageControl1.fFatPedidoNFItem";"Estoque Atual";"en-US";"";"FieldLabel";"C:\Projetos\Atlasweb\Removidos\FatPedidoNFItem.dfm"
"UniFormattedNumberEdit3.UniGroupBox1.UniTabSheet1.UniPageControl1.fFatPedidoNFItem";"Inventário Atual";"en-US";"";"FieldLabel";"C:\Projetos\Atlasweb\Removidos\FatPedidoNFItem.dfm"
"UniFormattedNumberEdit4.UniGroupBox1.UniTabSheet1.UniPageControl1.fFatPedidoNFItem";"Detalhe/Lote";"en-US";"";"FieldLabel";"C:\Projetos\Atlasweb\Removidos\FatPedidoNFItem.dfm"
"UniFormattedNumberEdit5.UniGroupBox1.UniTabSheet1.UniPageControl1.fFatPedidoNFItem";"Estoque Navio";"en-US";"";"FieldLabel";"C:\Projetos\Atlasweb\Removidos\FatPedidoNFItem.dfm"
"UniPanel1.UniTabSheet1.UniPageControl1.fFatPedidoNFItem";"Imposto de Importação - (II)";"en-US";"";"Title";"C:\Projetos\Atlasweb\Removidos\FatPedidoNFItem.dfm"
"UniLabel17.UniPanel1.UniTabSheet1.UniPageControl1.fFatPedidoNFItem";"II";"en-US";"";"Caption";"C:\Projetos\Atlasweb\Removidos\FatPedidoNFItem.dfm"
"UniLabel18.UniPanel4.UniTabSheet1.UniPageControl1.fFatPedidoNFItem";"IPI";"en-US";"";"Caption";"C:\Projetos\Atlasweb\Removidos\FatPedidoNFItem.dfm"
"UniLabel19.UniPanel4.UniTabSheet1.UniPageControl1.fFatPedidoNFItem";"Outras de IPI";"en-US";"";"Caption";"C:\Projetos\Atlasweb\Removidos\FatPedidoNFItem.dfm"
"UniLabel31.UniPanel4.UniTabSheet1.UniPageControl1.fFatPedidoNFItem";"Isentas de IPI";"en-US";"";"Caption";"C:\Projetos\Atlasweb\Removidos\FatPedidoNFItem.dfm"
"UniLabel8.UniPanel4.UniTabSheet1.UniPageControl1.fFatPedidoNFItem";"CST IPI";"en-US";"";"Caption";"C:\Projetos\Atlasweb\Removidos\FatPedidoNFItem.dfm"
"UniLabel20.UniPanel5.UniTabSheet1.UniPageControl1.fFatPedidoNFItem";"PIS";"en-US";"";"Caption";"C:\Projetos\Atlasweb\Removidos\FatPedidoNFItem.dfm"
"UniLabel21.UniPanel5.UniTabSheet1.UniPageControl1.fFatPedidoNFItem";"COFINS";"en-US";"";"Caption";"C:\Projetos\Atlasweb\Removidos\FatPedidoNFItem.dfm"
"UniLabel9.UniPanel5.UniTabSheet1.UniPageControl1.fFatPedidoNFItem";"CST PIS";"en-US";"";"Caption";"C:\Projetos\Atlasweb\Removidos\FatPedidoNFItem.dfm"
"UniLabel10.UniPanel5.UniTabSheet1.UniPageControl1.fFatPedidoNFItem";"CST COFINS";"en-US";"";"Caption";"C:\Projetos\Atlasweb\Removidos\FatPedidoNFItem.dfm"
"cICMSAnt.UniPanel6.UniTabSheet1.UniPageControl1.fFatPedidoNFItem";"ICMS cobrado anteriormente por substituição tributária.";"en-US";"";"Caption";"C:\Projetos\Atlasweb\Removidos\FatPedidoNFItem.dfm"
"UniLabel22.UniPanel6.UniTabSheet1.UniPageControl1.fFatPedidoNFItem";"ICMS Operacional";"en-US";"";"Caption";"C:\Projetos\Atlasweb\Removidos\FatPedidoNFItem.dfm"
"UniLabel23.UniPanel6.UniTabSheet1.UniPageControl1.fFatPedidoNFItem";"ICMS ST";"en-US";"";"Caption";"C:\Projetos\Atlasweb\Removidos\FatPedidoNFItem.dfm"
"UniLabel24.UniPanel6.UniTabSheet1.UniPageControl1.fFatPedidoNFItem";"ICMS Diferido";"en-US";"";"Caption";"C:\Projetos\Atlasweb\Removidos\FatPedidoNFItem.dfm"
"UniLabel25.UniPanel6.UniTabSheet1.UniPageControl1.fFatPedidoNFItem";"Outras ICMS";"en-US";"";"Caption";"C:\Projetos\Atlasweb\Removidos\FatPedidoNFItem.dfm"
"UniLabel32.UniPanel6.UniTabSheet1.UniPageControl1.fFatPedidoNFItem";"Isentas ICMS";"en-US";"";"Caption";"C:\Projetos\Atlasweb\Removidos\FatPedidoNFItem.dfm"
"UniLabel4.UniPanel6.UniTabSheet1.UniPageControl1.fFatPedidoNFItem";"ICMS Monofásico";"en-US";"";"Caption";"C:\Projetos\Atlasweb\Removidos\FatPedidoNFItem.dfm"
"UniLabel5.UniPanel6.UniTabSheet1.UniPageControl1.fFatPedidoNFItem";"ICMS Monofásico(Ret)";"en-US";"";"Caption";"C:\Projetos\Atlasweb\Removidos\FatPedidoNFItem.dfm"
"UniLabel6.UniPanel6.UniTabSheet1.UniPageControl1.fFatPedidoNFItem";"ICMS ST Rec. Ant.";"en-US";"";"Caption";"C:\Projetos\Atlasweb\Removidos\FatPedidoNFItem.dfm"
"UniLabel11.UniPanel6.UniTabSheet1.UniPageControl1.fFatPedidoNFItem";"CST ICMS Tabela (A)";"en-US";"";"Caption";"C:\Projetos\Atlasweb\Removidos\FatPedidoNFItem.dfm"
"UniLabel12.UniPanel6.UniTabSheet1.UniPageControl1.fFatPedidoNFItem";"CST ICMS Tabela (B)";"en-US";"";"Caption";"C:\Projetos\Atlasweb\Removidos\FatPedidoNFItem.dfm"
"UniLabel26.UniPanel7.UniTabSheet1.UniPageControl1.fFatPedidoNFItem";"MVA";"en-US";"";"Caption";"C:\Projetos\Atlasweb\Removidos\FatPedidoNFItem.dfm"
"UniLabel1.UniPanel8.UniTabSheet1.UniPageControl1.fFatPedidoNFItem";"IS";"en-US";"";"Caption";"C:\Projetos\Atlasweb\Removidos\FatPedidoNFItem.dfm"
"UniLabel2.UniPanel9.UniTabSheet1.UniPageControl1.fFatPedidoNFItem";"IBS";"en-US";"";"Caption";"C:\Projetos\Atlasweb\Removidos\FatPedidoNFItem.dfm"
"UniLabel13.UniPanel9.UniTabSheet1.UniPageControl1.fFatPedidoNFItem";"CST IBS";"en-US";"";"Caption";"C:\Projetos\Atlasweb\Removidos\FatPedidoNFItem.dfm"
"UniLabel3.UniPanel2.UniTabSheet1.UniPageControl1.fFatPedidoNFItem";"CBS";"en-US";"";"Caption";"C:\Projetos\Atlasweb\Removidos\FatPedidoNFItem.dfm"
"UniLabel14.UniPanel2.UniTabSheet1.UniPageControl1.fFatPedidoNFItem";"CST CBS";"en-US";"";"Caption";"C:\Projetos\Atlasweb\Removidos\FatPedidoNFItem.dfm"
"bAddItem.UniPanel3.fFatPedidoNFItem2";"Salvar";"en-US";"";"Caption";"C:\Projetos\Atlasweb\Removidos\FatPedidoNFItem2.dfm"
"bAddTudo.UniPanel3.fFatPedidoNFItem2";"Cancelar";"en-US";"";"Caption";"C:\Projetos\Atlasweb\Removidos\FatPedidoNFItem2.dfm"
"UniTabSheet3.UniPageControl1.fFatPedidoNFItem2";"Itens do Pedido";"en-US";"";"Caption";"C:\Projetos\Atlasweb\Removidos\FatPedidoNFItem2.dfm"
"UniPanel5.UniTabSheet3.UniPageControl1.fFatPedidoNFItem2";"Imposto sobre Circulação de Mercadorias e Serviços - ICMS";"en-US";"";"Title";"C:\Projetos\Atlasweb\Removidos\FatPedidoNFItem2.dfm"
"cValor_BCICMSOp.UniPanel5.UniTabSheet3.UniPageControl1.fFatPedidoNFItem2";"BC ICMS Oper.";"en-US";"";"FieldLabel";"C:\Projetos\Atlasweb\Removidos\FatPedidoNFItem2.dfm"
"cValor_ICMS.UniPanel5.UniTabSheet3.UniPageControl1.fFatPedidoNFItem2";"Valor";"en-US";"";"FieldLabel";"C:\Projetos\Atlasweb\Removidos\FatPedidoNFItem2.dfm"
"cTotalICMSOp.UniPanel5.UniTabSheet3.UniPageControl1.fFatPedidoNFItem2";"Total";"en-US";"";"FieldLabel";"C:\Projetos\Atlasweb\Removidos\FatPedidoNFItem2.dfm"
"UniDBLookupComboBox3.UniPanel5.UniTabSheet3.UniPageControl1.fFatPedidoNFItem2";"CST - Tabela A";"en-US";"";"FieldLabel";"C:\Projetos\Atlasweb\Removidos\FatPedidoNFItem2.dfm"
"cCSTICMS.UniPanel5.UniTabSheet3.UniPageControl1.fFatPedidoNFItem2";"CST -  Tabela B";"en-US";"";"FieldLabel";"C:\Projetos\Atlasweb\Removidos\FatPedidoNFItem2.dfm"
"cAliquota_ICMSOp.UniPanel5.UniTabSheet3.UniPageControl1.fFatPedidoNFItem2";"Alíquota";"en-US";"";"FieldLabel";"C:\Projetos\Atlasweb\Removidos\FatPedidoNFItem2.dfm"
"UniDBFormattedNumberEdit2.UniPanel5.UniTabSheet3.UniPageControl1.fFatPedidoNFItem2";"BC ICMS Mono";"en-US";"";"FieldLabel";"C:\Projetos\Atlasweb\Removidos\FatPedidoNFItem2.dfm"
"cTotalICMSMono.UniPanel5.UniTabSheet3.UniPageControl1.fFatPedidoNFItem2";"Total";"en-US";"";"FieldLabel";"C:\Projetos\Atlasweb\Removidos\FatPedidoNFItem2.dfm"
"cTotalICMSMonoRet.UniPanel5.UniTabSheet3.UniPageControl1.fFatPedidoNFItem2";"Total";"en-US";"";"FieldLabel";"C:\Projetos\Atlasweb\Removidos\FatPedidoNFItem2.dfm"
"UniDBFormattedNumberEdit15.UniPanel5.UniTabSheet3.UniPageControl1.fFatPedidoNFItem2";"Valor";"en-US";"";"FieldLabel";"C:\Projetos\Atlasweb\Removidos\FatPedidoNFItem2.dfm"
"UniDBFormattedNumberEdit14.UniPanel5.UniTabSheet3.UniPageControl1.fFatPedidoNFItem2";"Alíquota";"en-US";"";"FieldLabel";"C:\Projetos\Atlasweb\Removidos\FatPedidoNFItem2.dfm"
"UniDBFormattedNumberEdit4.UniPanel5.UniTabSheet3.UniPageControl1.fFatPedidoNFItem2";"BC ICMS Mono Ret";"en-US";"";"FieldLabel";"C:\Projetos\Atlasweb\Removidos\FatPedidoNFItem2.dfm"
"UniDBFormattedNumberEdit3.UniPanel5.UniTabSheet3.UniPageControl1.fFatPedidoNFItem2";"Valor";"en-US";"";"FieldLabel";"C:\Projetos\Atlasweb\Removidos\FatPedidoNFItem2.dfm"
"UniDBFormattedNumberEdit1.UniPanel5.UniTabSheet3.UniPageControl1.fFatPedidoNFItem2";"Alíquota";"en-US";"";"FieldLabel";"C:\Projetos\Atlasweb\Removidos\FatPedidoNFItem2.dfm"
"cValor_ICMSST.UniPanel5.UniTabSheet3.UniPageControl1.fFatPedidoNFItem2";"Valor";"en-US";"";"FieldLabel";"C:\Projetos\Atlasweb\Removidos\FatPedidoNFItem2.dfm"
"cTotalICMSSTAnt.UniPanel5.UniTabSheet3.UniPageControl1.fFatPedidoNFItem2";"Total";"en-US";"";"FieldLabel";"C:\Projetos\Atlasweb\Removidos\FatPedidoNFItem2.dfm"
"cValor_ICMSSTAnt.UniPanel5.UniTabSheet3.UniPageControl1.fFatPedidoNFItem2";"Valor";"en-US";"";"FieldLabel";"C:\Projetos\Atlasweb\Removidos\FatPedidoNFItem2.dfm"
"cValor_BCICMSSTAnt.UniPanel5.UniTabSheet3.UniPageControl1.fFatPedidoNFItem2";"BC - Recolhido Ant";"en-US";"";"FieldLabel";"C:\Projetos\Atlasweb\Removidos\FatPedidoNFItem2.dfm"
"cAliquota_ICMSSTAnt.UniPanel5.UniTabSheet3.UniPageControl1.fFatPedidoNFItem2";"Alíquota";"en-US";"";"FieldLabel";"C:\Projetos\Atlasweb\Removidos\FatPedidoNFItem2.dfm"
"cTotalICMSST.UniPanel5.UniTabSheet3.UniPageControl1.fFatPedidoNFItem2";"Total";"en-US";"";"FieldLabel";"C:\Projetos\Atlasweb\Removidos\FatPedidoNFItem2.dfm"
"cValor_BCICMSST.UniPanel5.UniTabSheet3.UniPageControl1.fFatPedidoNFItem2";"BC ICMS ST";"en-US";"";"FieldLabel";"C:\Projetos\Atlasweb\Removidos\FatPedidoNFItem2.dfm"
"cAliquota_ICMSST.UniPanel5.UniTabSheet3.UniPageControl1.fFatPedidoNFItem2";"Alíquota";"en-US";"";"FieldLabel";"C:\Projetos\Atlasweb\Removidos\FatPedidoNFItem2.dfm"
"cAliquota_MVA.UniPanel5.UniTabSheet3.UniPageControl1.fFatPedidoNFItem2";"Alíquota";"en-US";"";"FieldLabel";"C:\Projetos\Atlasweb\Removidos\FatPedidoNFItem2.dfm"
"cValor_BCMVA.UniPanel5.UniTabSheet3.UniPageControl1.fFatPedidoNFItem2";"BC MVA";"en-US";"";"FieldLabel";"C:\Projetos\Atlasweb\Removidos\FatPedidoNFItem2.dfm"
"cValor_MVA.UniPanel5.UniTabSheet3.UniPageControl1.fFatPedidoNFItem2";"Valor";"en-US";"";"FieldLabel";"C:\Projetos\Atlasweb\Removidos\FatPedidoNFItem2.dfm"
"cTotalMVA.UniPanel5.UniTabSheet3.UniPageControl1.fFatPedidoNFItem2";"Total";"en-US";"";"FieldLabel";"C:\Projetos\Atlasweb\Removidos\FatPedidoNFItem2.dfm"
"cAliquota_ICMSDif.UniPanel5.UniTabSheet3.UniPageControl1.fFatPedidoNFItem2";"Alíquota";"en-US";"";"FieldLabel";"C:\Projetos\Atlasweb\Removidos\FatPedidoNFItem2.dfm"
"cTotalICMSDif.UniPanel5.UniTabSheet3.UniPageControl1.fFatPedidoNFItem2";"Total";"en-US";"";"FieldLabel";"C:\Projetos\Atlasweb\Removidos\FatPedidoNFItem2.dfm"
"cValor_ICMSDif.UniPanel5.UniTabSheet3.UniPageControl1.fFatPedidoNFItem2";"Valor";"en-US";"";"FieldLabel";"C:\Projetos\Atlasweb\Removidos\FatPedidoNFItem2.dfm"
"UniDBFormattedNumberEdit22.UniPanel5.UniTabSheet3.UniPageControl1.fFatPedidoNFItem2";"BC ICMS Diferido";"en-US";"";"FieldLabel";"C:\Projetos\Atlasweb\Removidos\FatPedidoNFItem2.dfm"
"UniDBFormattedNumberEdit23.UniPanel5.UniTabSheet3.UniPageControl1.fFatPedidoNFItem2";"ICMS Anterior";"en-US";"";"FieldLabel";"C:\Projetos\Atlasweb\Removidos\FatPedidoNFItem2.dfm"
"cICMSAnt.UniPanel5.UniTabSheet3.UniPageControl1.fFatPedidoNFItem2";"ICMS cobrado anteriormente por substituição tributária.";"en-US";"";"Caption";"C:\Projetos\Atlasweb\Removidos\FatPedidoNFItem2.dfm"
"cValor_OutrasICMS.UniPanel5.UniTabSheet3.UniPageControl1.fFatPedidoNFItem2";"Outras de ICMS";"en-US";"";"FieldLabel";"C:\Projetos\Atlasweb\Removidos\FatPedidoNFItem2.dfm"
"cValor_IsentasICMS.UniPanel5.UniTabSheet3.UniPageControl1.fFatPedidoNFItem2";"Isentas de ICMS";"en-US";"";"FieldLabel";"C:\Projetos\Atlasweb\Removidos\FatPedidoNFItem2.dfm"
"cTotalOutrasICMS.UniPanel5.UniTabSheet3.UniPageControl1.fFatPedidoNFItem2";"Total";"en-US";"";"FieldLabel";"C:\Projetos\Atlasweb\Removidos\FatPedidoNFItem2.dfm"
"cTotalIsentasICMS.UniPanel5.UniTabSheet3.UniPageControl1.fFatPedidoNFItem2";"Total";"en-US";"";"FieldLabel";"C:\Projetos\Atlasweb\Removidos\FatPedidoNFItem2.dfm"
"UniDBFormattedNumberEdit10.UniPanel5.UniTabSheet3.UniPageControl1.fFatPedidoNFItem2";"Alíquota";"en-US";"";"FieldLabel";"C:\Projetos\Atlasweb\Removidos\FatPedidoNFItem2.dfm"
"cTotalICMSPresumido.UniPanel5.UniTabSheet3.UniPageControl1.fFatPedidoNFItem2";"Total";"en-US";"";"FieldLabel";"C:\Projetos\Atlasweb\Removidos\FatPedidoNFItem2.dfm"
"UniDBFormattedNumberEdit31.UniPanel5.UniTabSheet3.UniPageControl1.fFatPedidoNFItem2";"Valor";"en-US";"";"FieldLabel";"C:\Projetos\Atlasweb\Removidos\FatPedidoNFItem2.dfm"
"UniDBFormattedNumberEdit32.UniPanel5.UniTabSheet3.UniPageControl1.fFatPedidoNFItem2";"BC ICMS Presumido";"en-US";"";"FieldLabel";"C:\Projetos\Atlasweb\Removidos\FatPedidoNFItem2.dfm"
"cValor_ICMSDesonerado.UniPanel5.UniTabSheet3.UniPageControl1.fFatPedidoNFItem2";"Total";"en-US";"";"FieldLabel";"C:\Projetos\Atlasweb\Removidos\FatPedidoNFItem2.dfm"
"UniDBFormattedNumberEdit37.UniPanel5.UniTabSheet3.UniPageControl1.fFatPedidoNFItem2";"BC ICMS Presumido";"en-US";"";"FieldLabel";"C:\Projetos\Atlasweb\Removidos\FatPedidoNFItem2.dfm"
"UniDBFormattedNumberEdit35.UniPanel5.UniTabSheet3.UniPageControl1.fFatPedidoNFItem2";"Cód Cred.Pres.";"en-US";"";"FieldLabel";"C:\Projetos\Atlasweb\Removidos\FatPedidoNFItem2.dfm"
"UniDBFormattedNumberEdit36.UniPanel5.UniTabSheet3.UniPageControl1.fFatPedidoNFItem2";"Cód Benefício Fiscal";"en-US";"";"FieldLabel";"C:\Projetos\Atlasweb\Removidos\FatPedidoNFItem2.dfm"
"UniPanel6.UniTabSheet3.UniPageControl1.fFatPedidoNFItem2";"Programa de Integração Social - PIS";"en-US";"";"Title";"C:\Projetos\Atlasweb\Removidos\FatPedidoNFItem2.dfm"
"cValor_BCPIS.UniPanel6.UniTabSheet3.UniPageControl1.fFatPedidoNFItem2";"BC PIS";"en-US";"";"FieldLabel";"C:\Projetos\Atlasweb\Removidos\FatPedidoNFItem2.dfm"
"cTotalPIS.UniPanel6.UniTabSheet3.UniPageControl1.fFatPedidoNFItem2";"Total";"en-US";"";"FieldLabel";"C:\Projetos\Atlasweb\Removidos\FatPedidoNFItem2.dfm"
"cValor_PIS.UniPanel6.UniTabSheet3.UniPageControl1.fFatPedidoNFItem2";"Valor";"en-US";"";"FieldLabel";"C:\Projetos\Atlasweb\Removidos\FatPedidoNFItem2.dfm"
"cAliquota_PIS.UniPanel6.UniTabSheet3.UniPageControl1.fFatPedidoNFItem2";"Alíquota";"en-US";"";"FieldLabel";"C:\Projetos\Atlasweb\Removidos\FatPedidoNFItem2.dfm"
"cCSTPIS.UniPanel6.UniTabSheet3.UniPageControl1.fFatPedidoNFItem2";"CST PIS";"en-US";"";"FieldLabel";"C:\Projetos\Atlasweb\Removidos\FatPedidoNFItem2.dfm"
"UniDBFormattedNumberEdit8.UniPanel6.UniTabSheet3.UniPageControl1.fFatPedidoNFItem2";"PIS ST";"en-US";"";"FieldLabel";"C:\Projetos\Atlasweb\Removidos\FatPedidoNFItem2.dfm"
"cTotalPISST.UniPanel6.UniTabSheet3.UniPageControl1.fFatPedidoNFItem2";"Total";"en-US";"";"FieldLabel";"C:\Projetos\Atlasweb\Removidos\FatPedidoNFItem2.dfm"
"UniPanel7.UniTabSheet3.UniPageControl1.fFatPedidoNFItem2";"Imposto sobre Produtos Industrializados - IPI";"en-US";"";"Title";"C:\Projetos\Atlasweb\Removidos\FatPedidoNFItem2.dfm"
"cCSTIPI.UniPanel7.UniTabSheet3.UniPageControl1.fFatPedidoNFItem2";"CST IPI";"en-US";"";"FieldLabel";"C:\Projetos\Atlasweb\Removidos\FatPedidoNFItem2.dfm"
"cAliquota_IPI.UniPanel7.UniTabSheet3.UniPageControl1.fFatPedidoNFItem2";"Alíquota";"en-US";"";"FieldLabel";"C:\Projetos\Atlasweb\Removidos\FatPedidoNFItem2.dfm"
"cValor_BCIPI.UniPanel7.UniTabSheet3.UniPageControl1.fFatPedidoNFItem2";"BC IPI";"en-US";"";"FieldLabel";"C:\Projetos\Atlasweb\Removidos\FatPedidoNFItem2.dfm"
"cValor_IPI.UniPanel7.UniTabSheet3.UniPageControl1.fFatPedidoNFItem2";"Valor";"en-US";"";"FieldLabel";"C:\Projetos\Atlasweb\Removidos\FatPedidoNFItem2.dfm"
"cValor_OutrasIPI.UniPanel7.UniTabSheet3.UniPageControl1.fFatPedidoNFItem2";"Outras de IPI";"en-US";"";"FieldLabel";"C:\Projetos\Atlasweb\Removidos\FatPedidoNFItem2.dfm"
"cTotalIPI.UniPanel7.UniTabSheet3.UniPageControl1.fFatPedidoNFItem2";"Total";"en-US";"";"FieldLabel";"C:\Projetos\Atlasweb\Removidos\FatPedidoNFItem2.dfm"
"cTotalOutrasIPI.UniPanel7.UniTabSheet3.UniPageControl1.fFatPedidoNFItem2";"Total";"en-US";"";"FieldLabel";"C:\Projetos\Atlasweb\Removidos\FatPedidoNFItem2.dfm"
"cValor_IsentasIPI.UniPanel7.UniTabSheet3.UniPageControl1.fFatPedidoNFItem2";"Isentas de IPI";"en-US";"";"FieldLabel";"C:\Projetos\Atlasweb\Removidos\FatPedidoNFItem2.dfm"
"cTotalIsentasIPI.UniPanel7.UniTabSheet3.UniPageControl1.fFatPedidoNFItem2";"Total";"en-US";"";"FieldLabel";"C:\Projetos\Atlasweb\Removidos\FatPedidoNFItem2.dfm"
"UniDBFormattedNumberEdit33.UniPanel7.UniTabSheet3.UniPageControl1.fFatPedidoNFItem2";"% IPI Devolução";"en-US";"";"FieldLabel";"C:\Projetos\Atlasweb\Removidos\FatPedidoNFItem2.dfm"
"UniFormattedNumberEdit2.UniPanel7.UniTabSheet3.UniPageControl1.fFatPedidoNFItem2";"Total";"en-US";"";"FieldLabel";"C:\Projetos\Atlasweb\Removidos\FatPedidoNFItem2.dfm"
"UniDBFormattedNumberEdit34.UniPanel7.UniTabSheet3.UniPageControl1.fFatPedidoNFItem2";"% Devol";"en-US";"";"FieldLabel";"C:\Projetos\Atlasweb\Removidos\FatPedidoNFItem2.dfm"
"UniPanel8.UniTabSheet3.UniPageControl1.fFatPedidoNFItem2";"Imposto de Importação - II";"en-US";"";"Title";"C:\Projetos\Atlasweb\Removidos\FatPedidoNFItem2.dfm"
"cTotalII.UniPanel8.UniTabSheet3.UniPageControl1.fFatPedidoNFItem2";"Total";"en-US";"";"FieldLabel";"C:\Projetos\Atlasweb\Removidos\FatPedidoNFItem2.dfm"
"cValor_II.UniPanel8.UniTabSheet3.UniPageControl1.fFatPedidoNFItem2";"Valor";"en-US";"";"FieldLabel";"C:\Projetos\Atlasweb\Removidos\FatPedidoNFItem2.dfm"
"cAliquota_II.UniPanel8.UniTabSheet3.UniPageControl1.fFatPedidoNFItem2";"Alíquota";"en-US";"";"FieldLabel";"C:\Projetos\Atlasweb\Removidos\FatPedidoNFItem2.dfm"
"UniDBFormattedNumberEdit24.UniPanel8.UniTabSheet3.UniPageControl1.fFatPedidoNFItem2";"BC II";"en-US";"";"FieldLabel";"C:\Projetos\Atlasweb\Removidos\FatPedidoNFItem2.dfm"
"UniPanel9.UniTabSheet3.UniPageControl1.fFatPedidoNFItem2";"Contribuição para o Financiamento da Seguridade Social - COFINS";"en-US";"";"Title";"C:\Projetos\Atlasweb\Removidos\FatPedidoNFItem2.dfm"
"UniDBFormattedNumberEdit25.UniPanel9.UniTabSheet3.UniPageControl1.fFatPedidoNFItem2";"BC COFINS";"en-US";"";"FieldLabel";"C:\Projetos\Atlasweb\Removidos\FatPedidoNFItem2.dfm"
"cTotalCOFINS.UniPanel9.UniTabSheet3.UniPageControl1.fFatPedidoNFItem2";"Total";"en-US";"";"FieldLabel";"C:\Projetos\Atlasweb\Removidos\FatPedidoNFItem2.dfm"
"UniDBFormattedNumberEdit26.UniPanel9.UniTabSheet3.UniPageControl1.fFatPedidoNFItem2";"Valor";"en-US";"";"FieldLabel";"C:\Projetos\Atlasweb\Removidos\FatPedidoNFItem2.dfm"
"UniDBFormattedNumberEdit27.UniPanel9.UniTabSheet3.UniPageControl1.fFatPedidoNFItem2";"Alíquota";"en-US";"";"FieldLabel";"C:\Projetos\Atlasweb\Removidos\FatPedidoNFItem2.dfm"
"UniDBLookupComboBox7.UniPanel9.UniTabSheet3.UniPageControl1.fFatPedidoNFItem2";"CST COFINS";"en-US";"";"FieldLabel";"C:\Projetos\Atlasweb\Removidos\FatPedidoNFItem2.dfm"
"UniDBFormattedNumberEdit9.UniPanel9.UniTabSheet3.UniPageControl1.fFatPedidoNFItem2";"COFINS ST";"en-US";"";"FieldLabel";"C:\Projetos\Atlasweb\Removidos\FatPedidoNFItem2.dfm"
"cTotalCOFINSST.UniPanel9.UniTabSheet3.UniPageControl1.fFatPedidoNFItem2";"Total";"en-US";"";"FieldLabel";"C:\Projetos\Atlasweb\Removidos\FatPedidoNFItem2.dfm"
"UniPanel11.UniTabSheet3.UniPageControl1.fFatPedidoNFItem2";"Outros Valores / Rateios";"en-US";"";"Title";"C:\Projetos\Atlasweb\Removidos\FatPedidoNFItem2.dfm"
"UniDBFormattedNumberEdit40.UniPanel11.UniTabSheet3.UniPageControl1.fFatPedidoNFItem2";"Seguro";"en-US";"";"FieldLabel";"C:\Projetos\Atlasweb\Removidos\FatPedidoNFItem2.dfm"
"UniDBFormattedNumberEdit38.UniPanel11.UniTabSheet3.UniPageControl1.fFatPedidoNFItem2";"Frete";"en-US";"";"FieldLabel";"C:\Projetos\Atlasweb\Removidos\FatPedidoNFItem2.dfm"
"UniDBFormattedNumberEdit39.UniPanel11.UniTabSheet3.UniPageControl1.fFatPedidoNFItem2";"Despesas";"en-US";"";"FieldLabel";"C:\Projetos\Atlasweb\Removidos\FatPedidoNFItem2.dfm"
"cTotalFrete.UniPanel11.UniTabSheet3.UniPageControl1.fFatPedidoNFItem2";"Total";"en-US";"";"FieldLabel";"C:\Projetos\Atlasweb\Removidos\FatPedidoNFItem2.dfm"
"cTotalSeguro.UniPanel11.UniTabSheet3.UniPageControl1.fFatPedidoNFItem2";"Total";"en-US";"";"FieldLabel";"C:\Projetos\Atlasweb\Removidos\FatPedidoNFItem2.dfm"
"cTotalDespesa.UniPanel11.UniTabSheet3.UniPageControl1.fFatPedidoNFItem2";"Total";"en-US";"";"FieldLabel";"C:\Projetos\Atlasweb\Removidos\FatPedidoNFItem2.dfm"
"UniPanel12.UniTabSheet3.UniPageControl1.fFatPedidoNFItem2";"Reforma Tributária - IS / CBS / IBS";"en-US";"";"Title";"C:\Projetos\Atlasweb\Removidos\FatPedidoNFItem2.dfm"
"UniDBLookupComboBox1.UniPanel12.UniTabSheet3.UniPageControl1.fFatPedidoNFItem2";"CST CBS";"en-US";"";"FieldLabel";"C:\Projetos\Atlasweb\Removidos\FatPedidoNFItem2.dfm"
"cTotalCBS.UniPanel12.UniTabSheet3.UniPageControl1.fFatPedidoNFItem2";"Total";"en-US";"";"FieldLabel";"C:\Projetos\Atlasweb\Removidos\FatPedidoNFItem2.dfm"
"UniDBFormattedNumberEdit41.UniPanel12.UniTabSheet3.UniPageControl1.fFatPedidoNFItem2";"Valor";"en-US";"";"FieldLabel";"C:\Projetos\Atlasweb\Removidos\FatPedidoNFItem2.dfm"
"UniDBFormattedNumberEdit42.UniPanel12.UniTabSheet3.UniPageControl1.fFatPedidoNFItem2";"BC CBS";"en-US";"";"FieldLabel";"C:\Projetos\Atlasweb\Removidos\FatPedidoNFItem2.dfm"
"UniDBFormattedNumberEdit43.UniPanel12.UniTabSheet3.UniPageControl1.fFatPedidoNFItem2";"Alíquota";"en-US";"";"FieldLabel";"C:\Projetos\Atlasweb\Removidos\FatPedidoNFItem2.dfm"
"UniDBLookupComboBox9.UniPanel12.UniTabSheet3.UniPageControl1.fFatPedidoNFItem2";"CST IBS";"en-US";"";"FieldLabel";"C:\Projetos\Atlasweb\Removidos\FatPedidoNFItem2.dfm"
"cTotalIBS.UniPanel12.UniTabSheet3.UniPageControl1.fFatPedidoNFItem2";"Total";"en-US";"";"FieldLabel";"C:\Projetos\Atlasweb\Removidos\FatPedidoNFItem2.dfm"
"UniDBFormattedNumberEdit44.UniPanel12.UniTabSheet3.UniPageControl1.fFatPedidoNFItem2";"Valor";"en-US";"";"FieldLabel";"C:\Projetos\Atlasweb\Removidos\FatPedidoNFItem2.dfm"
"UniDBFormattedNumberEdit45.UniPanel12.UniTabSheet3.UniPageControl1.fFatPedidoNFItem2";"BC IBS";"en-US";"";"FieldLabel";"C:\Projetos\Atlasweb\Removidos\FatPedidoNFItem2.dfm"
"UniDBFormattedNumberEdit46.UniPanel12.UniTabSheet3.UniPageControl1.fFatPedidoNFItem2";"Alíquota";"en-US";"";"FieldLabel";"C:\Projetos\Atlasweb\Removidos\FatPedidoNFItem2.dfm"
"UniDBFormattedNumberEdit47.UniPanel12.UniTabSheet3.UniPageControl1.fFatPedidoNFItem2";"Alíquota";"en-US";"";"FieldLabel";"C:\Projetos\Atlasweb\Removidos\FatPedidoNFItem2.dfm"
"UniDBFormattedNumberEdit48.UniPanel12.UniTabSheet3.UniPageControl1.fFatPedidoNFItem2";"BC IS";"en-US";"";"FieldLabel";"C:\Projetos\Atlasweb\Removidos\FatPedidoNFItem2.dfm"
"UniDBFormattedNumberEdit49.UniPanel12.UniTabSheet3.UniPageControl1.fFatPedidoNFItem2";"Valor";"en-US";"";"FieldLabel";"C:\Projetos\Atlasweb\Removidos\FatPedidoNFItem2.dfm"
"cTotalIS.UniPanel12.UniTabSheet3.UniPageControl1.fFatPedidoNFItem2";"Total";"en-US";"";"FieldLabel";"C:\Projetos\Atlasweb\Removidos\FatPedidoNFItem2.dfm"
"UniPanel13.UniTabSheet3.UniPageControl1.fFatPedidoNFItem2";"Produto";"en-US";"";"Title";"C:\Projetos\Atlasweb\Removidos\FatPedidoNFItem2.dfm"
"UniDBFormattedNumberEdit16.UniPanel13.UniTabSheet3.UniPageControl1.fFatPedidoNFItem2";"Quantidade";"en-US";"";"FieldLabel";"C:\Projetos\Atlasweb\Removidos\FatPedidoNFItem2.dfm"
"UniDBFormattedNumberEdit17.UniPanel13.UniTabSheet3.UniPageControl1.fFatPedidoNFItem2";"% Desconto";"en-US";"";"FieldLabel";"C:\Projetos\Atlasweb\Removidos\FatPedidoNFItem2.dfm"
"UniDBFormattedNumberEdit18.UniPanel13.UniTabSheet3.UniPageControl1.fFatPedidoNFItem2";"Valor Desconto";"en-US";"";"FieldLabel";"C:\Projetos\Atlasweb\Removidos\FatPedidoNFItem2.dfm"
"UniDBLookupComboBox4.UniPanel13.UniTabSheet3.UniPageControl1.fFatPedidoNFItem2";"Produto";"en-US";"";"FieldLabel";"C:\Projetos\Atlasweb\Removidos\FatPedidoNFItem2.dfm"
"UniDBLookupComboBox5.UniPanel13.UniTabSheet3.UniPageControl1.fFatPedidoNFItem2";"CFOP";"en-US";"";"FieldLabel";"C:\Projetos\Atlasweb\Removidos\FatPedidoNFItem2.dfm"
"UniDBLookupComboBox6.UniPanel13.UniTabSheet3.UniPageControl1.fFatPedidoNFItem2";"Processo";"en-US";"";"FieldLabel";"C:\Projetos\Atlasweb\Removidos\FatPedidoNFItem2.dfm"
"UniDBEdit1.UniPanel13.UniTabSheet3.UniPageControl1.fFatPedidoNFItem2";"Pedido Compra";"en-US";"";"FieldLabel";"C:\Projetos\Atlasweb\Removidos\FatPedidoNFItem2.dfm"
"UniDBEdit2.UniPanel13.UniTabSheet3.UniPageControl1.fFatPedidoNFItem2";"Ordem";"en-US";"";"FieldLabel";"C:\Projetos\Atlasweb\Removidos\FatPedidoNFItem2.dfm"
"UniFormattedNumberEdit1.UniPanel13.UniTabSheet3.UniPageControl1.fFatPedidoNFItem2";"Total Líquido";"en-US";"";"FieldLabel";"C:\Projetos\Atlasweb\Removidos\FatPedidoNFItem2.dfm"
"UniDBFormattedNumberEdit19.UniPanel13.UniTabSheet3.UniPageControl1.fFatPedidoNFItem2";"Valor Unitário";"en-US";"";"FieldLabel";"C:\Projetos\Atlasweb\Removidos\FatPedidoNFItem2.dfm"
"UniDBEdit3.UniPanel13.UniTabSheet3.UniPageControl1.fFatPedidoNFItem2";"Nº DUIMP";"en-US";"";"FieldLabel";"C:\Projetos\Atlasweb\Removidos\FatPedidoNFItem2.dfm"
"UniDBEdit4.UniPanel13.UniTabSheet3.UniPageControl1.fFatPedidoNFItem2";"NCM";"en-US";"";"FieldLabel";"C:\Projetos\Atlasweb\Removidos\FatPedidoNFItem2.dfm"
"UniDBEdit5.UniPanel13.UniTabSheet3.UniPageControl1.fFatPedidoNFItem2";"Unidade Medida";"en-US";"";"FieldLabel";"C:\Projetos\Atlasweb\Removidos\FatPedidoNFItem2.dfm"
"UniDBFormattedNumberEdit20.UniPanel13.UniTabSheet3.UniPageControl1.fFatPedidoNFItem2";"% Desconto";"en-US";"";"FieldLabel";"C:\Projetos\Atlasweb\Removidos\FatPedidoNFItem2.dfm"
"UniDBFormattedNumberEdit21.UniPanel13.UniTabSheet3.UniPageControl1.fFatPedidoNFItem2";"Valor Desconto";"en-US";"";"FieldLabel";"C:\Projetos\Atlasweb\Removidos\FatPedidoNFItem2.dfm"
"bLoteDet.UniPanel13.UniTabSheet3.UniPageControl1.fFatPedidoNFItem2";"Lote/Detalhe";"en-US";"";"Caption";"C:\Projetos\Atlasweb\Removidos\FatPedidoNFItem2.dfm"
"bSerCha.UniPanel13.UniTabSheet3.UniPageControl1.fFatPedidoNFItem2";"Serial/Chassi";"en-US";"";"Caption";"C:\Projetos\Atlasweb\Removidos\FatPedidoNFItem2.dfm"
"UniDBEdit6.UniPanel13.UniTabSheet3.UniPageControl1.fFatPedidoNFItem2";"Nota Referência";"en-US";"";"FieldLabel";"C:\Projetos\Atlasweb\Removidos\FatPedidoNFItem2.dfm"
"UniDBDateTimePicker1.UniPanel13.UniTabSheet3.UniPageControl1.fFatPedidoNFItem2";"Data";"en-US";"";"FieldLabel";"C:\Projetos\Atlasweb\Removidos\FatPedidoNFItem2.dfm"
"UniDBFormattedNumberEdit5.UniPanel13.UniTabSheet3.UniPageControl1.fFatPedidoNFItem2";"Peso Líquido";"en-US";"";"FieldLabel";"C:\Projetos\Atlasweb\Removidos\FatPedidoNFItem2.dfm"
"UniDBFormattedNumberEdit6.UniPanel13.UniTabSheet3.UniPageControl1.fFatPedidoNFItem2";"Peso Bruto";"en-US";"";"FieldLabel";"C:\Projetos\Atlasweb\Removidos\FatPedidoNFItem2.dfm"
"UniFormattedNumberEdit3.UniPanel2.UniPanel13.UniTabSheet3.UniPageControl1.fFatPedidoNFItem2";"Estoque Minímo";"en-US";"";"FieldLabel";"C:\Projetos\Atlasweb\Removidos\FatPedidoNFItem2.dfm"
"UniFormattedNumberEdit4.UniPanel2.UniPanel13.UniTabSheet3.UniPageControl1.fFatPedidoNFItem2";"Estoque Atual";"en-US";"";"FieldLabel";"C:\Projetos\Atlasweb\Removidos\FatPedidoNFItem2.dfm"
"UniFormattedNumberEdit5.UniPanel2.UniPanel13.UniTabSheet3.UniPageControl1.fFatPedidoNFItem2";"Inventário Atual";"en-US";"";"FieldLabel";"C:\Projetos\Atlasweb\Removidos\FatPedidoNFItem2.dfm"
"UniFormattedNumberEdit11.UniPanel2.UniPanel13.UniTabSheet3.UniPageControl1.fFatPedidoNFItem2";"Detalhe/Lote";"en-US";"";"FieldLabel";"C:\Projetos\Atlasweb\Removidos\FatPedidoNFItem2.dfm"
"UniFormattedNumberEdit12.UniPanel2.UniPanel13.UniTabSheet3.UniPageControl1.fFatPedidoNFItem2";"Estoque Navio";"en-US";"";"FieldLabel";"C:\Projetos\Atlasweb\Removidos\FatPedidoNFItem2.dfm"
"UniTabSheet2.UniPageControl1.fFatPedidoNFItem2";"Fórmulas";"en-US";"";"Caption";"C:\Projetos\Atlasweb\Removidos\FatPedidoNFItem2.dfm"
"UniTabSheet1";"Item - Teste com Grid";"en-US";"";"Caption";"C:\Projetos\Atlasweb\Removidos\FatPedidoNFItem2.dfm"
"cQtde.UniTabSheet1";"Quantidade";"en-US";"";"FieldLabel";"C:\Projetos\Atlasweb\Removidos\FatPedidoNFItem2.dfm"
"cPercentual_Desconto.UniTabSheet1";"% Desconto";"en-US";"";"FieldLabel";"C:\Projetos\Atlasweb\Removidos\FatPedidoNFItem2.dfm"
"cValor_Desconto.UniTabSheet1";"Valor Desconto";"en-US";"";"FieldLabel";"C:\Projetos\Atlasweb\Removidos\FatPedidoNFItem2.dfm"
"cProduto.UniTabSheet1";"Produto";"en-US";"";"FieldLabel";"C:\Projetos\Atlasweb\Removidos\FatPedidoNFItem2.dfm"
"cCFOP.UniTabSheet1";"CFOP";"en-US";"";"FieldLabel";"C:\Projetos\Atlasweb\Removidos\FatPedidoNFItem2.dfm"
"cProcesso.UniTabSheet1";"Processo";"en-US";"";"FieldLabel";"C:\Projetos\Atlasweb\Removidos\FatPedidoNFItem2.dfm"
"cPO.UniTabSheet1";"Pedido Compra";"en-US";"";"FieldLabel";"C:\Projetos\Atlasweb\Removidos\FatPedidoNFItem2.dfm"
"cOrdem.UniTabSheet1";"Ordem";"en-US";"";"FieldLabel";"C:\Projetos\Atlasweb\Removidos\FatPedidoNFItem2.dfm"
"cValor_Total.UniTabSheet1";"Total";"en-US";"";"FieldLabel";"C:\Projetos\Atlasweb\Removidos\FatPedidoNFItem2.dfm"
"cValor_Unitario.UniTabSheet1";"Valor Unitário";"en-US";"";"FieldLabel";"C:\Projetos\Atlasweb\Removidos\FatPedidoNFItem2.dfm"
"UniFormattedNumberEdit6.UniPanel4";"Estoque Minímo";"en-US";"";"FieldLabel";"C:\Projetos\Atlasweb\Removidos\FatPedidoNFItem2.dfm"
"UniFormattedNumberEdit7.UniPanel4";"Estoque Atual";"en-US";"";"FieldLabel";"C:\Projetos\Atlasweb\Removidos\FatPedidoNFItem2.dfm"
"UniFormattedNumberEdit8.UniPanel4";"Inventário Atual";"en-US";"";"FieldLabel";"C:\Projetos\Atlasweb\Removidos\FatPedidoNFItem2.dfm"
"UniFormattedNumberEdit9.UniPanel4";"Detalhe/Lote";"en-US";"";"FieldLabel";"C:\Projetos\Atlasweb\Removidos\FatPedidoNFItem2.dfm"
"UniFormattedNumberEdit10.UniPanel4";"Estoque Navio";"en-US";"";"FieldLabel";"C:\Projetos\Atlasweb\Removidos\FatPedidoNFItem2.dfm"
"UniServerModule";"Cybersoft Atlas WEB";"en-US";"";"Title";"C:\Projetos\Atlasweb\ServerModule.dfm"
